SoundRight,53.32189897566767,1492997285390
SoundC,124.00902449347673,1492997287961
Present,85,1492997287964
SoundRight,52.80910849135951,1492997295392
MoveFocus,GoTour,1492997297058
SoundC,124.0841968783918,1492997297966
Present,74,1492997297969
SoundRight,53.16354124152095,1492997305392
SoundC,124.0466527286902,1492997307971
Present,82,1492997307974
SoundRight,53.58977290870118,1492997315390
SoundC,124.0466527286902,1492997317982
Present,73,1492997317985
UserPresence,present,1492997318350
SoundRight,54.29923320732277,1492997325390
SoundC,124.0466527286902,1492997327996
Present,68,1492997327999
SoundRight,56.79939628613496,1492997335392
SoundC,124.06543529073583,1492997338001
Present,60,1492997338004
SoundRight,59.56195781010192,1492997345392
Seat2A,true,1492997346565
TotalSeatCount,1,1492997346635
SoundC,124.0466527286902,1492997348006
Present,75,1492997348009
SoundRight,61.238967807526954,1492997355390
MoveFocus,GoTour,1492997357228
SoundC,124.0466527286902,1492997358011
Present,86,1492997358014
SoundRight,62.579657036092144,1492997365392
SoundC,124.06543529073583,1492997368017
Present,78,1492997368019
Seat4B,true,1492997368469
Seat3B,true,1492997368584
TotalSeatCount,3,1492997368619
Seat2A,false,1492997371525
TotalSeatCount,2,1492997371540
SoundRight,63.76547050578895,1492997375392
SoundC,124.0466527286902,1492997378022
Present,79,1492997378025
SoundRight,65.63859948474183,1492997385392
Seat6A,true,1492997385988
TotalSeatCount,3,1492997386028
SoundC,124.0466527286902,1492997388027
Present,126,1492997388030
Seat6A,false,1492997391081
TotalSeatCount,2,1492997391116
SoundRight,66.01277418912491,1492997395392
Seat2A,true,1492997396604
TotalSeatCount,3,1492997396654
SoundC,124.0841968783918,1492997398033
Present,73,1492997398035
Seat6A,true,1492997401171
TotalSeatCount,4,1492997401171
SoundRight,64.14681820759272,1492997405392
SoundC,124.06543529073583,1492997408038
Present,76,1492997408047
SoundRight,63.075360597693994,1492997415390
MoveFocus,GoTour,1492997417325
SoundC,124.02784914530605,1492997418051
Present,83,1492997418054
SoundRight,63.77237671123118,1492997425390
SoundC,124.06543529073583,1492997428055
Present,140,1492997428058
SoundRight,63.39202107607826,1492997435390
SoundC,124.0466527286902,1492997438060
Present,58,1492997438063
SoundRight,61.14551036585921,1492997445390
SoundC,124.0466527286902,1492997448065
Present,78,1492997448068
SoundRight,60.15967135882525,1492997455392
SoundC,124.02784914530605,1492997458070
Present,78,1492997458073
SoundRight,60.80358738825523,1492997465392
SoundC,124.06543529073583,1492997468084
Present,72,1492997468087
SoundRight,61.027866838970354,1492997475391
MoveFocus,GoTour,1492997477452
SoundC,124.0466527286902,1492997478095
Present,84,1492997478098
SoundRight,59.389214266756916,1492997485392
SoundC,124.06543529073583,1492997488109
Present,77,1492997488112
SoundRight,58.98445982508476,1492997495392
SoundC,124.02784914530605,1492997498114
Present,83,1492997498117
SoundRight,59.157619627287836,1492997505390
SoundC,124.02784914530605,1492997508120
Present,77,1492997508122
Seat2B,true,1492997511014
TotalSeatCount,5,1492997511034
SoundRight,58.34467903890057,1492997515392
SoundC,124.06543529073583,1492997518125
Present,79,1492997518128
Seat2B,false,1492997521145
TotalSeatCount,4,1492997521210
SoundRight,57.29921474734284,1492997525392
SoundC,124.0466527286902,1492997528130
Present,115,1492997528133
SoundRight,57.23377064284361,1492997535390
MoveFocus,GoTour,1492997537564
SoundC,124.06543529073583,1492997538135
Present,58,1492997538138
Seat3B,false,1492997538984
TotalSeatCount,3,1492997539054
SoundRight,57.373854622688,1492997545390
SoundC,124.0466527286902,1492997548140
Present,81,1492997548143
SoundRight,57.10385242098719,1492997555390
SoundC,124.0466527286902,1492997558145
Present,71,1492997558154
SoundRight,57.39315411952878,1492997565390
SoundC,124.0466527286902,1492997568159
Present,81,1492997568161
Seat3B,true,1492997573929
TotalSeatCount,4,1492997573969
SoundRight,58.24532601292224,1492997575392
SoundC,124.0466527286902,1492997578164
Present,133,1492997578167
SoundRight,59.53243107214124,1492997585390
SoundC,124.02784914530605,1492997588169
Present,127,1492997588172
SoundRight,59.603901453421166,1492997595390
MoveFocus,GoTour,1492997597707
SoundC,124.02784914530605,1492997598174
Present,66,1492997598177
SoundRight,59.731104396491254,1492997605390
SoundC,124.02784914530605,1492997608180
Present,83,1492997608183
SoundRight,59.96488567924242,1492997615390
SoundC,124.0841968783918,1492997618185
Present,78,1492997618188
SoundRight,59.684599540143374,1492997625390
SoundC,124.06543529073583,1492997628190
Present,79,1492997628193
SoundRight,59.38886125741779,1492997635390
SoundC,124.02784914530605,1492997638196
Present,87,1492997638198
SoundRight,59.893931467933044,1492997645392
SoundC,124.06543529073583,1492997648201
Present,76,1492997648204
SoundRight,60.45371180283816,1492997655392
MoveFocus,GoTour,1492997657839
SoundC,124.0466527286902,1492997658206
Present,76,1492997658209
SoundRight,60.45136088359193,1492997665390
SoundC,124.0466527286902,1492997668212
Present,80,1492997668214
SoundRight,60.42759438430027,1492997675390
SoundC,124.0466527286902,1492997678225
Present,73,1492997678228
SoundRight,60.85008794445355,1492997685392
SoundC,124.0466527286902,1492997688230
Present,70,1492997688233
SoundRight,60.324455477500166,1492997695390
SoundC,124.02784914530605,1492997698235
Present,79,1492997698238
SoundRight,59.04715877213542,1492997705390
SoundC,124.0466527286902,1492997708250
Present,70,1492997708252
SoundRight,58.76446206231399,1492997715392
MoveFocus,GoTour,1492997718001
SoundC,124.0466527286902,1492997718255
Present,76,1492997718257
SoundRight,58.4521787352585,1492997725390
SoundC,124.06543529073583,1492997728260
Present,77,1492997728263
SoundRight,58.70423694048701,1492997735390
SoundC,124.06543529073583,1492997738265
Present,78,1492997738268
SoundRight,59.623192855845716,1492997745390
SoundC,124.06543529073583,1492997748270
Present,79,1492997748273
SoundRight,59.05527470443353,1492997755390
SoundC,124.0466527286902,1492997758275
Present,79,1492997758278
SoundRight,58.674665149144936,1492997765390
SoundC,124.0466527286902,1492997768281
Present,76,1492997768291
SoundRight,57.36029306578629,1492997775390
MoveFocus,GoTour,1492997778158
SoundC,124.0466527286902,1492997778294
Present,81,1492997778297
SoundRight,58.186523301143964,1492997785390
SoundC,124.06543529073583,1492997788299
Present,84,1492997788302
SoundRight,57.82397600202628,1492997795390
SoundC,124.06543529073583,1492997798304
Present,79,1492997798307
SoundRight,56.86993510659815,1492997805390
SoundC,124.0466527286902,1492997808310
Present,80,1492997808312
SoundRight,57.206943273433325,1492997815390
SoundC,124.0466527286902,1492997818315
Present,84,1492997818318
SoundRight,58.80603491578272,1492997825390
SoundC,124.06543529073583,1492997828320
Present,109,1492997828323
SoundRight,61.88672238819218,1492997835392
MoveFocus,GoTour,1492997838304
SoundC,124.0466527286902,1492997838334
Present,79,1492997838337
SoundRight,63.49440838965356,1492997845390
SoundC,124.06543529073583,1492997848339
Present,182,1492997848342
SoundRight,64.91299034314758,1492997855390
SoundC,124.0466527286902,1492997858344
Present,159,1492997858347
SoundRight,65.53462879162984,1492997865390
SoundC,124.0466527286902,1492997868349
Present,178,1492997868360
ProjectorPower,On,1492997870727
SoundRight,67.22455638708543,1492997875390
SoundC,124.0466527286902,1492997878363
Present,178,1492997878366
SoundRight,66.5130386105161,1492997885390
SoundC,124.0466527286902,1492997888368
Present,178,1492997888371
SoundRight,64.18282869209314,1492997895390
SoundC,124.0841968783918,1492997898373
Present,189,1492997898376
MoveFocus,GoTour,1492997898501
SoundRight,62.99449748351098,1492997905390
SoundC,124.06543529073583,1492997908379
Present,181,1492997908381
SoundRight,62.203134023507026,1492997915390
SoundC,124.02784914530605,1492997918390
Present,139,1492997918393
SoundRight,61.194223696860234,1492997925390
SoundC,124.0466527286902,1492997928395
Present,164,1492997928399
SoundRight,58.90940596518472,1492997935390
SoundC,124.06543529073583,1492997938402
Present,171,1492997938405
SoundRight,58.458759918223286,1492997945390
SoundC,124.06543529073583,1492997948413
Present,180,1492997948416
SoundRight,58.51353300339804,1492997955390
SoundC,124.0466527286902,1492997958419
Present,186,1492997958422
MoveFocus,GoTour,1492997958606
SoundRight,57.51972195257604,1492997965390
SoundC,124.0841968783918,1492997968424
Present,187,1492997968427
SoundRight,56.820955573673174,1492997975392
SoundC,124.0841968783918,1492997978429
Present,163,1492997978432
SoundRight,57.13605032916003,1492997985392
SoundC,124.06543529073583,1492997988434
Present,183,1492997988437
SoundRight,58.338126106092545,1492997995392
SoundC,124.02784914530605,1492997998440
Present,187,1492997998443
SoundRight,58.561100212806494,1492998005392
SoundC,124.02784914530605,1492998008453
Present,181,1492998008456
SoundRight,59.01152553782115,1492998015392
SoundC,124.0466527286902,1492998018459
Present,197,1492998018462
MoveFocus,GoTour,1492998018703
SoundRight,59.72547920296822,1492998025392
SoundC,124.0841968783918,1492998028464
Present,98,1492998028467
SoundRight,59.91879468992648,1492998035392
SoundC,124.06543529073583,1492998038469
Present,191,1492998038472
SoundRight,60.289632371040575,1492998045390
SoundC,124.0841968783918,1492998048474
Present,146,1492998048477
SoundRight,59.714706757469315,1492998055390
SoundC,124.0466527286902,1492998058480
Present,113,1492998058482
SoundRight,60.48568266102097,1492998065392
SoundC,124.0466527286902,1492998068485
Present,192,1492998068488
SoundRight,60.61205352459896,1492998075392
SoundC,124.0841968783918,1492998078490
Present,180,1492998078493
MoveFocus,GoTour,1492998078870
SoundRight,60.13183262782641,1492998085392
SoundC,124.0466527286902,1492998088495
Present,109,1492998088498
SoundRight,60.01205018622996,1492998095392
SoundC,124.0466527286902,1492998098500
Present,162,1492998098503
SoundRight,60.22686961724528,1492998105390
SoundC,124.06543529073583,1492998108505
Present,159,1492998108508
SoundRight,61.47436214501436,1492998115390
SoundC,124.0466527286902,1492998118511
Present,157,1492998118513
SoundRight,61.43499699309314,1492998125390
SoundC,124.06543529073583,1492998128516
Present,158,1492998128519
SoundRight,62.31522101551593,1492998135390
SoundC,124.02784914530605,1492998138529
Present,166,1492998138532
MoveFocus,GoTour,1492998138972
SoundRight,63.57095830681994,1492998145390
SoundC,124.0466527286902,1492998148534
Present,168,1492998148537
SoundRight,65.04471914109371,1492998155392
SoundC,124.06543529073583,1492998158539
Present,164,1492998158542
SoundRight,65.32837133073667,1492998165392
SoundC,124.06543529073583,1492998168545
Present,113,1492998168547
SoundRight,65.27134234469321,1492998175392
SoundC,124.0466527286902,1492998178549
Present,125,1492998178552
SoundRight,66.47600343031564,1492998185392
SoundC,124.0466527286902,1492998188555
Present,152,1492998188558
SoundRight,66.32081821737529,1492998195392
SoundC,124.06543529073583,1492998198560
Present,95,1492998198563
MoveFocus,GoTour,1492998199084
SoundRight,66.69031986098587,1492998205390
SoundC,124.06543529073583,1492998208565
Present,174,1492998208568
SoundRight,66.6582487182262,1492998215390
SoundC,124.06543529073583,1492998218571
Present,172,1492998218573
SoundRight,67.24794335042847,1492998225390
SoundC,124.06543529073583,1492998228576
Present,168,1492998228579
SoundRight,68.05438451662107,1492998235390
SoundC,124.0466527286902,1492998238582
Present,102,1492998238584
SoundRight,69.0406400146836,1492998245390
SoundC,124.06543529073583,1492998248587
Present,98,1492998248590
SoundRight,68.87234480985622,1492998255390
SoundC,124.10293753844982,1492998258592
Present,170,1492998258595
MoveFocus,GoTour,1492998259181
SoundRight,69.3616444619947,1492998265390
SoundC,124.06543529073583,1492998268605
Present,101,1492998268608
SoundRight,69.99563911546997,1492998275390
SoundC,124.0466527286902,1492998278610
Present,154,1492998278613
SoundRight,70.78245927410852,1492998285390
SoundC,124.0466527286902,1492998288616
Present,148,1492998288619
SoundRight,70.95957795013284,1492998295390
SoundC,124.06543529073583,1492998298621
Present,156,1492998298632
SoundRight,69.82114776625585,1492998305390
SoundC,124.06543529073583,1492998308634
Present,184,1492998308637
SoundRight,69.86784710167362,1492998315390
SoundC,124.0466527286902,1492998318639
Present,173,1492998318642
MoveFocus,GoTour,1492998319318
SoundRight,69.23491032786507,1492998325390
SoundC,124.06543529073583,1492998328657
Present,168,1492998328660
SoundRight,68.99448927049887,1492998335390
SoundC,124.0841968783918,1492998338662
Present,168,1492998338665
SoundRight,68.16678065523345,1492998345390
SoundC,124.0466527286902,1492998348667
Present,176,1492998348670
SoundRight,68.06590965932405,1492998355390
SoundC,124.0466527286902,1492998358673
Present,100,1492998358676
SoundRight,67.65349638302378,1492998365390
SoundC,124.0466527286902,1492998368678
Present,174,1492998368681
SoundRight,66.75476787136466,1492998375390
SoundC,124.06543529073583,1492998378683
Present,173,1492998378686
MoveFocus,GoTour,1492998379445
SoundRight,65.66681807027636,1492998385390
SoundC,124.02784914530605,1492998388689
Present,104,1492998388692
SoundRight,64.62913647650474,1492998395392
SoundC,124.06543529073583,1492998398702
Present,154,1492998398705
SoundRight,63.44879161302637,1492998405390
SoundC,124.02784914530605,1492998408708
Present,179,1492998408710
SoundRight,62.0659508909477,1492998415390
SoundC,124.0841968783918,1492998418713
Present,182,1492998418716
SoundRight,61.90556226454974,1492998425390
SoundC,124.06543529073583,1492998428718
Present,172,1492998428721
SoundRight,61.30771214748559,1492998435392
SoundC,124.0841968783918,1492998438723
Present,167,1492998438726
MoveFocus,GoTour,1492998439561
SoundRight,61.66458844878538,1492998445390
SoundC,124.06543529073583,1492998448728
Present,180,1492998448731
SoundRight,61.584365849776326,1492998455390
SoundC,124.02784914530605,1492998458734
Present,155,1492998458742
SoundRight,62.35057806243505,1492998465390
SoundC,124.06543529073583,1492998468754
Present,174,1492998468757
SoundRight,62.14894601148083,1492998475392
SoundC,124.0466527286902,1492998478768
Present,169,1492998478771
SoundRight,61.82306449483648,1492998485392
SoundC,124.06543529073583,1492998488773
Present,159,1492998488776
SoundRight,62.2702956207748,1492998495390
SoundC,124.0466527286902,1492998498795
Present,145,1492998498804
MoveFocus,GoTour,1492998499728
SoundRight,62.576549804659,1492998505390
SoundC,124.0466527286902,1492998508808
Present,160,1492998508811
SoundRight,63.374949053281185,1492998515390
SoundC,124.0841968783918,1492998518814
Present,136,1492998518817
SoundRight,63.87796064871779,1492998525390
SoundC,124.06543529073583,1492998528819
Present,149,1492998528822
SoundRight,64.99374991543235,1492998535390
SoundC,124.0466527286902,1492998538824
Present,115,1492998538827
SoundRight,66.5605910837771,1492998545390
SoundC,124.0466527286902,1492998548829
Present,129,1492998548832
SoundRight,68.16931589805073,1492998555392
SoundC,124.0466527286902,1492998558835
Present,129,1492998558838
MoveFocus,GoTour,1492998559885
Seat2B,true,1492998564258
TotalSeatCount,5,1492998564328
SoundRight,68.25675294633778,1492998565392
SoundC,124.0841968783918,1492998568840
Present,122,1492998568843
Seat2B,false,1492998569320
TotalSeatCount,4,1492998569350
SoundRight,67.81838636215818,1492998575392
SoundC,124.0466527286902,1492998578845
Present,135,1492998578848
SoundRight,67.51289376978006,1492998585392
SoundC,124.10293753844982,1492998588851
Present,125,1492998588853
SoundRight,68.0131140079016,1492998595392
SoundC,124.0466527286902,1492998598856
Present,119,1492998598859
SoundRight,67.48573133098822,1492998605390
SoundC,124.0466527286902,1492998608861
Present,114,1492998608864
SoundRight,66.79909049095811,1492998615390
SoundC,124.0466527286902,1492998618866
Present,163,1492998618869
MoveFocus,GoTour,1492998619977
SoundRight,66.8230460093741,1492998625392
SoundC,124.02784914530605,1492998628880
Present,145,1492998628882
SoundRight,66.1150581460325,1492998635392
SoundC,124.06543529073583,1492998638885
Present,147,1492998638888
SoundRight,65.46859233817528,1492998645392
SoundC,124.06543529073583,1492998648890
Present,120,1492998648893
SoundRight,63.98160092810721,1492998655390
SoundC,124.0466527286902,1492998658895
Present,171,1492998658898
SoundRight,63.21124475846501,1492998665392
SoundC,124.02784914530605,1492998668900
Present,159,1492998668903
SoundRight,61.564348862968295,1492998675390
SoundC,124.06543529073583,1492998678906
Present,159,1492998678909
MoveFocus,GoTour,1492998680094
SoundRight,60.71574036045731,1492998685392
SoundC,124.0466527286902,1492998688911
Present,160,1492998688914
SoundRight,61.4750469597046,1492998695392
SoundC,124.0466527286902,1492998698916
Present,155,1492998698919
SoundRight,61.75590119288591,1492998705390
SoundC,124.06543529073583,1492998708922
Present,173,1492998708926
SoundRight,61.623508910818366,1492998715392
SoundC,124.06543529073583,1492998718936
Present,172,1492998718939
SoundRight,61.51579642633736,1492998725392
SoundC,124.06543529073583,1492998728942
Present,110,1492998728953
SoundRight,61.479816790839784,1492998735390
SoundC,124.0466527286902,1492998738964
Present,78,1492998738967
MoveFocus,GoTour,1492998740206
SoundRight,60.76997884981218,1492998745390
SoundC,124.0841968783918,1492998748969
Present,139,1492998748979
SoundRight,59.203332352815806,1492998755390
SoundC,124.06543529073583,1492998758983
Present,225,1492998758986
SoundRight,57.88758382674154,1492998765390
SoundC,124.0466527286902,1492998768988
Present,189,1492998768991
SoundRight,58.221214602657504,1492998775392
SoundC,124.0466527286902,1492998778993
Present,107,1492998778997
SoundRight,58.559249333131206,1492998785390
SoundC,124.0466527286902,1492998788999
Present,144,1492998789002
SoundRight,59.039003861865304,1492998795390
SoundC,124.06543529073583,1492998799004
Present,149,1492998799007
MoveFocus,GoTour,1492998800323
SoundRight,59.65331558235526,1492998805392
SoundC,124.02784914530605,1492998809009
Present,146,1492998809012
SoundRight,59.99756273612204,1492998815392
SoundC,124.06543529073583,1492998819014
Present,210,1492998819017
SoundRight,61.27059132669457,1492998825392
SoundC,124.0466527286902,1492998829020
Present,209,1492998829023
SoundRight,61.17350808004074,1492998835390
SoundC,124.0841968783918,1492998839025
Present,189,1492998839028
SoundRight,61.69143201044933,1492998845390
SoundC,124.0466527286902,1492998849030
Present,185,1492998849033
SoundRight,62.3151586272074,1492998855390
SoundC,124.00902449347673,1492998859035
Present,192,1492998859039
MoveFocus,GoTour,1492998860495
SoundRight,62.64562140321122,1492998865390
SoundC,124.06543529073583,1492998869041
Present,186,1492998869044
SoundRight,63.052080110726834,1492998875392
SoundC,124.06543529073583,1492998879046
Present,186,1492998879049
SoundRight,62.91282779962979,1492998885392
SoundC,124.06543529073583,1492998889051
Present,225,1492998889054
SoundRight,63.032982040874046,1492998895392
SoundC,124.06543529073583,1492998899056
Present,225,1492998899068
SoundRight,62.345699303609884,1492998905392
SoundC,124.06543529073583,1492998909070
Present,169,1492998909073
SoundRight,62.2627411436082,1492998915392
SoundC,124.06543529073583,1492998919075
Present,174,1492998919078
MoveFocus,GoTour,1492998920622
SoundRight,61.4772118574715,1492998925392
SoundC,124.06543529073583,1492998929080
Present,180,1492998929083
SoundRight,61.76189765948971,1492998935392
SoundC,124.00902449347673,1492998939086
Present,181,1492998939088
SoundRight,61.410058397738304,1492998945392
SoundC,124.0466527286902,1492998949091
Present,183,1492998949094
SoundRight,60.89839953745286,1492998955392
SoundC,124.02784914530605,1492998959104
Present,181,1492998959107
SoundRight,61.0085923341343,1492998965392
SoundC,124.02784914530605,1492998969109
Present,183,1492998969112
SoundRight,60.58639973650814,1492998975390
SoundC,124.06543529073583,1492998979114
Present,184,1492998979117
MoveFocus,GoTour,1492998980759
SoundRight,60.74917311134136,1492998985392
SoundC,124.0841968783918,1492998989119
Present,182,1492998989122
SoundRight,60.6375891080004,1492998995390
SoundC,124.0466527286902,1492998999125
Present,180,1492998999128
SoundRight,61.69879184404038,1492999005390
SoundC,124.0841968783918,1492999009130
Present,180,1492999009133
SoundRight,62.10686972722506,1492999015390
SoundC,124.06543529073583,1492999019135
Present,179,1492999019138
SoundRight,62.61330906501065,1492999025390
SoundC,124.02784914530605,1492999029140
Present,182,1492999029143
SoundRight,64.2305145879001,1492999035390
SoundC,124.0466527286902,1492999039154
Present,182,1492999039157
MoveFocus,GoTour,1492999040861
SoundRight,65.04751319437858,1492999045390
SoundC,124.06543529073583,1492999049159
Present,186,1492999049162
SoundRight,64.61134779858236,1492999055390
SoundC,124.0466527286902,1492999059165
Present,181,1492999059167
SoundRight,64.14098661400944,1492999065390
SoundC,124.06543529073583,1492999069170
Present,181,1492999069173
SoundRight,64.22260425640624,1492999075390
SoundC,124.06543529073583,1492999079175
Present,183,1492999079178
SoundRight,64.23839140655036,1492999085390
SoundC,124.0466527286902,1492999089180
Present,183,1492999089183
SoundRight,63.08719610050925,1492999095390
SoundC,124.0466527286902,1492999099185
Present,173,1492999099188
MoveFocus,GoTour,1492999100988
SoundRight,62.63571242098329,1492999105390
SoundC,124.0841968783918,1492999109199
Present,179,1492999109202
SoundRight,62.27737703610806,1492999115390
SoundC,124.06543529073583,1492999119204
Present,185,1492999119207
SoundRight,61.50609777543254,1492999125390
SoundC,124.0466527286902,1492999129210
Present,109,1492999129213
SoundRight,61.57779570751109,1492999135390
SoundC,124.06543529073583,1492999139215
Present,210,1492999139218
SoundRight,60.55992528289632,1492999145390
SoundC,124.0466527286902,1492999149220
Present,212,1492999149223
SoundRight,60.13662830707075,1492999155390
SoundC,124.0466527286902,1492999159234
Present,162,1492999159237
MoveFocus,GoTour,1492999161115
SoundRight,60.21076973022567,1492999165390
SoundC,124.06543529073583,1492999169248
Present,165,1492999169251
SoundRight,60.831654565039905,1492999175390
SoundC,124.06543529073583,1492999179253
Present,175,1492999179256
SoundRight,61.29937633135591,1492999185392
SoundC,124.0466527286902,1492999189258
Present,174,1492999189261
SoundRight,61.30778496499173,1492999195390
SoundC,124.0466527286902,1492999199264
Present,179,1492999199272
SoundRight,61.50600069815812,1492999205390
SoundC,124.0466527286902,1492999209277
Present,123,1492999209279
SoundRight,62.613513349810205,1492999215392
SoundC,124.0466527286902,1492999219290
Present,130,1492999219293
MoveFocus,GoTour,1492999221239
SoundRight,62.691273691904044,1492999225390
SoundC,124.0466527286902,1492999229295
Present,169,1492999229298
SoundRight,62.26457499678468,1492999235392
SoundC,124.06543529073583,1492999239301
Present,169,1492999239303
SoundRight,62.67656749857997,1492999245390
SoundC,124.06543529073583,1492999249306
Present,170,1492999249309
SoundRight,62.252234985813175,1492999255390
SoundC,124.06543529073583,1492999259311
Present,109,1492999259314
SoundRight,61.08075810692061,1492999265392
SoundC,124.0466527286902,1492999269316
Present,186,1492999269319
SoundRight,60.57052881160474,1492999275392
SoundC,124.02784914530605,1492999279321
Present,180,1492999279324
MoveFocus,GoTour,1492999281357
SoundRight,59.65500632805005,1492999285392
SoundC,124.0466527286902,1492999289327
Present,154,1492999289329
SoundRight,59.96137408770472,1492999295390
SoundC,124.0466527286902,1492999299332
Present,224,1492999299334
SoundRight,59.615954634116925,1492999305392
SoundC,124.0466527286902,1492999309345
Present,197,1492999309348
SoundRight,59.607538372089586,1492999315390
SoundC,124.0841968783918,1492999319351
Present,138,1492999319353
SoundRight,60.412529142626504,1492999325392
SoundC,124.06543529073583,1492999329356
Present,214,1492999329359
SoundRight,60.39515890664864,1492999335392
SoundC,124.0466527286902,1492999339370
Present,194,1492999339373
MoveFocus,GoTour,1492999341464
SoundRight,61.04658256888336,1492999345392
SoundC,124.0466527286902,1492999349375
Present,121,1492999349378
SoundRight,61.11884119016204,1492999355390
SoundC,124.0466527286902,1492999359383
Present,226,1492999359386
SoundRight,60.81505596991594,1492999365392
SoundC,124.0841968783918,1492999369388
Present,107,1492999369391
Seat2B,true,1492999372511
TotalSeatCount,5,1492999372546
SoundRight,60.89948798536901,1492999375392
Seat2B,false,1492999377603
TotalSeatCount,4,1492999377633
SoundC,124.06543529073583,1492999379393
Present,201,1492999379396
SoundRight,61.727280763730846,1492999385392
SoundC,124.06543529073583,1492999389398
Present,205,1492999389401
SoundRight,62.19736967461704,1492999395392
SoundC,124.10293753844982,1492999399403
Present,114,1492999399407
MoveFocus,GoTour,1492999401596
SoundRight,61.605357796582176,1492999405392
SoundC,124.06543529073583,1492999409409
Present,145,1492999409412
SoundRight,62.02645452508302,1492999415391
SoundC,124.0841968783918,1492999419414
Present,152,1492999419417
SoundRight,61.877681122098736,1492999425392
SoundC,124.06543529073583,1492999429419
Present,158,1492999429422
SoundRight,61.79129923327812,1492999435392
SoundC,124.0466527286902,1492999439424
Present,167,1492999439427
SoundRight,60.32642371618737,1492999445392
SoundC,124.10293753844982,1492999449430
Present,167,1492999449433
SoundRight,59.70829438979779,1492999455392
SoundC,124.06543529073583,1492999459435
Present,171,1492999459438
MoveFocus,GoTour,1492999461693
SoundRight,59.58106135748866,1492999465390
SoundC,124.0466527286902,1492999469440
Present,176,1492999469443
SoundRight,60.1227138013941,1492999475392
SoundC,124.0466527286902,1492999479445
Present,219,1492999479448
SoundRight,61.7777197896726,1492999485390
SoundC,124.06543529073583,1492999489451
Present,217,1492999489454
SoundRight,61.77514370741402,1492999495392
Seat2B,true,1492999497382
TotalSeatCount,5,1492999497437
SoundC,124.0466527286902,1492999499456
Present,202,1492999499459
Seat2B,false,1492999502440
TotalSeatCount,4,1492999502480
SoundRight,62.92691375294957,1492999505390
SoundC,124.0466527286902,1492999509461
Present,217,1492999509464
SoundRight,62.51904601889522,1492999515392
SoundC,124.06543529073583,1492999519466
Present,219,1492999519469
MoveFocus,GoTour,1492999521820
SoundRight,62.53045642067759,1492999525391
SoundC,124.0466527286902,1492999529472
Present,219,1492999529474
SoundRight,61.74230523603979,1492999535392
SoundC,124.0841968783918,1492999539477
Present,217,1492999539480
SoundRight,61.24968436243737,1492999545392
SoundC,124.06543529073583,1492999549482
Present,217,1492999549485
SoundRight,61.41760962854507,1492999555390
SoundC,124.06543529073583,1492999559487
Present,185,1492999559490
SoundRight,60.96004687793704,1492999565392
SoundC,124.06543529073583,1492999569493
Present,133,1492999569496
SoundRight,61.2836966026603,1492999575392
SoundC,124.06543529073583,1492999579499
Present,214,1492999579502
MoveFocus,GoTour,1492999582008
SoundRight,61.88135742634934,1492999585392
SoundC,124.06543529073583,1492999589504
Present,215,1492999589507
SoundRight,61.896529617008056,1492999595392
SoundC,124.0466527286902,1492999599509
Present,204,1492999599512
SoundRight,61.1755898213374,1492999605392
SoundC,124.06543529073583,1492999609514
Present,168,1492999609517
SoundRight,61.63819312702698,1492999615392
SoundC,124.0466527286902,1492999619519
Present,138,1492999619522
SoundRight,61.1215012071569,1492999625392
SoundC,124.06543529073583,1492999629525
Present,172,1492999629528
SoundRight,61.407950825218364,1492999635392
Seat5A,false,1492999638433
TotalSeatCount,4,1492999638433
SoundC,124.06543529073583,1492999639530
Present,135,1492999639533
MoveFocus,GoTour,1492999642125
SoundRight,62.37844408989763,1492999645392
SoundC,124.06543529073583,1492999649535
Present,147,1492999649538
SoundRight,63.30004535877911,1492999655392
SoundC,124.0841968783918,1492999659540
Present,138,1492999659543
SoundRight,63.887977747722495,1492999665392
SoundC,124.06543529073583,1492999669546
Present,140,1492999669549
SoundRight,63.77923949362109,1492999675392
SoundC,124.0841968783918,1492999679551
Present,141,1492999679554
SoundRight,65.09893927872116,1492999685392
SoundC,124.0841968783918,1492999689562
Present,144,1492999689565
SoundRight,64.52684786639698,1492999695390
SoundC,124.06543529073583,1492999699567
Present,167,1492999699570
MoveFocus,GoTour,1492999702182
SoundRight,63.570060234930025,1492999705392
SoundC,124.06543529073583,1492999709572
Present,157,1492999709575
SoundRight,63.14442611662642,1492999715392
SoundC,124.06543529073583,1492999719578
Present,161,1492999719581
SoundRight,61.813590451210175,1492999725392
SoundC,124.0841968783918,1492999729583
Present,172,1492999729586
SoundRight,61.5271499510998,1492999735392
SoundC,124.06543529073583,1492999739588
Present,186,1492999739591
SoundRight,61.3770387976765,1492999745391
SoundC,124.06543529073583,1492999749593
Present,200,1492999749596
SoundRight,60.77691901868876,1492999755392
SoundC,124.0841968783918,1492999759599
Present,196,1492999759602
MoveFocus,GoTour,1492999762269
SoundRight,60.724702249352475,1492999765392
SoundC,124.06543529073583,1492999769604
Present,176,1492999769607
SoundRight,60.111927672922896,1492999775390
SoundC,124.06543529073583,1492999779609
Present,180,1492999779612
SoundRight,60.87310558717488,1492999785390
SoundC,124.0466527286902,1492999789614
Present,186,1492999789617
SoundRight,62.13474250768274,1492999795390
SoundC,124.10293753844982,1492999799620
Present,190,1492999799622
SoundRight,61.85869498401231,1492999805390
SoundC,124.0466527286902,1492999809625
Present,184,1492999809628
SoundRight,62.65662702565252,1492999815390
SoundC,124.06543529073583,1492999819630
Present,99,1492999819633
MoveFocus,GoTour,1492999822335
SoundRight,62.93811964322125,1492999825390
SoundC,124.06543529073583,1492999829635
Present,210,1492999829638
SoundRight,63.355707671525714,1492999835392
SoundC,124.06543529073583,1492999839640
Present,186,1492999839643
SoundRight,63.1042911371575,1492999845392
SoundC,124.06543529073583,1492999849645
Present,189,1492999849648
SoundRight,61.19391914976835,1492999855392
SoundC,124.06543529073583,1492999859651
Present,198,1492999859654
SoundRight,61.437569266785104,1492999865392
SoundC,124.0841968783918,1492999869656
Present,190,1492999869659
SoundRight,62.39838801122466,1492999875390
SoundC,124.06543529073583,1492999879661
Present,102,1492999879664
MoveFocus,GoTour,1492999882442
SoundRight,62.34079430039854,1492999885392
SoundC,124.06543529073583,1492999889666
Present,195,1492999889669
SoundRight,62.871244254292975,1492999895390
SoundC,124.06543529073583,1492999899671
Present,195,1492999899674
SoundRight,63.259841274762195,1492999905390
SoundC,124.06543529073583,1492999909677
Present,183,1492999909680
SoundRight,64.16836632308579,1492999915390
SoundC,124.06543529073583,1492999919682
Present,126,1492999919685
SoundRight,64.63136377707656,1492999925390
SoundC,124.10293753844982,1492999929688
Present,132,1492999929691
SoundRight,64.51978521172887,1492999935390
Seat5B,false,1492999936642
TotalSeatCount,4,1492999936642
SoundC,124.06543529073583,1492999939693
Present,127,1492999939696
MoveFocus,GoTour,1492999942566
SoundRight,64.68243255770189,1492999945390
SoundC,124.0466527286902,1492999949698
Present,197,1492999949701
SoundRight,63.848469132654465,1492999955390
SoundC,124.0466527286902,1492999959704
Present,194,1492999959707
SoundRight,63.7192459979414,1492999965390
SoundC,124.0466527286902,1492999969709
Present,195,1492999969712
SoundRight,64.13310155373966,1492999975390
SoundC,124.06543529073583,1492999979723
Present,176,1492999979726
SoundRight,63.183659460773825,1492999985390
SoundC,124.06543529073583,1492999989728
Present,191,1492999989731
SoundRight,61.73583877865711,1492999995390
SoundC,124.06543529073583,1492999999742
Present,224,1492999999745
MoveFocus,GoTour,1493000002673
SoundRight,61.59997146705395,1493000005390
SoundC,124.06543529073583,1493000009747
Present,179,1493000009750
SoundRight,60.62820920868328,1493000015390
SoundC,124.06543529073583,1493000019753
Present,145,1493000019755
SoundRight,60.74859221199664,1493000025390
SoundC,124.06543529073583,1493000029758
Present,183,1493000029761
SoundRight,60.15001040500124,1493000035390
SoundC,124.06543529073583,1493000039763
Present,215,1493000039766
SoundRight,60.365786970353284,1493000045390
SoundC,124.06543529073583,1493000049777
Present,213,1493000049780
SoundRight,60.83621823013896,1493000055392
SoundC,124.0841968783918,1493000059783
Present,206,1493000059785
MoveFocus,GoTour,1493000062755
SoundRight,60.56048121919798,1493000065392
SoundC,124.06543529073583,1493000069788
Present,113,1493000069791
SoundRight,61.42449755543185,1493000075390
SoundC,124.0466527286902,1493000079793
Present,216,1493000079796
SoundRight,61.71557093572719,1493000085392
SoundC,124.0466527286902,1493000089798
Present,127,1493000089809
SoundRight,62.3453278457541,1493000095390
SoundC,124.0466527286902,1493000099820
Present,131,1493000099823
SoundRight,62.149479235270874,1493000105390
SoundC,124.0841968783918,1493000109825
Present,132,1493000109828
SoundRight,61.34504486216917,1493000115392
SoundC,124.0841968783918,1493000119831
Present,129,1493000119833
MoveFocus,GoTour,1493000122884
SoundRight,61.31044705357942,1493000125392
SoundC,124.0841968783918,1493000129836
Present,159,1493000129839
SoundRight,61.73705758088841,1493000135392
SoundC,124.0466527286902,1493000139841
Present,205,1493000139844
SoundRight,61.11119282752718,1493000145390
SoundC,124.06543529073583,1493000149855
Present,207,1493000149858
SoundRight,59.978811110891755,1493000155390
SoundC,124.06543529073583,1493000159860
Present,196,1493000159863
SoundRight,59.437676875275706,1493000165390
SoundC,124.0841968783918,1493000169865
Present,200,1493000169878
SoundRight,60.78049288573836,1493000175390
SoundC,124.0466527286902,1493000179880
Present,157,1493000179883
MoveFocus,GoTour,1493000182972
SoundRight,61.004395560307,1493000185390
SoundC,124.06543529073583,1493000189889
Present,196,1493000189891
SoundRight,60.909992864107615,1493000195392
SoundC,124.0466527286902,1493000199894
Present,195,1493000199897
SoundRight,60.7194243588347,1493000205392
SoundC,124.06543529073583,1493000209899
Present,195,1493000209902
SoundRight,61.02212383750953,1493000215392
SoundC,124.06543529073583,1493000219905
Present,150,1493000219908
SoundRight,61.06268208040152,1493000225390
SoundC,124.0466527286902,1493000229917
Present,210,1493000229929
SoundRight,60.44555500582846,1493000235390
SoundC,124.0466527286902,1493000239934
Present,183,1493000239938
MoveFocus,GoTour,1493000243082
SoundRight,60.92681964159969,1493000245392
SoundC,124.0466527286902,1493000249943
Present,195,1493000249947
SoundRight,60.799627161220776,1493000255392
SoundC,124.0841968783918,1493000259952
Present,201,1493000259955
SoundRight,61.23098751264014,1493000265392
SoundC,124.0841968783918,1493000269958
Present,206,1493000269961
SoundRight,62.02031537364588,1493000275392
SoundC,124.0841968783918,1493000279963
Present,159,1493000279966
SoundRight,63.208678777880195,1493000285392
SoundC,124.0841968783918,1493000289968
Present,176,1493000289971
SoundRight,63.485615015827506,1493000295392
SoundC,124.0841968783918,1493000299973
Present,176,1493000299976
MoveFocus,GoTour,1493000303185
SoundRight,63.451318310917365,1493000305392
UserPresence,empty,1493000308321
SoundC,124.06543529073583,1493000309979
Present,173,1493000309982
InferredUserPresence,present,1493000311758
InferredUserPresence,present,1493000312003
InferredUserPresence,present,1493000312013
InferredUserPresence,present,1493000312023
InferredUserPresence,present,1493000312033
InferredUserPresence,present,1493000312038
InferredUserPresence,present,1493000312043
InferredUserPresence,present,1493000312048
InferredUserPresence,present,1493000312053
InferredUserPresence,present,1493000312063
InferredUserPresence,present,1493000312078
InferredUserPresence,present,1493000312103
InferredUserPresence,present,1493000312108
InferredUserPresence,present,1493000312113
InferredUserPresence,present,1493000312118
InferredUserPresence,present,1493000312123
InferredUserPresence,present,1493000312133
InferredUserPresence,present,1493000312138
InferredUserPresence,present,1493000312143
InferredUserPresence,present,1493000312148
InferredUserPresence,present,1493000312153
InferredUserPresence,present,1493000312158
InferredUserPresence,present,1493000312163
InferredUserPresence,present,1493000312198
InferredUserPresence,present,1493000312223
InferredUserPresence,present,1493000312238
InferredUserPresence,present,1493000312268
InferredUserPresence,present,1493000312278
InferredUserPresence,present,1493000312288
InferredUserPresence,present,1493000312303
InferredUserPresence,present,1493000312308
InferredUserPresence,present,1493000312318
InferredUserPresence,present,1493000312323
InferredUserPresence,present,1493000312328
InferredUserPresence,present,1493000312338
SoundRight,63.9291727325844,1493000315392
Seat1B,false,1493000318727
TotalSeatCount,4,1493000318727
InferredUserPresence,present,1493000318747
InferredUserPresence,present,1493000318757
InferredUserPresence,present,1493000318762
InferredUserPresence,present,1493000318787
InferredUserPresence,present,1493000318792
InferredUserPresence,present,1493000318832
InferredUserPresence,present,1493000318842
InferredUserPresence,present,1493000318852
InferredUserPresence,present,1493000318867
InferredUserPresence,present,1493000318872
InferredUserPresence,present,1493000318882
InferredUserPresence,present,1493000318887
InferredUserPresence,present,1493000318897
InferredUserPresence,present,1493000318912
InferredUserPresence,present,1493000318942
InferredUserPresence,present,1493000318947
InferredUserPresence,present,1493000318952
InferredUserPresence,present,1493000318957
InferredUserPresence,present,1493000318962
InferredUserPresence,present,1493000318967
SoundC,124.0466527286902,1493000319985
Present,174,1493000319988
SoundRight,64.47848245261245,1493000325392
SoundC,124.06543529073583,1493000329992
Present,172,1493000329995
SoundRight,65.50150059146566,1493000335392
UserPresence,present,1493000338627
InferredUserPresence,present,1493000338652
InferredUserPresence,present,1493000338662
InferredUserPresence,present,1493000338672
InferredUserPresence,present,1493000338682
InferredUserPresence,present,1493000338687
InferredUserPresence,present,1493000338692
InferredUserPresence,present,1493000338697
InferredUserPresence,present,1493000338702
InferredUserPresence,present,1493000338712
InferredUserPresence,present,1493000338717
InferredUserPresence,present,1493000338757
InferredUserPresence,present,1493000338762
InferredUserPresence,present,1493000338767
InferredUserPresence,present,1493000338797
InferredUserPresence,present,1493000338807
InferredUserPresence,present,1493000338812
InferredUserPresence,present,1493000338847
InferredUserPresence,present,1493000338852
InferredUserPresence,present,1493000338857
SoundC,124.06543529073583,1493000339998
Present,171,1493000340001
SoundRight,64.99576035818534,1493000345392
SoundC,124.0466527286902,1493000350010
Present,171,1493000350012
SoundRight,65.33516409725641,1493000355390
SoundC,124.06543529073583,1493000360015
Present,174,1493000360018
MoveFocus,GoTour,1493000363283
SoundRight,65.80327678990582,1493000365392
SoundC,124.06543529073583,1493000370020
Present,187,1493000370023
SoundRight,64.89678096868158,1493000375392
SoundC,124.06543529073583,1493000380034
Present,190,1493000380037
SoundRight,65.20470876106167,1493000385390
SoundC,124.0466527286902,1493000390039
Present,189,1493000390042
SoundRight,64.63232738187848,1493000395393
SoundC,124.0841968783918,1493000400043
Present,154,1493000400046
SoundRight,65.38728906549404,1493000405390
SoundC,124.0466527286902,1493000410049
Present,151,1493000410052
SoundRight,64.7608265582591,1493000415392
SoundC,124.06543529073583,1493000420054
Present,152,1493000420057
MoveFocus,GoTour,1493000423372
SoundRight,64.20153908599221,1493000425390
SoundC,124.06543529073583,1493000430059
Present,174,1493000430062
SoundRight,64.4486940956084,1493000435390
SoundC,124.10293753844982,1493000440064
Present,149,1493000440067
SoundRight,64.6015751015946,1493000445390
SoundC,124.06543529073583,1493000450069
Present,185,1493000450072
SoundRight,63.50587776232205,1493000455390
SoundC,124.0841968783918,1493000460075
Present,141,1493000460078
SoundRight,63.22689690686427,1493000465390
SoundC,124.0466527286902,1493000470080
Present,125,1493000470083
SoundRight,62.955394380141,1493000475392
SoundC,124.06543529073583,1493000480085
Present,195,1493000480088
MoveFocus,GoTour,1493000483465
SoundRight,62.23611164291216,1493000485392
SoundC,124.0466527286902,1493000490090
Present,192,1493000490093
SoundRight,62.47094099490814,1493000495392
SoundC,124.0841968783918,1493000500095
Present,192,1493000500098
SoundRight,62.84195460697757,1493000505390
SoundC,124.10293753844982,1493000510100
Present,190,1493000510103
SoundRight,62.61189549725428,1493000515390
SoundC,124.06543529073583,1493000520105
Present,191,1493000520108
SoundRight,61.93867600549256,1493000525392
SoundC,124.06543529073583,1493000530110
Present,193,1493000530113
SoundRight,63.24277269693762,1493000535392
SoundC,124.06543529073583,1493000540115
Present,190,1493000540125
MoveFocus,GoTour,1493000543578
SoundRight,64.80793888491554,1493000545392
SoundC,124.06543529073583,1493000550133
Present,187,1493000550135
SoundRight,64.86869439650843,1493000555392
SoundC,124.06543529073583,1493000560138
Present,216,1493000560141
SoundRight,65.0262992891861,1493000565391
SoundC,124.06543529073583,1493000570143
Present,207,1493000570154
SoundRight,65.84932820652678,1493000575392
SoundC,124.06543529073583,1493000580159
Present,171,1493000580161
SoundRight,66.50157728590302,1493000585392
SoundC,124.10293753844982,1493000590164
Present,191,1493000590166
SoundRight,66.24328476151305,1493000595392
SoundC,124.10293753844982,1493000600169
Present,161,1493000600172
MoveFocus,GoTour,1493000603649
SoundRight,66.07261840879447,1493000605392
SoundC,124.0841968783918,1493000610179
Present,149,1493000610182
SoundRight,66.55423280592865,1493000615390
SoundC,124.06543529073583,1493000620184
Present,216,1493000620187
SoundRight,66.82450032116043,1493000625392
SoundC,124.10293753844982,1493000630192
Present,213,1493000630195
SoundRight,66.77949185277026,1493000635392
SoundC,124.0841968783918,1493000640197
Present,216,1493000640200
SoundRight,66.58973167997009,1493000645392
SoundC,124.0466527286902,1493000650203
Present,229,1493000650205
SoundRight,66.55617155325831,1493000655392
SoundC,124.06543529073583,1493000660208
Present,236,1493000660211
MoveFocus,GoTour,1493000663752
SoundRight,65.91438928811283,1493000665390
SoundC,124.06543529073583,1493000670213
Present,188,1493000670216
SoundRight,65.29187445015215,1493000675392
SoundC,124.06543529073583,1493000680218
Present,193,1493000680221
SoundRight,64.76929314043305,1493000685390
SoundC,124.0466527286902,1493000690224
Present,166,1493000690227
SoundRight,65.2992363647064,1493000695390
SoundC,124.06543529073583,1493000700229
Present,153,1493000700232
SoundRight,65.95760850229236,1493000705390
SoundC,124.06543529073583,1493000710234
Present,151,1493000710237
SoundRight,64.6908006339076,1493000715390
SoundC,124.0841968783918,1493000720240
Present,167,1493000720243
MoveFocus,GoTour,1493000723881
SoundRight,63.990116933320195,1493000725390
SoundC,124.0841968783918,1493000730245
Present,164,1493000730248
SoundRight,63.76961086973811,1493000735392
SoundC,124.0466527286902,1493000740259
Present,159,1493000740262
SoundRight,63.95872587469615,1493000745390
SoundC,124.0466527286902,1493000750265
Present,156,1493000750267
SoundRight,63.23619710940555,1493000755390
SoundC,124.0841968783918,1493000760269
Present,145,1493000760272
SoundRight,62.733358912101714,1493000765392
SoundC,124.0841968783918,1493000770283
Present,148,1493000770286
SoundRight,62.63939874040401,1493000775392
SoundC,124.0841968783918,1493000780288
Present,153,1493000780291
MoveFocus,GoTour,1493000784010
SoundRight,62.845774070536876,1493000785392
SoundC,124.0466527286902,1493000790293
Present,162,1493000790297
SoundRight,63.398843728488366,1493000795392
SoundC,124.0841968783918,1493000800299
Present,160,1493000800302
SoundRight,62.576377654052834,1493000805392
SoundC,124.0466527286902,1493000810304
Present,153,1493000810307
SoundRight,61.54869365767559,1493000815392
SoundC,124.06543529073583,1493000820310
Present,209,1493000820312
SoundRight,60.80560604050102,1493000825390
SoundC,124.06543529073583,1493000830315
Present,186,1493000830318
SoundRight,60.29523081498403,1493000835392
SoundC,124.0841968783918,1493000840320
Present,193,1493000840323
MoveFocus,GoTour,1493000844108
SoundRight,60.20258360828765,1493000845390
SoundC,124.06543529073583,1493000850326
Present,188,1493000850336
SoundRight,60.09839423873262,1493000855392
SoundC,124.10293753844982,1493000860347
Present,187,1493000860350
SoundRight,59.74528456190024,1493000865392
SoundC,124.0841968783918,1493000870352
Present,192,1493000870355
SoundRight,60.42525331710085,1493000875392
SoundC,124.0466527286902,1493000880366
Present,183,1493000880369
SoundRight,61.75219022754797,1493000885392
SoundC,124.06543529073583,1493000890371
Present,181,1493000890374
SoundRight,63.61253996290927,1493000895392
SoundC,124.0466527286902,1493000900377
Present,199,1493000900380
MoveFocus,GoTour,1493000904201
SoundRight,64.72313989956014,1493000905392
SoundC,124.0841968783918,1493000910382
Present,177,1493000910385
SoundRight,65.09833325754798,1493000915392
SoundC,124.06543529073583,1493000920387
Present,164,1493000920390
SoundRight,65.22815053712324,1493000925392
SoundC,124.06543529073583,1493000930392
Present,180,1493000930395
SoundRight,64.62872480511223,1493000935392
SoundC,124.0466527286902,1493000940398
Present,185,1493000940401
SoundRight,63.58373640439696,1493000945390
SoundC,124.0466527286902,1493000950403
Present,170,1493000950406
SoundRight,63.508875978966316,1493000955390
SoundC,124.0466527286902,1493000960417
Present,170,1493000960420
MoveFocus,GoTour,1493000964304
SoundRight,63.104821240019255,1493000965392
SoundC,124.0466527286902,1493000970422
Present,164,1493000970425
SoundRight,62.906316930488835,1493000975392
SoundC,124.0466527286902,1493000980427
Present,141,1493000980430
SoundRight,63.73565566879172,1493000985392
SoundC,124.06543529073583,1493000990432
Present,175,1493000990435
SoundRight,64.20652528548158,1493000995392
SoundC,124.0466527286902,1493001000438
Present,167,1493001000441
SoundRight,63.82037195033611,1493001005392
SoundC,124.06543529073583,1493001010443
Present,178,1493001010446
SoundRight,63.021940985731256,1493001015392
SoundC,124.06543529073583,1493001020448
Present,163,1493001020451
MoveFocus,GoTour,1493001024387
SoundRight,63.215246872407654,1493001025392
SoundC,124.06543529073583,1493001030454
Present,211,1493001030456
SoundRight,62.81387449366748,1493001035390
SoundC,124.0841968783918,1493001040459
Present,192,1493001040462
SoundRight,61.932143772796834,1493001045392
SoundC,124.06543529073583,1493001050464
Present,168,1493001050467
SoundRight,61.238939202427794,1493001055390
SoundC,124.0466527286902,1493001060470
Present,114,1493001060472
SoundRight,61.43551693722798,1493001065390
SoundC,124.06543529073583,1493001070475
Present,120,1493001070478
SoundRight,61.936501358298194,1493001075392
ProjectorInput,HDMI,1493001075801
SoundC,124.0841968783918,1493001080480
Present,132,1493001080483
MoveFocus,GoTour,1493001084486
SoundRight,61.739652947854864,1493001085392
SoundC,124.06543529073583,1493001090485
Present,78,1493001090488
SoundRight,61.930682439743194,1493001095390
SoundC,124.06543529073583,1493001100490
Present,76,1493001100494
SoundRight,62.337219262098394,1493001105393
SoundC,124.0841968783918,1493001110496
Present,77,1493001110499
SoundRight,62.573747374973095,1493001115390
SoundC,124.06543529073583,1493001120501
Present,84,1493001120504
SoundRight,62.43694809098303,1493001125392
SoundC,124.0841968783918,1493001130506
Present,88,1493001130509
Seat1A,false,1493001131434
TotalSeatCount,4,1493001131434
InferredUserPresence,present,1493001131469
InferredUserPresence,present,1493001131484
InferredUserPresence,present,1493001131509
InferredUserPresence,present,1493001131569
InferredUserPresence,present,1493001131574
InferredUserPresence,present,1493001131589
InferredUserPresence,present,1493001131594
InferredUserPresence,present,1493001131599
InferredUserPresence,present,1493001131604
SoundRight,62.11796102931816,1493001135392
SoundC,124.0841968783918,1493001140511
Present,105,1493001140514
MoveFocus,GoTour,1493001144616
SoundRight,61.91191526432541,1493001145392
Seat2B,true,1493001146397
TotalSeatCount,5,1493001146397
InferredUserPresence,present,1493001146407
InferredUserPresence,present,1493001146467
InferredUserPresence,present,1493001146502
InferredUserPresence,present,1493001146507
InferredUserPresence,present,1493001146512
InferredUserPresence,present,1493001146527
InferredUserPresence,present,1493001146537
InferredUserPresence,present,1493001146542
InferredUserPresence,present,1493001146547
InferredUserPresence,present,1493001146557
SoundC,124.06543529073583,1493001150516
Present,77,1493001150519
Seat2B,false,1493001151490
TotalSeatCount,4,1493001151490
InferredUserPresence,present,1493001151505
InferredUserPresence,present,1493001151510
SoundRight,60.303033219372836,1493001155392
SoundC,124.0466527286902,1493001160521
Present,74,1493001160524
SoundRight,59.93465918748914,1493001165392
SoundC,124.06543529073583,1493001170526
Present,64,1493001170529
SoundRight,59.82230956980359,1493001175392
SoundC,124.06543529073583,1493001180531
Present,73,1493001180534
SoundRight,60.44251957863289,1493001185392
SoundC,124.06543529073583,1493001190546
Present,81,1493001190549
SoundRight,60.48719305556684,1493001195392
SoundC,124.06543529073583,1493001200551
Present,65,1493001200554
MoveFocus,GoTour,1493001204687
SoundRight,59.599377425392355,1493001205392
SoundC,124.06543529073583,1493001210564
Present,115,1493001210567
SoundRight,59.851014424061,1493001215392
SoundC,124.06543529073583,1493001220569
Present,84,1493001220572
SoundRight,59.85524986989956,1493001225392
SoundC,124.0841968783918,1493001230574
Present,75,1493001230577
SoundRight,59.644715193776065,1493001235390
SoundC,124.06543529073583,1493001240579
Present,61,1493001240582
SoundRight,59.90560554753886,1493001245390
SoundC,124.10293753844982,1493001250585
Present,93,1493001250588
SoundRight,59.98239508891448,1493001255390
SoundC,124.0841968783918,1493001260590
Present,95,1493001260593
MoveFocus,GoTour,1493001264748
SoundRight,60.79906815540182,1493001265390
SoundC,124.0841968783918,1493001270595
Present,95,1493001270598
SoundRight,60.98980841311007,1493001275390
SoundC,124.06543529073583,1493001280609
Present,75,1493001280612
SoundRight,61.29899191596315,1493001285390
SoundC,124.0841968783918,1493001290615
Present,81,1493001290618
SoundRight,61.72948092464891,1493001295390
SoundC,124.06543529073583,1493001300629
Present,67,1493001300632
SoundRight,60.82873526967074,1493001305392
SoundC,124.06543529073583,1493001310634
Present,79,1493001310637
SoundRight,61.23801693655574,1493001315393
SoundC,124.0466527286902,1493001320648
Present,78,1493001320650
MoveFocus,GoTour,1493001324804
SoundRight,60.132592883571576,1493001325390
SoundC,124.0841968783918,1493001330653
Present,75,1493001330655
SoundRight,61.33397944819389,1493001335390
SoundC,124.06543529073583,1493001340658
Present,84,1493001340661
SoundRight,61.28248123605064,1493001345392
SoundC,124.0841968783918,1493001350663
Present,71,1493001350666
SoundRight,61.243803545610234,1493001355392
SoundC,124.0841968783918,1493001360669
Present,80,1493001360671
Seat2B,true,1493001360983
TotalSeatCount,5,1493001360983
InferredUserPresence,present,1493001360993
InferredUserPresence,present,1493001360998
SoundRight,60.69445102240454,1493001365392
Seat2B,false,1493001366081
TotalSeatCount,4,1493001366081
InferredUserPresence,present,1493001366106
InferredUserPresence,present,1493001366111
SoundC,124.0841968783918,1493001370674
Present,79,1493001370677
SoundRight,60.231553324460116,1493001375392
SoundC,124.06543529073583,1493001380687
Present,81,1493001380690
MoveFocus,GoTour,1493001384873
SoundRight,60.4006106443366,1493001385390
SoundC,124.02784914530605,1493001390692
Present,82,1493001390695
SoundRight,60.48667632132332,1493001395390
SoundC,124.06543529073583,1493001400705
Present,80,1493001400708
SoundRight,61.166722122842664,1493001405390
SoundC,124.0841968783918,1493001410711
Present,76,1493001410713
SoundRight,61.335955837923066,1493001415392
SoundC,124.02784914530605,1493001420715
Present,79,1493001420718
Seat2B,true,1493001420998
TotalSeatCount,5,1493001420998
InferredUserPresence,present,1493001421008
InferredUserPresence,present,1493001421018
InferredUserPresence,present,1493001421023
InferredUserPresence,present,1493001421028
InferredUserPresence,present,1493001421033
InferredUserPresence,present,1493001421058
InferredUserPresence,present,1493001421063
InferredUserPresence,present,1493001421068
InferredUserPresence,present,1493001421073
InferredUserPresence,present,1493001421078
SoundRight,63.07693427714278,1493001425392
Seat2B,false,1493001426096
TotalSeatCount,4,1493001426096
InferredUserPresence,present,1493001426106
InferredUserPresence,present,1493001426111
SoundC,124.0841968783918,1493001430721
Present,93,1493001430724
SoundRight,63.65510781960835,1493001435392
SoundC,124.0841968783918,1493001440726
Present,142,1493001440729
MoveFocus,GoTour,1493001444991
SoundRight,64.5635027731632,1493001445392
Seat2B,true,1493001446161
TotalSeatCount,5,1493001446161
InferredUserPresence,present,1493001446227
InferredUserPresence,present,1493001446232
InferredUserPresence,present,1493001446237
InferredUserPresence,present,1493001446242
InferredUserPresence,present,1493001446247
InferredUserPresence,present,1493001446257
InferredUserPresence,present,1493001446262
InferredUserPresence,present,1493001446267
InferredUserPresence,present,1493001446272
SoundC,124.06543529073583,1493001450731
Present,73,1493001450734
Seat2B,false,1493001451249
TotalSeatCount,4,1493001451249
InferredUserPresence,present,1493001451289
InferredUserPresence,present,1493001451324
SoundRight,63.70637015326771,1493001455392
Seat2A,false,1493001457477
TotalSeatCount,3,1493001457477
InferredUserPresence,present,1493001457488
InferredUserPresence,present,1493001457493
InferredUserPresence,present,1493001457498
InferredUserPresence,present,1493001457503
InferredUserPresence,present,1493001457508
Seat4B,false,1493001460644
TotalSeatCount,2,1493001460644
InferredUserPresence,present,1493001460689
SoundC,124.06543529073583,1493001460737
Present,67,1493001460739
Seat6A,false,1493001461745
TotalSeatCount,1,1493001461745
InferredUserPresence,present,1493001461755
InferredUserPresence,present,1493001461765
InferredUserPresence,present,1493001461770
InferredUserPresence,present,1493001461775
InferredUserPresence,present,1493001461785
InferredUserPresence,present,1493001461795
SoundRight,64.50232665275178,1493001465392
SoundC,124.06543529073583,1493001470742
Present,75,1493001470745
SoundRight,65.2024641066255,1493001475392
SoundC,124.06543529073583,1493001480747
Present,113,1493001480750
SoundRight,65.89488056559362,1493001485391
Seat3B,false,1493001487423
TotalSeatCount,0,1493001487423
InferredUserPresence,present,1493001487438
SoundC,124.0841968783918,1493001490752
Present,114,1493001490755
Seat2A,true,1493001492495
TotalSeatCount,1,1493001492495
InferredUserPresence,present,1493001492515
InferredUserPresence,present,1493001492530
SoundRight,66.12422722983499,1493001495392
SoundC,124.0466527286902,1493001500758
Present,78,1493001500761
MoveFocus,GoTour,1493001505067
SoundRight,66.18144441234215,1493001505392
SoundC,124.0466527286902,1493001510763
Present,79,1493001510766
SoundRight,66.61060591334676,1493001515392
SoundC,124.06543529073583,1493001520769
Present,79,1493001520771
SoundRight,66.42966591553731,1493001525392
SoundC,124.06543529073583,1493001530774
Present,76,1493001530777
SoundRight,67.52462352158707,1493001535392
SoundC,124.0466527286902,1493001540779
Present,75,1493001540782
SoundRight,65.46998585860685,1493001545390
SoundC,124.06543529073583,1493001550784
Present,81,1493001550787
SoundRight,64.83292212620356,1493001555390
SoundC,124.0466527286902,1493001560790
Present,83,1493001560793
MoveFocus,GoTour,1493001565178
SoundRight,63.79615348440968,1493001565390
SoundC,124.06543529073583,1493001570805
Present,75,1493001570808
SoundRight,63.88071112398417,1493001575390
SoundC,124.0841968783918,1493001580810
Present,76,1493001580812
SoundRight,63.41729762683223,1493001585390
SoundC,124.0841968783918,1493001590822
Present,78,1493001590824
SoundRight,61.82322011410133,1493001595392
SoundC,124.0841968783918,1493001600835
Present,87,1493001600838
SoundRight,62.12176661356725,1493001605390
SoundC,124.06543529073583,1493001610841
Present,80,1493001610843
SoundRight,61.63138908750034,1493001615392
SoundC,124.10293753844982,1493001620846
Present,77,1493001620849
MoveFocus,GoTour,1493001625279
SoundRight,62.02598488395392,1493001625392
SoundC,124.0841968783918,1493001630852
Present,68,1493001630854
Seat2A,false,1493001632388
TotalSeatCount,0,1493001632388
InferredUserPresence,present,1493001632398
InferredUserPresence,present,1493001632403
InferredUserPresence,present,1493001632413
InferredUserPresence,present,1493001632428
SoundRight,61.26539675377707,1493001635390
SoundC,124.06543529073583,1493001640857
Present,70,1493001640860
SoundRight,60.81457713031814,1493001645390
SoundC,124.06543529073583,1493001650870
Present,92,1493001650873
SoundRight,60.581239197080684,1493001655390
SoundC,124.0841968783918,1493001660876
Present,102,1493001660879
SoundRight,61.22737661361312,1493001665390
SoundC,124.0841968783918,1493001670881
Present,106,1493001670884
SoundRight,60.77126009716595,1493001675390
SoundC,124.0841968783918,1493001680886
Present,100,1493001680889
MoveFocus,GoTour,1493001685357
SoundRight,59.952139761508676,1493001685392
SoundC,124.12165731754526,1493001690899
Present,83,1493001690902
SoundRight,59.33348038755547,1493001695392
SoundC,124.0841968783918,1493001700905
Present,72,1493001700913
SoundRight,58.257822438364705,1493001705392
SoundC,124.10293753844982,1493001710918
Present,80,1493001710921
SoundRight,57.851155551531136,1493001715392
SoundC,124.0841968783918,1493001720923
Present,77,1493001720926
SoundRight,56.393105131862505,1493001725392
SoundC,124.0466527286902,1493001730929
Present,80,1493001730931
SoundRight,56.28667187477633,1493001735390
SoundC,124.06543529073583,1493001740934
Present,65,1493001740936
SoundRight,56.41711313190074,1493001745390
MoveFocus,GoTour,1493001745425
SoundC,124.10293753844982,1493001750939
Present,72,1493001750942
SoundRight,56.7132892451534,1493001755390
SoundC,124.10293753844982,1493001760944
Present,126,1493001760947
SoundRight,57.20026281811401,1493001765390
SoundC,124.0841968783918,1493001770950
Present,80,1493001770952
SoundRight,57.39904526029911,1493001775390
SoundC,124.0466527286902,1493001780955
Present,77,1493001780958
SoundRight,56.999475733148884,1493001785392
Seat6B,false,1493001786001
TotalSeatCount,0,1493001786001
InferredUserPresence,present,1493001786011
SoundC,124.06543529073583,1493001790960
Present,77,1493001790963
SoundRight,56.86809678958016,1493001795390
SoundC,124.10293753844982,1493001800965
Present,78,1493001800968
SoundRight,56.70655729118384,1493001805392
MoveFocus,GoTour,1493001805506
SoundC,124.06543529073583,1493001810971
Present,65,1493001810974
SoundRight,56.32817338241917,1493001815392
SoundC,124.0466527286902,1493001820976
Present,105,1493001820979
SoundRight,55.776782305538106,1493001825392
SoundC,124.06543529073583,1493001830990
Present,148,1493001830998
SoundRight,54.969246728248336,1493001835392
SoundC,124.06543529073583,1493001841012
Present,123,1493001841015
SoundRight,55.06865064496757,1493001845390
SoundC,124.0466527286902,1493001851026
Present,99,1493001851029
SoundRight,55.162153238175364,1493001855390
SoundC,124.0466527286902,1493001861031
Present,88,1493001861034
SoundRight,54.91730716557587,1493001865392
MoveFocus,GoTour,1493001865591
SoundC,124.0466527286902,1493001871036
Present,94,1493001871039
SoundRight,54.63741973746145,1493001875393
SoundC,124.06543529073583,1493001881041
Present,90,1493001881044
SoundRight,54.861737624823604,1493001885390
SoundC,124.06543529073583,1493001891046
Present,125,1493001891049
SoundRight,54.50678317709973,1493001895390
SoundC,124.06543529073583,1493001901052
Present,142,1493001901054
SoundRight,54.10082283969495,1493001905390
SoundC,124.0841968783918,1493001911057
Present,76,1493001911059
SoundRight,53.55099057924362,1493001915390
SoundC,124.0841968783918,1493001921062
Present,137,1493001921065
SoundRight,53.457543080313755,1493001925390
MoveFocus,GoTour,1493001925663
SoundC,124.10293753844982,1493001931067
Present,73,1493001931070
SoundRight,53.73268434960768,1493001935390
SoundC,124.06543529073583,1493001941081
Present,70,1493001941084
SoundRight,53.775372745533346,1493001945390
SoundC,124.06543529073583,1493001951086
Present,78,1493001951089
SoundRight,54.14762191446402,1493001955390
SoundC,124.0466527286902,1493001961091
Present,82,1493001961094
TotalSeatCount,0,1493001963266
InferredUserPresence,present,1493001963281
InferredUserPresence,present,1493001963286
InferredUserPresence,present,1493001963321
InferredUserPresence,present,1493001963336
InferredUserPresence,present,1493001963351
InferredUserPresence,present,1493001963356
InferredUserPresence,present,1493001963366
SoundRight,54.7447395988656,1493001965390
UserPresence,empty,1493001970140
InferredUserPresence,empty,1493001970150
InferredUserPresence,empty,1493001970165
InferredUserPresence,empty,1493001970175
InferredUserPresence,empty,1493001970200
InferredUserPresence,empty,1493001970205
SoundC,124.06543529073583,1493001971096
Present,79,1493001971099
UserPresence,present,1493001972011
InferredUserPresence,present,1493001972016
InferredUserPresence,present,1493001972021
InferredUserPresence,present,1493001972026
InferredUserPresence,present,1493001972041
UserPresence,empty,1493001973882
InferredUserPresence,empty,1493001973897
SoundRight,55.308940188071645,1493001975392
SoundC,124.10293753844982,1493001981101
Present,73,1493001981104
SoundRight,55.94115244277463,1493001985390
MoveFocus,GoTour,1493001985788
SoundC,124.06543529073583,1493001991107
Present,105,1493001991109
TotalSeatCount,0,1493001992219
InferredUserPresence,empty,1493001992229
InferredUserPresence,empty,1493001992249
SoundRight,55.92267219480617,1493001995392
SoundC,124.06543529073583,1493002001112
Present,61,1493002001115
SoundRight,55.700369175297524,1493002005392
SoundC,124.0841968783918,1493002011124
Present,72,1493002011127
SoundRight,55.97298670641722,1493002015392
SoundC,124.0841968783918,1493002021129
Present,79,1493002021132
SoundRight,55.828445753137466,1493002025392
SoundC,124.0841968783918,1493002031135
Present,83,1493002031137
SoundRight,55.732250671236194,1493002035392
SoundC,124.0466527286902,1493002041140
Present,118,1493002041143
SoundRight,55.63990924551515,1493002045392
MoveFocus,GoTour,1493002045903
UserPresence,present,1493002048855
InferredUserPresence,present,1493002048860
InferredUserPresence,present,1493002048865
InferredUserPresence,present,1493002048875
InferredUserPresence,present,1493002048890
InferredUserPresence,present,1493002048895
InferredUserPresence,present,1493002048900
InferredUserPresence,present,1493002048905
InferredUserPresence,present,1493002048915
SoundC,124.06543529073583,1493002051145
Present,64,1493002051148
SoundRight,55.72953619488201,1493002055390
SoundC,124.0841968783918,1493002061150
Present,87,1493002061153
SoundRight,57.64118632423609,1493002065390
SoundC,124.0841968783918,1493002071155
Present,77,1493002071158
SoundRight,57.51397802972804,1493002075390
SoundC,124.06543529073583,1493002081161
Present,94,1493002081164
SoundRight,57.840420878466375,1493002085390
SoundC,124.06543529073583,1493002091166
Present,70,1493002091169
SoundRight,58.64386677170327,1493002095390
SoundC,124.02784914530605,1493002101171
Present,76,1493002101174
SoundRight,59.61466766954584,1493002105390
MoveFocus,GoTour,1493002106020
SoundC,124.02784914530605,1493002111184
Present,93,1493002111187
SoundRight,60.71815867781172,1493002115390
SoundC,124.06543529073583,1493002121189
Present,71,1493002121192
SoundRight,59.59156480091107,1493002125390
SoundC,124.06543529073583,1493002131194
Present,76,1493002131197
SoundRight,59.25691620784614,1493002135390
SoundC,124.02784914530605,1493002141199
Present,103,1493002141202
SoundRight,59.31809132409379,1493002145390
SoundC,124.0841968783918,1493002151205
Present,75,1493002151208
SoundRight,58.2839200727868,1493002155390
SoundC,124.06543529073583,1493002161210
Present,77,1493002161213
SoundRight,56.505639589059776,1493002165390
MoveFocus,GoTour,1493002166112
SoundC,124.0466527286902,1493002171215
Present,80,1493002171218
SoundRight,55.127210918695674,1493002175390
SoundC,124.0466527286902,1493002181220
Present,54,1493002181223
SoundRight,55.54169891979917,1493002185390
SoundC,124.12165731754526,1493002191225
Present,77,1493002191229
SoundRight,54.93940980604146,1493002195390
SoundC,124.06543529073583,1493002201231
Present,69,1493002201234
SoundRight,54.66142609458948,1493002205392
SoundC,124.0841968783918,1493002211236
Present,76,1493002211239
SoundRight,55.53948390010399,1493002215390
SoundC,124.0466527286902,1493002221241
Present,72,1493002221244
SoundRight,56.93067358054167,1493002225390
MoveFocus,GoTour,1493002226176
SoundC,124.10293753844982,1493002231246
Present,79,1493002231249
SoundRight,58.13335170913422,1493002235392
SoundC,124.0841968783918,1493002241260
Present,71,1493002241263
SoundRight,57.68501049899237,1493002245391
SoundC,124.06543529073583,1493002251266
Present,111,1493002251269
SoundRight,58.675063145762515,1493002255392
SoundC,124.06543529073583,1493002261279
Present,62,1493002261282
SoundRight,58.54204500403123,1493002265390
SoundC,124.06543529073583,1493002271285
Present,73,1493002271288
SoundRight,57.28235065151541,1493002275392
SoundC,124.0466527286902,1493002281298
Present,80,1493002281301
SoundRight,56.829728889229386,1493002285390
MoveFocus,GoTour,1493002286250
SoundC,124.0466527286902,1493002291303
Present,80,1493002291306
SoundRight,56.33606637939033,1493002295390
SoundC,124.0841968783918,1493002301316
Present,131,1493002301319
SoundRight,55.678800601293545,1493002305390
SoundC,124.06543529073583,1493002311322
Present,56,1493002311325
SoundRight,55.26124434666023,1493002315390
SoundC,124.0466527286902,1493002321327
Present,78,1493002321330
SoundRight,55.51577709674731,1493002325390
SoundC,124.0841968783918,1493002331332
Present,80,1493002331335
SoundRight,56.335723805267925,1493002335390
SoundC,124.0466527286902,1493002341338
Present,81,1493002341341
SoundRight,56.303078483042064,1493002345390
MoveFocus,GoTour,1493002346376
SoundC,124.06543529073583,1493002351343
Present,75,1493002351346
SoundRight,55.80794806621524,1493002355390
SoundC,124.06543529073583,1493002361348
Present,81,1493002361351
UserPresence,empty,1493002361835
InferredUserPresence,empty,1493002361835
InferredUserPresence,empty,1493002361840
InferredUserPresence,empty,1493002361845
InferredUserPresence,empty,1493002361855
InferredUserPresence,empty,1493002361865
InferredUserPresence,empty,1493002361875
InferredUserPresence,empty,1493002361880
UserPresence,present,1493002363706
InferredUserPresence,present,1493002363711
InferredUserPresence,present,1493002363716
InferredUserPresence,present,1493002363721
InferredUserPresence,present,1493002363726
InferredUserPresence,present,1493002363731
InferredUserPresence,present,1493002363736
UserPresence,empty,1493002364946
InferredUserPresence,empty,1493002364951
InferredUserPresence,empty,1493002364996
SoundRight,55.800499475980274,1493002365390
UserPresence,present,1493002366197
InferredUserPresence,present,1493002366202
SoundC,124.06543529073583,1493002371354
Present,77,1493002371357
SoundRight,56.061700719008435,1493002375390
SoundC,124.0466527286902,1493002381359
Present,98,1493002381362
SoundRight,57.51453506857833,1493002385392
SoundC,124.0466527286902,1493002391370
Present,88,1493002391373
SoundRight,57.34229353934716,1493002395392
SoundC,124.06543529073583,1493002401375
Present,100,1493002401378
SoundRight,57.345074086329284,1493002405392
MoveFocus,GoTour,1493002406459
SoundC,124.0841968783918,1493002411380
Present,101,1493002411383
SoundRight,57.03281378056351,1493002415392
SoundC,124.0841968783918,1493002421385
Present,73,1493002421388
SoundRight,57.15282503624258,1493002425392
SoundC,124.06543529073583,1493002431391
Present,65,1493002431400
SoundRight,57.02978535102974,1493002435392
SoundC,124.06543529073583,1493002441404
Present,80,1493002441407
SoundRight,55.724032797479204,1493002445390
SoundC,124.06543529073583,1493002451409
Present,71,1493002451412
SoundRight,55.66282618338389,1493002455392
SoundC,124.06543529073583,1493002461431
Present,78,1493002461434
SoundRight,55.21722845625069,1493002465390
MoveFocus,GoTour,1493002466553
SoundC,124.0841968783918,1493002471437
Present,80,1493002471439
SoundRight,56.58329074113375,1493002475392
SoundC,124.0466527286902,1493002481441
Present,74,1493002481444
SoundRight,57.10998287991832,1493002485392
SoundC,124.0466527286902,1493002491447
Present,80,1493002491450
SoundRight,57.13688612346046,1493002495392
SoundC,124.0841968783918,1493002501452
Present,77,1493002501455
SoundRight,57.399898607030835,1493002505390
SoundC,124.06543529073583,1493002511457
Present,75,1493002511460
SoundRight,57.1900998585343,1493002515390
SoundC,124.0841968783918,1493002521462
Present,79,1493002521465
SoundRight,56.73067389514908,1493002525392
MoveFocus,GoTour,1493002526646
SoundC,124.06543529073583,1493002531468
Present,84,1493002531470
SoundRight,55.74124842051343,1493002535392
SoundC,124.10293753844982,1493002541472
Present,139,1493002541475
SoundRight,54.88535666283569,1493002545392
SoundC,124.0841968783918,1493002551478
Present,57,1493002551481
SoundRight,54.4784242212548,1493002555392
SoundC,124.0841968783918,1493002561483
Present,68,1493002561486
SoundRight,54.234511184496014,1493002565392
SoundC,124.0841968783918,1493002571488
Present,82,1493002571491
SoundRight,54.866578118913544,1493002575392
SoundC,124.06543529073583,1493002581493
Present,78,1493002581496
SoundRight,55.23516774732009,1493002585391
MoveFocus,GoTour,1493002586736
SoundC,124.0841968783918,1493002591499
Present,77,1493002591502
SoundRight,54.77797516208497,1493002595392
SoundC,124.06543529073583,1493002601504
Present,72,1493002601507
SoundRight,55.44742013803703,1493002605392
SoundC,124.0466527286902,1493002611509
Present,71,1493002611512
SoundRight,54.93064397480872,1493002615392
SoundC,124.0841968783918,1493002621514
Present,147,1493002621517
SoundRight,54.52959529651851,1493002625392
SoundC,124.10293753844982,1493002631520
Present,72,1493002631523
SoundRight,53.861952594607956,1493002635392
SoundC,124.0466527286902,1493002641525
Present,74,1493002641528
SoundRight,54.18228310350432,1493002645390
MoveFocus,GoTour,1493002646817
SoundC,124.0466527286902,1493002651531
Present,78,1493002651533
SoundRight,54.99649514747161,1493002655392
SoundC,124.06543529073583,1493002661535
Present,77,1493002661538
SoundRight,55.235664210530025,1493002665392
SoundC,124.06543529073583,1493002671541
Present,85,1493002671544
SoundRight,55.472307090920324,1493002675392
SoundC,124.06543529073583,1493002681546
Present,79,1493002681549
SoundRight,55.57907048825674,1493002685392
SoundC,124.0466527286902,1493002691551
Present,78,1493002691554
SoundRight,55.245671526676695,1493002695392
SoundC,124.06543529073583,1493002701557
Present,104,1493002701559
SoundRight,54.478808936182766,1493002705392
MoveFocus,GoTour,1493002706885
SoundC,124.06543529073583,1493002711570
Present,94,1493002711573
SoundRight,53.76322452876372,1493002715392
SoundC,124.06543529073583,1493002721576
Present,69,1493002721579
SoundRight,53.238607492454065,1493002725392
SoundC,124.06543529073583,1493002731581
Present,64,1493002731584
SoundRight,53.12531268703262,1493002735392
SoundC,124.06543529073583,1493002741586
Present,79,1493002741589
SoundRight,53.94186912782083,1493002745392
SoundC,124.10293753844982,1493002751592
Present,84,1493002751594
SoundRight,54.51833717503249,1493002755392
SoundC,124.0466527286902,1493002761597
Present,78,1493002761600
SoundRight,55.61039754032963,1493002765390
MoveFocus,GoTour,1493002766961
SoundC,124.06543529073583,1493002771602
Present,80,1493002771605
SoundRight,56.70936417451972,1493002775392
SoundC,124.06543529073583,1493002781607
Present,75,1493002781610
SoundRight,56.6028794765104,1493002785392
SoundC,124.06543529073583,1493002791612
Present,83,1493002791615
SoundRight,56.446839707202365,1493002795393
SoundC,124.06543529073583,1493002801618
Present,81,1493002801621
SoundRight,55.665397316472344,1493002805390
SoundC,124.06543529073583,1493002811623
Present,101,1493002811626
SoundRight,55.37756793043197,1493002815390
SoundC,124.06543529073583,1493002821628
Present,106,1493002821631
SoundRight,55.66263096616289,1493002825392
MoveFocus,GoTour,1493002827078
SoundC,124.0841968783918,1493002831634
Present,129,1493002831637
SoundRight,55.384032903357785,1493002835392
SoundC,124.0466527286902,1493002841647
Present,135,1493002841655
SoundRight,55.90672659182131,1493002845392
SoundC,124.0841968783918,1493002851660
Present,127,1493002851663
SoundRight,57.21964166048467,1493002855392
SoundC,124.0841968783918,1493002861665
Present,145,1493002861668
SoundRight,57.54879962461174,1493002865392
SoundC,124.06543529073583,1493002871670
Present,143,1493002871673
SoundRight,57.36799049136967,1493002875392
SoundC,124.06543529073583,1493002881683
Present,96,1493002881686
SoundRight,56.16195086689269,1493002885392
MoveFocus,GoTour,1493002887167
SoundC,124.06543529073583,1493002891688
Present,85,1493002891691
SoundRight,55.397747135930494,1493002895392
SoundC,124.06543529073583,1493002901693
Present,74,1493002901696
SoundRight,54.73258171468016,1493002905392
SoundC,124.0841968783918,1493002911698
Present,130,1493002911701
SoundRight,53.257237992095135,1493002915392
SoundC,124.0841968783918,1493002921704
Present,146,1493002921707
SoundRight,52.70936910572962,1493002925391
SoundC,124.06543529073583,1493002931709
Present,153,1493002931712
SoundRight,54.26715234115897,1493002935390
SoundC,124.0841968783918,1493002941714
Present,131,1493002941717
SoundRight,54.166414494282144,1493002945390
MoveFocus,GoTour,1493002947307
SoundC,124.0466527286902,1493002951719
Present,71,1493002951722
SoundRight,53.84725310159877,1493002955392
SoundC,124.0466527286902,1493002961725
Present,81,1493002961727
SoundRight,53.76737835653735,1493002965392
SoundC,124.0466527286902,1493002971730
Present,80,1493002971733
SoundRight,55.05965029703979,1493002975390
