Entrance,null,1490750880724
UserCount,1,1490750880724
SoundC,50.159038478285424,1490750882832
Present,89,1490750882835
Entrance,null,1490750885966
UserCount,2,1490750885966
Color,white,1490750886264
LightGroup1,On,1490750886302
Color,white,1490750886401
LightGroup2,On,1490750886450
Color,white,1490750886508
LightGroup3,On,1490750886551
Color,white,1490750886677
LightGroup2,On,1490750886710
Color,white,1490750886802
LightGroup3,On,1490750886817
Color,white,1490750886911
LightGroup1,On,1490750886977
Color,white,1490750887069
LightGroup2,On,1490750887110
Color,white,1490750887226
LightGroup3,On,1490750887248
Color,white,1490750887354
LightGroup2,On,1490750887385
Color,white,1490750887464
LightGroup3,On,1490750887486
Color,white,1490750887563
LightGroup3,On,1490750887585
Color,white,1490750887672
LightGroup3,On,1490750887712
Exit,null,1490750890229
UserCount,1,1490750890230
SoundC,54.210802194865956,1490750892837
Present,94,1490750892840
Entrance,null,1490750896374
UserCount,2,1490750896374
SoundRight,70.0787016850011,1490750901416
SoundC,51.62091662308819,1490750902842
Present,100,1490750902845
MoveFocus,GoTour,1490750908112
Entrance,null,1490750912492
UserCount,3,1490750912492
SoundC,55.369951428718224,1490750912856
Present,97,1490750912858
SoundC,58.433135904413454,1490750922861
Present,179,1490750922863
SoundC,50.159038478285424,1490750932866
Present,175,1490750932868
SoundC,54.210802194865956,1490750942870
Present,177,1490750942873
SoundC,58.433135904413454,1490750952876
Present,159,1490750952878
Entrance,null,1490750953637
UserCount,4,1490750953637
SoundRight,60.20329792798059,1490750961434
SoundC,54.210802194865956,1490750962881
Present,90,1490750962883
MoveFocus,GoTour,1490750968417
SoundC,50.159038478285424,1490750972886
Present,149,1490750972889
SoundC,55.369951428718224,1490750982891
Present,182,1490750982893
Entrance,null,1490750992396
UserCount,5,1490750992396
SoundC,51.62091662308819,1490750992895
Present,207,1490750992898
SoundC,52.96571415471127,1490751002900
Present,189,1490751002903
SoundC,44.808697341762915,1490751012905
Present,190,1490751012908
Seat4B,true,1490751014152
TotalSeatCount,1,1490751014152
Seat4B,true,1490751014152
SoundRight,61.023021476191225,1490751021447
SoundC,56.45426312235056,1490751022910
Present,94,1490751022913
MoveFocus,GoTour,1490751028597
SoundC,48.55773214739296,1490751032915
Present,102,1490751032918
SoundC,52.96571415471127,1490751042920
Present,94,1490751042923
SoundC,56.45426312235056,1490751052926
Present,105,1490751052928
SoundC,46.78757012382582,1490751062931
Present,107,1490751062934
SoundC,50.159038478285424,1490751072938
Present,97,1490751072941
SoundRight,66.44593723960276,1490751081461
SoundC,46.78757012382582,1490751082949
Present,103,1490751082957
MoveFocus,GoTour,1490751088977
SoundC,55.369951428718224,1490751092961
Present,100,1490751092965
SoundC,58.433135904413454,1490751102970
Present,116,1490751102974
SoundC,50.159038478285424,1490751112980
Present,93,1490751112983
SoundC,58.433135904413454,1490751122988
Present,100,1490751122991
SoundC,50.159038478285424,1490751132993
Present,110,1490751132995
Seat6B,false,1490751135162
TotalSeatCount,1,1490751135162
Seat6B,false,1490751135162
SoundRight,65.8563679754536,1490751141476
SoundC,57.472817393488484,1490751142998
Present,102,1490751143001
MoveFocus,GoTour,1490751149577
SoundC,64.61127993529891,1490751153003
Present,92,1490751153005
SoundC,54.210802194865956,1490751163009
Present,93,1490751163012
SoundC,55.369951428718224,1490751173020
Present,106,1490751173023
SoundC,48.55773214739296,1490751183025
Present,100,1490751183028
SoundC,54.210802194865956,1490751193030
Present,90,1490751193033
SoundRight,74.19700410241327,1490751201511
SoundC,68.61682354019833,1490751203035
Present,95,1490751203038
MoveFocus,GoTour,1490751210002
SoundC,50.159038478285424,1490751213040
Present,105,1490751213043
Entrance,null,1490751214872
UserCount,6,1490751214872
SoundC,51.62091662308819,1490751223045
Present,104,1490751223048
SoundC,69.11838317407611,1490751233050
Present,121,1490751233053
SoundC,60.20329792798059,1490751243055
Present,92,1490751243058
SoundC,54.210802194865956,1490751253060
Present,99,1490751253063
SoundRight,61.023021476191225,1490751261530
SoundC,57.472817393488484,1490751263065
Present,110,1490751263068
MoveFocus,GoTour,1490751270412
SoundC,51.62091662308819,1490751273071
Present,108,1490751273073
SoundC,44.808697341762915,1490751283088
Present,96,1490751283091
SoundC,55.369951428718224,1490751293093
Present,112,1490751293096
SoundC,52.96571415471127,1490751303098
Present,100,1490751303101
SoundC,57.472817393488484,1490751313103
Present,122,1490751313107
SoundRight,56.45426312235056,1490751321549
SoundC,57.472817393488484,1490751323109
Present,102,1490751323113
MoveFocus,GoTour,1490751330747
SoundC,60.20329792798059,1490751333115
Present,102,1490751333117
SoundC,44.808697341762915,1490751343119
Present,100,1490751343122
SoundC,44.808697341762915,1490751353124
Present,94,1490751353127
SoundC,46.78757012382582,1490751363130
Present,89,1490751363138
SoundC,58.433135904413454,1490751373142
Present,103,1490751373145
SoundRight,63.95233273361063,1490751381568
SoundC,50.159038478285424,1490751383147
Present,102,1490751383150
MoveFocus,GoTour,1490751391238
SoundC,50.159038478285424,1490751393159
Present,101,1490751393162
SoundC,51.62091662308819,1490751403164
Present,103,1490751403167
SoundC,52.96571415471127,1490751413169
Present,95,1490751413172
SoundC,52.96571415471127,1490751423174
Present,101,1490751423177
SoundC,60.20329792798059,1490751433179
Present,103,1490751433182
SoundRight,66.44593723960276,1490751441587
SoundC,65.24535518573873,1490751443184
Present,107,1490751443187
MoveFocus,GoTour,1490751451428
SoundC,51.62091662308819,1490751453190
Present,104,1490751453193
SoundC,48.55773214739296,1490751463195
Present,112,1490751463198
SoundC,57.472817393488484,1490751473200
Present,114,1490751473203
SoundC,51.62091662308819,1490751483205
Present,98,1490751483208
SoundC,67.56641902255494,1490751493210
Present,92,1490751493213
SoundRight,62.551438321825636,1490751501607
SoundC,51.62091662308819,1490751503215
Present,85,1490751503218
MoveFocus,GoTour,1490751511588
SoundC,50.159038478285424,1490751513220
Present,95,1490751513223
SoundC,48.55773214739296,1490751523225
Present,102,1490751523228
SoundC,48.55773214739296,1490751533230
Present,103,1490751533233
SoundC,54.210802194865956,1490751543235
Present,104,1490751543238
SoundC,46.78757012382582,1490751553240
Present,92,1490751553243
SoundRight,73.82773649063114,1490751561626
SoundC,52.96571415471127,1490751563245
Present,102,1490751563248
MoveFocus,GoTour,1490751571953
SoundC,65.24535518573873,1490751573250
Present,100,1490751573253
SoundC,61.80460425887306,1490751583256
Present,103,1490751583259
SoundC,46.78757012382582,1490751593261
Present,101,1490751593263
SoundC,57.472817393488484,1490751603272
Present,118,1490751603274
SoundC,42.56523641427832,1490751613277
Present,102,1490751613280
Seat2B,false,1490751619227
TotalSeatCount,1,1490751619227
SoundRight,57.472817393488484,1490751621660
SoundC,50.159038478285424,1490751623282
Present,110,1490751623291
MoveFocus,GoTour,1490751632308
SoundC,48.55773214739296,1490751633293
Present,111,1490751633296
SoundC,44.808697341762915,1490751643299
Present,104,1490751643301
SoundC,48.55773214739296,1490751653303
Present,104,1490751653307
SoundC,59.341519288975356,1490751663309
Present,105,1490751663312
SoundC,64.61127993529891,1490751673314
Present,99,1490751673317
SoundRight,61.80460425887306,1490751681693
SoundC,62.551438321825636,1490751683328
Present,90,1490751683330
MoveFocus,GoTour,1490751692528
SoundC,61.023021476191225,1490751693341
Present,104,1490751693344
SoundC,52.96571415471127,1490751703354
Present,98,1490751703357
SoundC,50.159038478285424,1490751713359
Present,103,1490751713362
SoundC,46.78757012382582,1490751723372
Present,118,1490751723375
SoundC,69.11838317407611,1490751733377
Present,114,1490751733380
SoundRight,60.20329792798059,1490751741729
SoundC,50.159038478285424,1490751743383
Present,103,1490751743385
MoveFocus,GoTour,1490751752658
SoundC,46.78757012382582,1490751753388
Present,117,1490751753390
SoundC,58.433135904413454,1490751763393
Present,106,1490751763395
SoundC,54.210802194865956,1490751773398
Present,101,1490751773400
SoundC,51.62091662308819,1490751783403
Present,116,1490751783405
SoundC,48.55773214739296,1490751793408
Present,109,1490751793411
SoundRight,62.551438321825636,1490751801763
SoundC,70.5390318503356,1490751803413
Present,99,1490751803416
MoveFocus,GoTour,1490751813128
SoundC,57.472817393488484,1490751813418
Present,111,1490751813421
SoundC,51.62091662308819,1490751823423
Present,98,1490751823426
SoundC,50.159038478285424,1490751833428
Present,109,1490751833431
SoundC,50.159038478285424,1490751843433
Present,98,1490751843437
SoundC,46.78757012382582,1490751853439
Present,104,1490751853442
SoundRight,57.472817393488484,1490751861782
SoundC,55.369951428718224,1490751863444
Present,113,1490751863447
SoundC,52.96571415471127,1490751873449
Present,90,1490751873452
MoveFocus,GoTour,1490751873468
SoundC,48.55773214739296,1490751883454
Present,117,1490751883457
SoundC,61.80460425887306,1490751893460
Present,110,1490751893463
SoundC,56.45426312235056,1490751903465
Present,106,1490751903468
SoundC,61.023021476191225,1490751913470
Present,106,1490751913473
SoundRight,59.341519288975356,1490751921801
SoundC,57.472817393488484,1490751923475
Present,98,1490751923478
SoundC,51.62091662308819,1490751933480
Present,110,1490751933483
MoveFocus,GoTour,1490751933823
SoundC,62.551438321825636,1490751943485
Present,100,1490751943488
SoundC,51.62091662308819,1490751953491
Present,106,1490751953494
SoundC,51.62091662308819,1490751963496
Present,98,1490751963499
SoundC,50.159038478285424,1490751973501
Present,101,1490751973504
SoundRight,59.341519288975356,1490751981820
SoundC,75.59789851419828,1490751983506
Present,95,1490751983509
SoundC,69.60540278108363,1490751993519
Present,103,1490751993522
MoveFocus,GoTour,1490751994088
SoundC,46.78757012382582,1490752003524
Present,101,1490752003527
SoundC,52.96571415471127,1490752013529
Present,95,1490752013532
SoundC,55.369951428718224,1490752023534
Present,89,1490752023537
SoundC,51.62091662308819,1490752033539
Present,106,1490752033542
SoundRight,72.66858725677886,1490752041844
SoundC,46.78757012382582,1490752043544
Present,107,1490752043547
SoundC,60.20329792798059,1490752053549
Present,99,1490752053552
MoveFocus,GoTour,1490752054263
SoundC,51.62091662308819,1490752063554
Present,98,1490752063557
SoundC,55.369951428718224,1490752073560
Present,103,1490752073562
SoundC,69.60540278108363,1490752083564
Present,88,1490752083567
SoundC,52.96571415471127,1490752093570
Present,115,1490752093572
SoundRight,55.369951428718224,1490752101863
SoundC,51.62091662308819,1490752103574
Present,101,1490752103583
SoundC,50.159038478285424,1490752113587
Present,104,1490752113590
MoveFocus,GoTour,1490752114484
SoundC,55.369951428718224,1490752123592
Present,94,1490752123595
SoundC,42.56523641427832,1490752133605
Present,102,1490752133608
SoundC,58.433135904413454,1490752143610
Present,98,1490752143613
SoundC,46.78757012382582,1490752153623
Present,122,1490752153626
SoundRight,65.8563679754536,1490752161880
SoundC,52.96571415471127,1490752163628
Present,95,1490752163631
SoundC,61.023021476191225,1490752173633
Present,108,1490752173636
MoveFocus,GoTour,1490752174664
SoundC,67.01551720930587,1490752183646
Present,105,1490752183649
SoundC,50.159038478285424,1490752193654
Present,98,1490752193662
SoundC,54.210802194865956,1490752203666
Present,101,1490752203669
SoundC,50.159038478285424,1490752213671
Present,105,1490752213674
SoundRight,73.45017003946069,1490752221898
SoundC,48.55773214739296,1490752223676
Present,107,1490752223679
SoundC,63.26648240367583,1490752233681
Present,89,1490752233684
MoveFocus,GoTour,1490752234809
Seat2B,true,1490752240689
TotalSeatCount,2,1490752240689
SoundC,73.82773649063114,1490752243686
Present,108,1490752243689
SoundC,48.55773214739296,1490752253691
Present,109,1490752253694
SoundC,56.45426312235056,1490752263705
Present,98,1490752263708
SoundC,62.551438321825636,1490752273710
Present,82,1490752273713
SoundRight,63.95233273361063,1490752281921
SoundC,46.78757012382582,1490752283715
Present,106,1490752283718
SoundC,61.023021476191225,1490752293720
Present,100,1490752293723
MoveFocus,GoTour,1490752295019
SoundC,46.78757012382582,1490752303725
Present,95,1490752303728
SoundC,50.159038478285424,1490752313737
Present,109,1490752313739
SoundC,63.95233273361063,1490752323741
Present,103,1490752323744
SoundC,51.62091662308819,1490752333747
Present,87,1490752333749
SoundRight,54.210802194865956,1490752341941
SoundC,48.55773214739296,1490752343751
Present,92,1490752343754
SoundC,48.55773214739296,1490752353757
Present,105,1490752353759
MoveFocus,GoTour,1490752355149
Seat2B,false,1490752361710
TotalSeatCount,1,1490752361711
SoundC,48.55773214739296,1490752363762
Present,102,1490752363764
SoundC,59.341519288975356,1490752373766
Present,103,1490752373769
SoundC,48.55773214739296,1490752383771
Present,90,1490752383774
SoundC,52.96571415471127,1490752393777
Present,98,1490752393779
SoundRight,59.341519288975356,1490752401960
SoundC,46.78757012382582,1490752403781
Present,96,1490752403784
SoundC,69.11838317407611,1490752413787
Present,94,1490752413789
MoveFocus,GoTour,1490752415244
SoundC,56.45426312235056,1490752423800
Present,105,1490752423802
SoundC,54.210802194865956,1490752433805
Present,103,1490752433808
SoundC,67.56641902255494,1490752443810
Present,106,1490752443812
SoundC,58.433135904413454,1490752453815
Present,108,1490752453818
SoundRight,74.91204818426347,1490752461981
SoundC,68.0998289029382,1490752463820
Present,92,1490752463823
SoundC,61.80460425887306,1490752473825
Present,103,1490752473828
MoveFocus,GoTour,1490752475319
Seat5B,false,1490752482722
TotalSeatCount,1,1490752482722
SoundC,57.472817393488484,1490752483830
Present,110,1490752483833
SoundC,61.80460425887306,1490752493835
Present,103,1490752493838
SoundC,46.78757012382582,1490752503840
Present,103,1490752503843
SoundC,50.159038478285424,1490752513845
Present,92,1490752513848
SoundRight,57.472817393488484,1490752522000
SoundC,48.55773214739296,1490752523850
Present,106,1490752523853
SoundC,51.62091662308819,1490752533855
Present,98,1490752533858
MoveFocus,GoTour,1490752535419
SoundC,61.80460425887306,1490752543860
Present,103,1490752543863
SoundC,48.55773214739296,1490752553865
Present,93,1490752553880
SoundC,57.472817393488484,1490752563882
Present,101,1490752563884
SoundC,58.433135904413454,1490752573886
Present,103,1490752573889
SoundRight,64.61127993529891,1490752582019
SoundC,56.45426312235056,1490752583891
Present,83,1490752583894
SoundC,48.55773214739296,1490752593896
Present,118,1490752593899
Seat6A,false,1490752594975
Seat6A,true,1490752594976
TotalSeatCount,2,1490752594976
Seat6A,true,1490752594976
MoveFocus,GoTour,1490752595524
SoundC,44.808697341762915,1490752603901
Present,101,1490752603904
SoundC,50.159038478285424,1490752613906
Present,91,1490752613909
SoundC,52.96571415471127,1490752623911
Present,91,1490752623914
SoundC,54.210802194865956,1490752633916
Present,102,1490752633919
SoundRight,78.09150302019039,1490752642038
SoundC,66.44593723960276,1490752643921
Present,99,1490752643924
SoundC,48.55773214739296,1490752653926
Present,94,1490752653929
MoveFocus,GoTour,1490752655614
SoundC,56.45426312235056,1490752663931
Present,114,1490752663934
SoundC,44.808697341762915,1490752673936
Present,101,1490752673939
SoundC,61.023021476191225,1490752683941
Present,99,1490752683944
SoundC,50.159038478285424,1490752693946
Present,121,1490752693949
SoundRight,55.369951428718224,1490752702057
SoundC,62.551438321825636,1490752703951
Present,107,1490752703954
SoundC,58.433135904413454,1490752713956
Present,92,1490752713959
MoveFocus,GoTour,1490752715729
Seat1B,false,1490752715988
TotalSeatCount,2,1490752715988
Seat1B,false,1490752715988
SoundC,48.55773214739296,1490752723961
Present,97,1490752723964
SoundC,54.210802194865956,1490752733966
Present,105,1490752733969
SoundC,70.987085069563,1490752743971
Present,87,1490752743974
SoundC,59.341519288975356,1490752753976
Present,101,1490752753979
SoundRight,65.8563679754536,1490752762077
SoundC,62.551438321825636,1490752763981
Present,96,1490752763984
SoundC,48.55773214739296,1490752773987
Present,95,1490752773989
MoveFocus,GoTour,1490752775829
SoundC,69.11838317407611,1490752783991
Present,99,1490752783994
SoundC,46.78757012382582,1490752793997
Present,93,1490752793999
SoundC,46.78757012382582,1490752804002
Present,96,1490752804004
SoundC,58.433135904413454,1490752814006
Present,102,1490752814009
SoundRight,74.55832985633069,1490752822096
SoundC,55.369951428718224,1490752824011
Present,93,1490752824014
SoundC,71.42349921662418,1490752834017
Present,125,1490752834020
MoveFocus,GoTour,1490752835985
SoundC,51.62091662308819,1490752844022
Present,103,1490752844024
SoundC,75.59789851419828,1490752854027
Present,88,1490752854030
UserPresence,empty,1490752854255
UserPresence,present,1490752855560
UserPresence,empty,1490752859570
SoundC,52.96571415471127,1490752864032
Present,128,1490752864035
SoundC,60.20329792798059,1490752874037
Present,101,1490752874040
SoundRight,57.472817393488484,1490752882111
SoundC,70.0787016850011,1490752884042
Present,96,1490752884045
SoundC,44.808697341762915,1490752894047
Present,99,1490752894050
MoveFocus,GoTour,1490752896365
SoundC,50.159038478285424,1490752904053
Present,99,1490752904055
SoundC,50.159038478285424,1490752914058
Present,105,1490752914060
SoundC,65.8563679754536,1490752924062
Present,98,1490752924065
SoundC,46.78757012382582,1490752934074
Present,110,1490752934077
Seat2B,true,1490752938628
TotalSeatCount,3,1490752938628
SoundRight,82.41011779552353,1490752942126
SoundC,54.210802194865956,1490752944086
Present,101,1490752944089
SoundC,50.159038478285424,1490752954093
Present,89,1490752954096
MoveFocus,GoTour,1490752956510
SoundC,50.159038478285424,1490752964105
Present,102,1490752964109
SoundC,54.210802194865956,1490752974118
Present,115,1490752974121
SoundC,70.0787016850011,1490752984123
Present,91,1490752984126
SoundC,46.78757012382582,1490752994134
Present,107,1490752994137
SoundRight,65.8563679754536,1490753002140
SoundC,54.210802194865956,1490753004163
Present,106,1490753004166
SoundC,51.62091662308819,1490753014169
Present,92,1490753014172
MoveFocus,GoTour,1490753016615
SoundC,54.210802194865956,1490753024174
Present,91,1490753024177
SoundC,63.95233273361063,1490753034182
Present,100,1490753034184
SoundC,51.62091662308819,1490753044187
Present,101,1490753044189
SoundC,69.60540278108363,1490753054198
Present,80,1490753054200
Seat2B,false,1490753059646
TotalSeatCount,2,1490753059646
SoundRight,75.93060245540138,1490753062152
SoundC,69.11838317407611,1490753064203
Present,102,1490753064205
SoundC,57.472817393488484,1490753074208
Present,100,1490753074211
MoveFocus,GoTour,1490753076725
SoundC,68.0998289029382,1490753084213
Present,96,1490753084216
SoundC,50.159038478285424,1490753094226
Present,101,1490753094229
SoundC,46.78757012382582,1490753104230
Present,102,1490753104233
SoundC,48.55773214739296,1490753114235
Present,102,1490753114238
SoundRight,61.023021476191225,1490753122183
SoundC,66.44593723960276,1490753124240
Present,114,1490753124243
SoundC,50.159038478285424,1490753134245
Present,103,1490753134248
MoveFocus,GoTour,1490753137075
SoundC,63.95233273361063,1490753144251
Present,93,1490753144257
SoundC,44.808697341762915,1490753154263
Present,92,1490753154266
SoundC,50.159038478285424,1490753164268
Present,102,1490753164271
SoundC,46.78757012382582,1490753174273
Present,105,1490753174276
SoundRight,63.95233273361063,1490753182213
SoundC,46.78757012382582,1490753184286
Present,91,1490753184288
SoundC,44.808697341762915,1490753194290
Present,102,1490753194293
MoveFocus,GoTour,1490753197255
SoundC,50.159038478285424,1490753204295
Present,107,1490753204298
SoundC,58.433135904413454,1490753214300
Present,103,1490753214314
SoundC,55.369951428718224,1490753224324
Present,109,1490753224327
SoundC,50.159038478285424,1490753234330
Present,107,1490753234332
SoundRight,70.987085069563,1490753242251
SoundC,64.61127993529891,1490753244341
Present,102,1490753244343
Seat2B,true,1490753253001
TotalSeatCount,3,1490753253001
SoundC,61.023021476191225,1490753254351
Present,104,1490753254354
MoveFocus,GoTour,1490753257670
SoundC,50.159038478285424,1490753264364
Present,109,1490753264368
SoundC,48.55773214739296,1490753274377
Present,90,1490753274380
SoundC,54.210802194865956,1490753284388
Present,109,1490753284391
SoundC,75.59789851419828,1490753294394
Present,101,1490753294397
UserPresence,present,1490753295930
SoundRight,61.023021476191225,1490753302288
SoundC,61.80460425887306,1490753304406
Present,91,1490753304409
SoundC,51.62091662308819,1490753314418
Present,108,1490753314420
MoveFocus,GoTour,1490753317790
SoundC,46.78757012382582,1490753324423
Present,111,1490753324426
SoundC,51.62091662308819,1490753334434
Present,137,1490753334448
SoundC,51.62091662308819,1490753344458
Present,111,1490753344461
SoundC,52.96571415471127,1490753354470
Present,87,1490753354473
SoundRight,90.58435757256343,1490753362323
SoundC,63.95233273361063,1490753364475
Present,99,1490753364478
Seat2B,false,1490753374010
TotalSeatCount,2,1490753374011
SoundC,61.023021476191225,1490753374488
Present,103,1490753374491
MoveFocus,GoTour,1490753378000
SoundC,61.80460425887306,1490753384494
Present,114,1490753384497
SoundC,51.62091662308819,1490753394507
Present,90,1490753394510
SoundC,42.56523641427832,1490753404513
Present,104,1490753404516
Seat2B,true,1490753412979
TotalSeatCount,3,1490753412979
SoundC,60.20329792798059,1490753414524
Present,99,1490753414533
SoundRight,68.61682354019833,1490753422353
SoundC,52.96571415471127,1490753424541
Present,107,1490753424544
SoundC,62.551438321825636,1490753434555
Present,90,1490753434643
MoveFocus,GoTour,1490753438095
SoundC,55.369951428718224,1490753444646
Present,104,1490753444649
SoundC,50.159038478285424,1490753454657
Present,103,1490753454660
SoundC,48.55773214739296,1490753464662
Present,102,1490753464669
SoundC,44.808697341762915,1490753474678
Present,102,1490753474681
SoundRight,57.472817393488484,1490753482386
SoundC,48.55773214739296,1490753484689
Present,109,1490753484692
SoundC,52.96571415471127,1490753494700
Present,106,1490753494703
MoveFocus,GoTour,1490753498415
SoundC,61.80460425887306,1490753504706
Present,90,1490753504709
SoundC,50.159038478285424,1490753514717
Present,93,1490753514720
SoundC,51.62091662308819,1490753524729
Present,100,1490753524731
Seat2B,false,1490753533991
TotalSeatCount,2,1490753533991
SoundC,52.96571415471127,1490753534734
Present,94,1490753534737
SoundRight,73.82773649063114,1490753542416
SoundC,52.96571415471127,1490753544745
Present,110,1490753544748
SoundC,46.78757012382582,1490753554757
Present,101,1490753554759
MoveFocus,GoTour,1490753558536
SoundC,54.210802194865956,1490753564762
Present,86,1490753564765
SoundC,39.975350842500546,1490753574773
Present,100,1490753574776
SoundC,75.25847282855663,1490753584784
Present,104,1490753584787
SoundC,61.023021476191225,1490753594789
Present,111,1490753594792
SoundRight,78.37870659506,1490753602446
SoundC,48.55773214739296,1490753604801
Present,104,1490753604803
SoundC,60.20329792798059,1490753614813
Present,101,1490753614816
MoveFocus,GoTour,1490753618951
SoundC,60.20329792798059,1490753624824
Present,109,1490753624828
SoundC,74.55832985633069,1490753634837
Present,103,1490753634840
SoundC,61.023021476191225,1490753644849
Present,77,1490753644852
SoundC,44.808697341762915,1490753654854
Present,97,1490753654858
SoundRight,61.023021476191225,1490753662464
SoundC,46.78757012382582,1490753664863
Present,102,1490753664866
SoundC,46.78757012382582,1490753674874
Present,107,1490753674877
MoveFocus,GoTour,1490753679076
SoundC,61.023021476191225,1490753684885
Present,99,1490753684888
SoundC,50.159038478285424,1490753694898
Present,104,1490753694901
SoundC,54.210802194865956,1490753704904
Present,116,1490753704906
SoundC,42.56523641427832,1490753714909
Present,106,1490753714912
SoundRight,73.82773649063114,1490753722483
SoundC,56.45426312235056,1490753724914
Present,102,1490753724917
SoundC,71.84886370856825,1490753734919
Present,113,1490753734922
MoveFocus,GoTour,1490753739316
SoundC,56.45426312235056,1490753744933
Present,101,1490753744936
SoundC,56.45426312235056,1490753754938
Present,93,1490753754941
SoundC,48.55773214739296,1490753764944
Present,104,1490753764946
SoundC,64.61127993529891,1490753774949
Present,104,1490753774952
SoundRight,73.06392314376754,1490753782502
SoundC,71.42349921662418,1490753784954
Present,107,1490753784957
SoundC,62.551438321825636,1490753794959
Present,101,1490753794962
MoveFocus,GoTour,1490753799481
SoundC,50.159038478285424,1490753804964
Present,83,1490753804967
SoundC,44.808697341762915,1490753814969
Present,109,1490753814972
SoundC,66.44593723960276,1490753824975
Present,98,1490753824977
SoundC,70.0787016850011,1490753834988
Present,95,1490753834991
SoundRight,60.20329792798059,1490753842522
SoundC,48.55773214739296,1490753844994
Present,100,1490753844997
SoundC,57.472817393488484,1490753854999
Present,107,1490753855002
MoveFocus,GoTour,1490753859581
SoundC,58.433135904413454,1490753865004
Present,101,1490753865007
SoundC,42.56523641427832,1490753875009
Present,84,1490753875012
SoundC,57.472817393488484,1490753885014
Present,103,1490753885017
SoundC,65.24535518573873,1490753895020
Present,88,1490753895023
SoundRight,68.0998289029382,1490753902554
SoundC,62.551438321825636,1490753905025
Present,95,1490753905028
SoundC,52.96571415471127,1490753915030
Present,93,1490753915033
MoveFocus,GoTour,1490753919841
SoundC,78.09150302019039,1490753925035
Present,103,1490753925038
SoundC,48.55773214739296,1490753935040
Present,96,1490753935043
SoundC,66.44593723960276,1490753945045
Present,95,1490753945048
SoundC,46.78757012382582,1490753955050
Present,101,1490753955053
SoundRight,62.551438321825636,1490753962573
SoundC,76.25684571588656,1490753965055
Present,104,1490753965058
SoundC,65.8563679754536,1490753975060
Present,99,1490753975063
MoveFocus,GoTour,1490753980136
SoundC,63.95233273361063,1490753985065
Present,93,1490753985068
SoundC,52.96571415471127,1490753995071
Present,105,1490753995073
SoundC,65.8563679754536,1490754005076
Present,99,1490754005078
SoundC,51.62091662308819,1490754015080
Present,119,1490754015083
SoundRight,83.28309336929843,1490754022593
SoundC,44.808697341762915,1490754025085
Present,101,1490754025088
SoundC,48.55773214739296,1490754035090
Present,110,1490754035093
MoveFocus,GoTour,1490754040366
SoundC,48.55773214739296,1490754045095
Present,96,1490754045098
SoundC,48.55773214739296,1490754055101
Present,101,1490754055103
SoundC,48.55773214739296,1490754065105
Present,102,1490754065108
SoundC,59.341519288975356,1490754075110
Present,105,1490754075113
SoundRight,73.06392314376754,1490754082611
SoundC,50.159038478285424,1490754085115
Present,89,1490754085118
SoundC,71.84886370856825,1490754095125
Present,89,1490754095128
MoveFocus,GoTour,1490754100516
SoundC,56.45426312235056,1490754105130
Present,87,1490754105133
SoundC,46.78757012382582,1490754115138
Present,103,1490754115141
SoundC,50.159038478285424,1490754125145
Present,123,1490754125148
SoundC,59.341519288975356,1490754135158
Present,100,1490754135161
SoundRight,67.56641902255494,1490754142630
SoundC,48.55773214739296,1490754145165
Present,103,1490754145168
SoundC,67.01551720930587,1490754155172
Present,90,1490754155175
MoveFocus,GoTour,1490754160701
SoundC,52.96571415471127,1490754165181
Present,99,1490754165184
SoundC,46.78757012382582,1490754175188
Present,106,1490754175191
SoundC,50.159038478285424,1490754185195
Present,101,1490754185198
SoundC,57.472817393488484,1490754195204
Present,90,1490754195207
SoundRight,64.61127993529891,1490754202649
SoundC,50.159038478285424,1490754205213
Present,88,1490754205216
SoundC,50.159038478285424,1490754215219
Present,103,1490754215221
MoveFocus,GoTour,1490754220996
SoundC,54.210802194865956,1490754225233
Present,105,1490754225236
SoundC,63.26648240367583,1490754235242
Present,104,1490754235245
SoundC,59.341519288975356,1490754245251
Present,100,1490754245254
SoundC,74.55832985633069,1490754255260
Present,94,1490754255263
SoundRight,65.24535518573873,1490754262667
SoundC,58.433135904413454,1490754265268
Present,104,1490754265271
SoundC,48.55773214739296,1490754275276
Present,111,1490754275279
MoveFocus,GoTour,1490754281132
SoundC,69.11838317407611,1490754285281
Present,94,1490754285290
SoundC,61.023021476191225,1490754295294
Present,104,1490754295297
SoundC,72.66858725677886,1490754305302
Present,97,1490754305305
SoundC,44.808697341762915,1490754315307
Present,105,1490754315309
SoundRight,78.6610829898935,1490754322684
SoundC,55.369951428718224,1490754325311
Present,96,1490754325315
SoundC,66.44593723960276,1490754335317
Present,103,1490754335320
MoveFocus,GoTour,1490754341252
SoundC,51.62091662308819,1490754345322
Present,102,1490754345324
SoundC,46.78757012382582,1490754355329
Present,103,1490754355333
SoundC,66.44593723960276,1490754365335
Present,103,1490754365338
SoundC,61.023021476191225,1490754375342
Present,89,1490754375345
SoundRight,71.42349921662418,1490754382704
SoundC,60.20329792798059,1490754385350
Present,99,1490754385353
SoundC,48.55773214739296,1490754395356
Present,100,1490754395358
MoveFocus,GoTour,1490754401447
SoundC,68.0998289029382,1490754405361
Present,123,1490754405363
SoundC,69.11838317407611,1490754415365
Present,100,1490754415368
SoundC,55.369951428718224,1490754425370
Present,78,1490754425373
SoundC,55.369951428718224,1490754435376
Present,100,1490754435379
SoundRight,83.70314024765165,1490754442723
SoundC,46.78757012382582,1490754445380
Present,103,1490754445383
SoundC,60.20329792798059,1490754455385
Present,101,1490754455388
MoveFocus,GoTour,1490754461507
SoundC,44.808697341762915,1490754465390
Present,99,1490754465393
SoundC,48.55773214739296,1490754475395
Present,109,1490754475398
SoundC,63.95233273361063,1490754485400
Present,103,1490754485403
SoundC,59.341519288975356,1490754495405
Present,93,1490754495408
SoundRight,55.369951428718224,1490754502757
SoundC,68.61682354019833,1490754505410
Present,94,1490754505413
SoundC,63.26648240367583,1490754515415
Present,100,1490754515418
MoveFocus,GoTour,1490754521767
SoundC,48.55773214739296,1490754525421
Present,92,1490754525424
SoundC,71.84886370856825,1490754535426
Present,98,1490754535429
SoundC,52.96571415471127,1490754545431
Present,94,1490754545434
SoundC,44.808697341762915,1490754555437
Present,100,1490754555440
SoundRight,63.26648240367583,1490754562775
SoundC,52.96571415471127,1490754565444
Present,102,1490754565447
SoundC,50.159038478285424,1490754575455
Present,104,1490754575458
MoveFocus,GoTour,1490754582077
SoundC,68.61682354019833,1490754585463
Present,105,1490754585466
SoundC,50.159038478285424,1490754595470
Present,81,1490754595474
SoundC,48.55773214739296,1490754605476
Present,102,1490754605479
SoundC,70.5390318503356,1490754615481
Present,96,1490754615484
SoundRight,65.8563679754536,1490754622793
SoundC,56.45426312235056,1490754625486
Present,108,1490754625490
SoundC,46.78757012382582,1490754635493
Present,103,1490754635495
MoveFocus,GoTour,1490754642207
SoundC,67.56641902255494,1490754645498
Present,117,1490754645501
SoundC,62.551438321825636,1490754655503
Present,90,1490754655506
SoundC,65.24535518573873,1490754665508
Present,101,1490754665511
SoundC,39.975350842500546,1490754675513
Present,102,1490754675516
SoundRight,59.341519288975356,1490754682813
SoundC,48.55773214739296,1490754685518
Present,99,1490754685521
SoundC,59.341519288975356,1490754695523
Present,94,1490754695526
MoveFocus,GoTour,1490754702457
SoundC,51.62091662308819,1490754705528
Present,116,1490754705531
SoundC,48.55773214739296,1490754715533
Present,102,1490754715536
SoundC,72.66858725677886,1490754725545
Present,97,1490754725548
SoundC,73.06392314376754,1490754735550
Present,105,1490754735553
SoundRight,61.80460425887306,1490754742832
SoundC,56.45426312235056,1490754745555
Present,103,1490754745558
SoundC,51.62091662308819,1490754755560
Present,93,1490754755563
MoveFocus,GoTour,1490754762762
SoundC,70.5390318503356,1490754765565
Present,112,1490754765568
SoundC,44.808697341762915,1490754775570
Present,102,1490754775574
SoundC,75.59789851419828,1490754785577
Present,101,1490754785580
SoundC,50.159038478285424,1490754795582
Present,78,1490754795585
SoundRight,57.472817393488484,1490754802851
SoundC,71.42349921662418,1490754805587
Present,96,1490754805590
SoundC,42.56523641427832,1490754815592
Present,104,1490754815595
MoveFocus,GoTour,1490754823157
SoundC,51.62091662308819,1490754825598
Present,82,1490754825600
SoundC,69.11838317407611,1490754835602
Present,104,1490754835605
SoundC,69.11838317407611,1490754845608
Present,102,1490754845610
SoundC,65.8563679754536,1490754855612
Present,76,1490754855615
SoundRight,65.8563679754536,1490754862870
SoundC,65.24535518573873,1490754865624
Present,114,1490754865627
SoundC,62.551438321825636,1490754875635
Present,107,1490754875638
MoveFocus,GoTour,1490754883342
SoundC,48.55773214739296,1490754885641
Present,103,1490754885643
SoundC,46.78757012382582,1490754895651
Present,93,1490754895654
SoundC,70.5390318503356,1490754905659
Present,103,1490754905662
SoundC,61.023021476191225,1490754915670
Present,100,1490754915672
SoundRight,70.0787016850011,1490754922890
SoundC,44.808697341762915,1490754925679
Present,97,1490754925681
SoundC,54.210802194865956,1490754935688
Present,109,1490754935690
MoveFocus,GoTour,1490754943407
SoundC,50.159038478285424,1490754945697
Present,101,1490754945699
SoundC,71.42349921662418,1490754955705
Present,98,1490754955708
SoundC,59.341519288975356,1490754965710
Present,83,1490754965714
SoundC,46.78757012382582,1490754975720
Present,116,1490754975724
SoundRight,61.023021476191225,1490754982909
SoundC,76.89092096632638,1490754985729
Present,99,1490754985732
SoundC,48.55773214739296,1490754995734
Present,102,1490754995737
MoveFocus,GoTour,1490755003488
SoundC,74.91204818426347,1490755005756
Present,107,1490755005759
SoundC,48.55773214739296,1490755015761
Present,97,1490755015763
SoundC,59.341519288975356,1490755025770
Present,122,1490755025772
SoundC,48.55773214739296,1490755035774
Present,103,1490755035777
SoundRight,62.551438321825636,1490755042928
SoundC,68.0998289029382,1490755045783
Present,101,1490755045786
SoundC,75.93060245540138,1490755055789
Present,102,1490755055796
MoveFocus,GoTour,1490755063628
SoundC,70.5390318503356,1490755065799
Present,101,1490755065806
SoundC,61.80460425887306,1490755075809
Present,99,1490755075816
SoundC,57.472817393488484,1490755085819
Present,122,1490755085824
SoundC,46.78757012382582,1490755095829
Present,106,1490755095834
SoundRight,67.01551720930587,1490755102948
SoundC,75.59789851419828,1490755105839
Present,102,1490755105842
SoundC,66.44593723960276,1490755115849
Present,101,1490755115852
MoveFocus,GoTour,1490755123988
SoundC,74.91204818426347,1490755125860
Present,90,1490755125863
SoundC,63.95233273361063,1490755135871
Present,117,1490755135874
SoundC,52.96571415471127,1490755145876
Present,102,1490755145879
SoundC,57.472817393488484,1490755155882
Present,98,1490755155885
SoundRight,59.341519288975356,1490755162966
SoundC,57.472817393488484,1490755165892
Present,93,1490755165894
SoundC,51.62091662308819,1490755175897
Present,104,1490755175899
MoveFocus,GoTour,1490755184198
SoundC,67.01551720930587,1490755185906
Present,102,1490755185909
SoundC,68.0998289029382,1490755195912
Present,101,1490755195914
SoundC,61.023021476191225,1490755205917
Present,106,1490755205919
Seat2B,true,1490755210491
TotalSeatCount,3,1490755210492
SoundC,52.96571415471127,1490755215922
Present,106,1490755215924
SoundRight,75.93060245540138,1490755222980
SoundC,44.808697341762915,1490755225927
Present,106,1490755225930
SoundC,57.472817393488484,1490755235932
Present,100,1490755235935
MoveFocus,GoTour,1490755244323
SoundC,65.8563679754536,1490755245937
Present,99,1490755245940
SoundC,65.24535518573873,1490755255942
Present,102,1490755255945
SoundC,63.26648240367583,1490755265948
Present,103,1490755265950
SoundC,66.44593723960276,1490755275953
Present,99,1490755275956
SoundRight,59.341519288975356,1490755282993
SoundC,44.808697341762915,1490755285958
Present,107,1490755285961
SoundC,55.369951428718224,1490755295963
Present,104,1490755295966
MoveFocus,GoTour,1490755304398
SoundC,65.8563679754536,1490755305974
Present,101,1490755305977
SoundC,73.45017003946069,1490755315979
Present,95,1490755315981
SoundC,46.78757012382582,1490755325984
Present,102,1490755325987
Seat2B,false,1490755331508
TotalSeatCount,2,1490755331509
SoundC,50.159038478285424,1490755335989
Present,107,1490755335992
SoundRight,67.56641902255494,1490755343010
SoundC,50.159038478285424,1490755345996
Present,94,1490755345999
SoundC,70.987085069563,1490755356001
Present,100,1490755356004
MoveFocus,GoTour,1490755364608
SoundC,67.01551720930587,1490755366006
Present,101,1490755366009
SoundC,73.06392314376754,1490755376011
Present,89,1490755376014
SoundC,52.96571415471127,1490755386016
Present,110,1490755386019
SoundC,61.023021476191225,1490755396021
Present,101,1490755396024
SoundRight,59.341519288975356,1490755403026
SoundC,50.159038478285424,1490755406026
Present,104,1490755406029
SoundC,65.24535518573873,1490755416031
Present,105,1490755416034
MoveFocus,GoTour,1490755425013
SoundC,52.96571415471127,1490755426040
Present,94,1490755426043
SoundC,48.55773214739296,1490755436045
Present,98,1490755436048
SoundC,52.96571415471127,1490755446051
Present,105,1490755446053
SoundC,60.20329792798059,1490755456055
Present,102,1490755456058
SoundRight,58.433135904413454,1490755463058
SoundC,65.8563679754536,1490755466061
Present,99,1490755466063
SoundC,51.62091662308819,1490755476066
Present,109,1490755476068
MoveFocus,GoTour,1490755485193
SoundC,52.96571415471127,1490755486071
Present,100,1490755486074
SoundC,60.20329792798059,1490755496076
Present,110,1490755496079
SoundC,59.341519288975356,1490755506081
Present,113,1490755506092
UserPresence,empty,1490755506283
UserPresence,present,1490755507818
UserPresence,empty,1490755511348
SoundC,67.01551720930587,1490755516100
Present,101,1490755516103
SoundRight,63.95233273361063,1490755523091
SoundC,48.55773214739296,1490755526105
Present,95,1490755526110
SoundC,51.62091662308819,1490755536112
Present,115,1490755536115
MoveFocus,GoTour,1490755545398
SoundC,48.55773214739296,1490755546117
Present,101,1490755546120
SoundC,48.55773214739296,1490755556122
Present,101,1490755556125
SoundC,61.80460425887306,1490755566129
Present,113,1490755566131
SoundC,51.62091662308819,1490755576133
Present,99,1490755576136
SoundRight,81.00922338373856,1490755583123
SoundC,51.62091662308819,1490755586138
Present,99,1490755586141
SoundC,51.62091662308819,1490755596143
Present,110,1490755596146
MoveFocus,GoTour,1490755605578
SoundC,66.44593723960276,1490755606149
Present,105,1490755606151
Seat2B,true,1490755609996
TotalSeatCount,3,1490755609996
SoundC,42.56523641427832,1490755616153
Present,92,1490755616156
SoundC,60.20329792798059,1490755626158
Present,92,1490755626161
SoundC,54.210802194865956,1490755636164
Present,101,1490755636166
SoundRight,81.25096856167129,1490755643156
SoundC,61.023021476191225,1490755646169
Present,101,1490755646171
SoundC,58.433135904413454,1490755656174
Present,99,1490755656176
MoveFocus,GoTour,1490755665768
SoundC,65.8563679754536,1490755666179
Present,100,1490755666182
SoundC,67.56641902255494,1490755676184
Present,105,1490755676187
SoundC,50.159038478285424,1490755686189
Present,79,1490755686192
SoundC,57.472817393488484,1490755696194
Present,97,1490755696197
SoundRight,56.45426312235056,1490755703189
SoundC,64.61127993529891,1490755706205
Present,103,1490755706208
SoundC,60.20329792798059,1490755716210
Present,91,1490755716213
MoveFocus,GoTour,1490755725984
SoundC,46.78757012382582,1490755726215
Present,104,1490755726218
Seat2B,false,1490755731006
TotalSeatCount,2,1490755731007
SoundC,62.551438321825636,1490755736220
Present,109,1490755736223
SoundC,46.78757012382582,1490755746225
Present,119,1490755746228
SoundC,51.62091662308819,1490755756230
Present,107,1490755756233
SoundRight,57.472817393488484,1490755763207
SoundC,70.5390318503356,1490755766235
Present,91,1490755766238
SoundC,54.210802194865956,1490755776240
Present,96,1490755776243
MoveFocus,GoTour,1490755786069
SoundC,52.96571415471127,1490755786246
Present,101,1490755786248
SoundC,44.808697341762915,1490755796251
Present,96,1490755796253
SoundC,57.472817393488484,1490755806256
Present,102,1490755806259
SoundC,55.369951428718224,1490755816261
Present,101,1490755816264
SoundRight,61.023021476191225,1490755823226
SoundC,59.341519288975356,1490755826266
Present,100,1490755826269
SoundC,46.78757012382582,1490755836271
Present,104,1490755836274
MoveFocus,GoTour,1490755846234
SoundC,48.55773214739296,1490755846277
Present,97,1490755846280
SoundC,51.62091662308819,1490755856282
Present,111,1490755856285
SoundC,54.210802194865956,1490755866287
Present,105,1490755866290
SoundC,51.62091662308819,1490755876292
Present,99,1490755876295
SoundRight,79.48080653810413,1490755883245
SoundC,48.55773214739296,1490755886297
Present,104,1490755886300
SoundC,58.433135904413454,1490755896302
Present,102,1490755896305
SoundC,70.0787016850011,1490755906315
Present,95,1490755906318
MoveFocus,GoTour,1490755906324
UserPresence,present,1490755908139
SoundC,57.472817393488484,1490755916320
Present,93,1490755916323
SoundC,50.159038478285424,1490755926325
Present,103,1490755926328
SoundC,65.24535518573873,1490755936330
Present,108,1490755936333
SoundRight,64.61127993529891,1490755943262
SoundC,50.159038478285424,1490755946335
Present,107,1490755946338
SoundC,50.159038478285424,1490755956341
Present,109,1490755956343
SoundC,56.45426312235056,1490755966346
Present,80,1490755966349
MoveFocus,GoTour,1490755966394
Seat2A,false,1490755973041
Seat2A,false,1490755973041
Seat5B,false,1490755973042
TotalSeatCount,2,1490755973042
Seat5B,false,1490755973042
SoundC,52.96571415471127,1490755976351
Present,101,1490755976354
Seat2B,true,1490755984095
Seat2B,true,1490755984095
TotalSeatCount,3,1490755984096
TotalSeatCount,3,1490755984096
SoundC,62.551438321825636,1490755986356
Present,101,1490755986359
SoundC,50.159038478285424,1490755996361
Present,91,1490755996363
SoundRight,66.44593723960276,1490756003279
SoundC,59.341519288975356,1490756006365
Present,96,1490756006368
SoundC,48.55773214739296,1490756016370
Present,101,1490756016373
SoundC,65.8563679754536,1490756026375
Present,102,1490756026378
MoveFocus,GoTour,1490756026569
SoundC,50.159038478285424,1490756036381
Present,98,1490756036383
SoundC,60.20329792798059,1490756046386
Present,101,1490756046389
SoundC,46.78757012382582,1490756056391
Present,115,1490756056393
SoundRight,69.11838317407611,1490756063312
SoundC,61.023021476191225,1490756066409
Present,100,1490756066412
SoundC,73.82773649063114,1490756076414
Present,96,1490756076417
SoundC,55.369951428718224,1490756086419
Present,109,1490756086422
MoveFocus,GoTour,1490756086714
SoundC,46.78757012382582,1490756096425
Present,104,1490756096427
SoundC,52.96571415471127,1490756106429
Present,113,1490756106432
SoundC,51.62091662308819,1490756116442
Present,107,1490756116445
SoundRight,65.24535518573873,1490756123345
SoundC,62.551438321825636,1490756126447
Present,93,1490756126450
SoundC,51.62091662308819,1490756136452
Present,100,1490756136455
SoundC,51.62091662308819,1490756146457
Present,89,1490756146460
MoveFocus,GoTour,1490756146824
SoundC,56.45426312235056,1490756156462
Present,90,1490756156465
SoundC,51.62091662308819,1490756166468
Present,91,1490756166470
SoundC,78.09150302019039,1490756176472
Present,100,1490756176475
SoundRight,61.023021476191225,1490756183375
SoundC,71.84886370856825,1490756186478
Present,104,1490756186480
SoundC,54.210802194865956,1490756196482
Present,105,1490756196485
SoundC,44.808697341762915,1490756206488
Present,101,1490756206491
MoveFocus,GoTour,1490756206944
Seat2B,false,1490756213398
Seat6A,false,1490756213406
TotalSeatCount,1,1490756213407
SoundC,46.78757012382582,1490756216493
Present,96,1490756216495
SoundC,42.56523641427832,1490756226498
Present,98,1490756226501
SoundC,44.808697341762915,1490756236503
Present,99,1490756236505
SoundRight,79.21198480314258,1490756243405
SoundC,56.45426312235056,1490756246508
Present,89,1490756246511
SoundC,57.472817393488484,1490756256521
Present,93,1490756256524
SoundC,46.78757012382582,1490756266526
Present,99,1490756266529
MoveFocus,GoTour,1490756267304
SoundC,59.341519288975356,1490756276531
Present,100,1490756276534
SoundC,52.96571415471127,1490756286537
Present,90,1490756286540
SoundC,46.78757012382582,1490756296542
Present,101,1490756296544
SoundRight,75.25847282855663,1490756303438
SoundC,48.55773214739296,1490756306547
Present,99,1490756306551
SoundC,54.210802194865956,1490756316553
Present,103,1490756316556
SoundC,60.20329792798059,1490756326558
Present,103,1490756326561
MoveFocus,GoTour,1490756327564
SoundC,50.159038478285424,1490756336563
Present,101,1490756336566
SoundC,60.20329792798059,1490756346569
Present,105,1490756346571
SoundC,50.159038478285424,1490756356573
Present,95,1490756356576
SoundRight,70.0787016850011,1490756363470
SoundC,48.55773214739296,1490756366587
Present,94,1490756366590
SoundC,60.20329792798059,1490756376592
Present,99,1490756376595
SoundC,72.66858725677886,1490756386597
Present,117,1490756386600
MoveFocus,GoTour,1490756387754
SoundC,57.472817393488484,1490756396602
Present,100,1490756396605
SoundC,61.023021476191225,1490756406607
Present,261,1490756406610
