SoundC,50.159038478285424,1516681650801
SoundC,50.159038478285424,1516681650801
Present,128,1516681650804
Present,128,1516681650804
SoundWindow0,65.0679406686657,1516681650988
SoundWindow1,55.84785800684404,1516681650989
UserCount,4,1516681652796
UserCount,5,1516681653804
SoundCenter0,62.11579739954648,1516681654769
SoundCenter1,57.85260418998473,1516681654771
SoundCenter2,55.54224489133636,1516681654772
UserCount,6,1516681655724
SoundWall0,62.037442350120585,1516681656197
SoundWall1,59.23221165359257,1516681656207
SoundWall2,58.92314076616322,1516681656220
MoveFocus,GoTour,1516681656672
SoundC,52.96571415471127,1516681660816
SoundC,52.96571415471127,1516681660816
Present,118,1516681660818
Present,118,1516681660818
SoundWindow0,65.93188187805482,1516681660987
SoundWindow1,56.36487327247452,1516681660990
SoundCenter0,63.463098723402645,1516681664769
SoundCenter1,59.29621442040065,1516681664771
SoundCenter2,56.762332949721355,1516681664772
SoundWall0,63.74377905722191,1516681666197
SoundWall1,61.03864180491689,1516681666206
SoundWall2,59.67019856000665,1516681666224
SoundC,50.159038478285424,1516681670820
SoundC,50.159038478285424,1516681670820
Present,111,1516681670822
Present,111,1516681670822
SoundWindow0,67.18620944929127,1516681670987
SoundWindow1,57.16529014357259,1516681671321
SoundCenter0,64.12636271312302,1516681674769
SoundCenter1,60.07133109012292,1516681674770
SoundCenter2,58.02829306557269,1516681674771
SoundWall0,65.37410813797436,1516681676197
SoundWall1,61.980545961993464,1516681676205
SoundWall2,61.020814731312726,1516681676218
SoundC,55.369951428718224,1516681680824
SoundC,55.369951428718224,1516681680824
Present,121,1516681680826
Present,121,1516681680826
SoundWindow0,67.9478547549272,1516681680987
SoundWindow1,57.350252802179845,1516681680989
SoundCenter0,65.49390348303353,1516681684769
SoundCenter1,61.649714100670344,1516681684770
SoundCenter2,59.173755858864325,1516681684771
SoundWall0,66.22779730511749,1516681686197
SoundWall1,63.07097762653728,1516681686205
SoundWall2,63.27479196255703,1516681686218
SoundC,56.45426312235056,1516681690828
SoundC,56.45426312235056,1516681690828
Present,122,1516681690830
Present,122,1516681690830
SoundWindow0,67.89332961961328,1516681690987
SoundWindow1,57.49630928580148,1516681690990
SoundCenter0,65.520672765553,1516681694769
SoundCenter1,62.05417461302898,1516681694770
SoundCenter2,59.91249433414249,1516681694771
SoundWall0,66.42933756650667,1516681696197
SoundWall1,63.27581914532748,1516681696205
SoundWall2,63.41190612491608,1516681696218
SoundC,51.62091662308819,1516681700832
SoundC,51.62091662308819,1516681700832
Present,123,1516681700834
Present,123,1516681700834
SoundWindow0,67.7768747455389,1516681700987
SoundWindow1,57.91920872044913,1516681700990
SoundCenter0,65.70260232137365,1516681704769
SoundCenter1,62.17763042656615,1516681704770
SoundCenter2,60.39809738930324,1516681704771
SoundWall0,66.78796199476949,1516681706197
SoundWall1,63.46917175396958,1516681706205
SoundWall2,63.352558260540896,1516681706218
SoundC,65.8563679754536,1516681710836
SoundC,65.8563679754536,1516681710836
Present,126,1516681710838
Present,126,1516681710838
SoundWindow0,68.40430692122699,1516681710988
SoundWindow1,58.52305887985714,1516681710990
SoundCenter0,66.40954778795778,1516681714769
SoundCenter1,63.46156340354715,1516681714770
SoundCenter2,61.42567967643148,1516681714771
SoundWall0,67.75037023264335,1516681716197
SoundWall1,64.06178022247678,1516681716205
SoundWall2,65.0021677856914,1516681716218
MoveFocus,GoTour,1516681716754
SoundC,57.472817393488484,1516681720840
SoundC,57.472817393488484,1516681720840
Present,124,1516681720842
Present,124,1516681720842
SoundWindow0,68.6155124028337,1516681720987
SoundWindow1,58.66529966140579,1516681720990
SoundCenter0,66.51530663863257,1516681724769
SoundCenter1,63.60203056341857,1516681724770
SoundCenter2,61.70325255200382,1516681724771
SoundWall0,67.17170092707065,1516681726197
SoundWall1,63.78513860035767,1516681726205
SoundWall2,65.13657569000833,1516681726218
SoundC,54.210802194865956,1516681730844
SoundC,54.210802194865956,1516681730844
Present,114,1516681730847
Present,114,1516681730847
SoundWindow0,68.08423811673079,1516681730987
SoundWindow1,58.78156357231751,1516681730989
SoundCenter0,66.1112455627929,1516681734769
SoundCenter1,63.37611580076534,1516681734770
SoundCenter2,61.243018255302644,1516681734771
SoundWall0,67.5972372694071,1516681736197
SoundWall1,64.60571251366738,1516681736205
SoundWall2,65.65987208392313,1516681736218
SoundC,56.45426312235056,1516681740850
SoundC,56.45426312235056,1516681740850
Present,104,1516681740852
Present,104,1516681740852
SoundWindow0,68.62932774899576,1516681740988
SoundWindow1,59.37419645913943,1516681742447
SoundCenter0,66.3391210163734,1516681744769
SoundCenter1,63.455084744157276,1516681744770
SoundCenter2,61.348876185914925,1516681744771
SoundWall0,67.59487528726518,1516681746197
SoundWall1,64.56922988531919,1516681746205
SoundWall2,65.0264125066614,1516681746218
SoundC,55.369951428718224,1516681750856
SoundC,55.369951428718224,1516681750856
Present,92,1516681750868
Present,92,1516681750868
SoundWindow0,70.21118647978489,1516681750987
SoundWindow1,59.93097812058266,1516681750989
SoundCenter0,67.86342566834583,1516681754769
SoundCenter1,64.8338355503994,1516681754770
SoundCenter2,62.690805471832626,1516681754771
SoundWall0,68.65252472854482,1516681756197
SoundWall1,65.73813618731769,1516681756205
SoundWall2,65.91806495250536,1516681756225
SoundC,57.472817393488484,1516681760872
SoundC,57.472817393488484,1516681760872
Present,85,1516681760874
Present,85,1516681760874
SoundWindow0,70.42847788790557,1516681760987
SoundWindow1,59.97065231758719,1516681760989
SoundCenter0,68.1698523196717,1516681764769
SoundCenter1,64.93672644145681,1516681764770
SoundCenter2,62.89239135948424,1516681764771
SoundWall0,68.29953618709497,1516681766197
SoundWall1,65.59884177021269,1516681766206
SoundWall2,65.82782691204389,1516681766226
SoundC,64.61127993529891,1516681770877
SoundC,64.61127993529891,1516681770877
Present,91,1516681770880
Present,91,1516681770880
SoundWindow0,69.7502762748129,1516681770987
SoundWindow1,59.55178261722822,1516681770990
SoundCenter0,67.7195528582236,1516681774769
SoundCenter1,64.6505783948303,1516681774770
SoundCenter2,63.20533328919094,1516681774771
SoundWall0,67.53749919592701,1516681776197
SoundWall1,65.32245530165044,1516681776205
SoundWall2,65.77611881160757,1516681776218
MoveFocus,GoTour,1516681776856
SoundC,64.61127993529891,1516681780883
SoundC,64.61127993529891,1516681780883
Present,125,1516681780885
Present,125,1516681780885
SoundWindow0,69.30807764868693,1516681780987
SoundWindow1,59.56648078791723,1516681780990
SoundCenter0,67.60873512719944,1516681784769
SoundCenter1,65.05897605277723,1516681784770
SoundCenter2,63.876745860282576,1516681784772
SoundWall0,68.78152750766529,1516681786197
SoundWall1,66.27719792490302,1516681786206
SoundWall2,66.77236720360922,1516681786214
SoundC,57.472817393488484,1516681790889
SoundC,57.472817393488484,1516681790889
Present,165,1516681790891
Present,165,1516681790891
SoundWindow0,69.32043597939551,1516681790987
SoundWindow1,59.487535862452454,1516681790989
SoundCenter0,68.65743773431045,1516681794769
SoundCenter1,66.31723321735197,1516681794771
SoundCenter2,65.05106176299013,1516681794772
SoundWall0,68.60649317865999,1516681796197
SoundWall1,65.73945828211143,1516681796206
SoundWall2,66.84835148268277,1516681796215
SoundC,55.369951428718224,1516681800895
SoundC,55.369951428718224,1516681800895
Present,114,1516681800897
Present,114,1516681800897
SoundWindow0,68.27230067768038,1516681800987
SoundWindow1,58.92338706207116,1516681800990
SoundCenter0,68.77989355279162,1516681804769
SoundCenter1,65.92200635050737,1516681804771
SoundCenter2,64.40460618701631,1516681804772
SoundWall0,68.31343936909866,1516681806197
SoundWall1,65.79436801574909,1516681806206
SoundWall2,67.00151519232085,1516681806214
SoundC,50.159038478285424,1516681810901
SoundC,50.159038478285424,1516681810901
Present,112,1516681810903
Present,112,1516681810903
SoundWindow0,67.18873102432232,1516681810987
SoundWindow1,58.65569974885705,1516681812590
SoundCenter0,68.45747104883293,1516681814769
SoundCenter1,65.27253307292281,1516681814771
SoundCenter2,63.96923155477348,1516681814772
SoundWall0,68.28311872419431,1516681816197
SoundWall1,65.62764132291395,1516681816206
SoundWall2,67.05877522136095,1516681816214
SoundC,51.62091662308819,1516681820911
SoundC,51.62091662308819,1516681820911
Present,126,1516681820913
Present,126,1516681820913
SoundWindow0,67.35392969260072,1516681820987
SoundWindow1,58.85330473907091,1516681820989
SoundCenter0,68.65455874114198,1516681824769
SoundCenter1,66.01435524188567,1516681824771
SoundCenter2,64.61634503761371,1516681824772
SoundWall0,69.49386670298463,1516681826197
SoundWall1,66.40378837952747,1516681826206
SoundWall2,68.12285192801393,1516681826214
SoundC,54.210802194865956,1516681830915
SoundC,54.210802194865956,1516681830915
Present,126,1516681830918
Present,126,1516681830918
SoundWindow0,68.98698527140763,1516681830987
SoundWindow1,60.00256985958596,1516681830989
SoundCenter0,69.1558478428724,1516681834769
SoundCenter1,66.38829146949875,1516681834771
SoundCenter2,65.24440766555475,1516681834772
SoundWall0,70.48768876601194,1516681836197
SoundWall1,67.4263017976045,1516681836206
SoundWall2,68.59048751030146,1516681836214
MoveFocus,GoTour,1516681836943
SoundC,54.210802194865956,1516681840919
SoundC,54.210802194865956,1516681840919
Present,122,1516681840921
Present,122,1516681840921
SoundWindow0,68.41203275406082,1516681840987
SoundWindow1,59.42402377893187,1516681840989
SoundCenter0,68.4365195087649,1516681844769
SoundCenter1,65.21786609153263,1516681844771
SoundCenter2,64.22855147810577,1516681844772
SoundWall0,68.54981629215358,1516681846197
SoundWall1,65.9377482952261,1516681846206
SoundWall2,67.31096217922317,1516681846214
SoundC,51.62091662308819,1516681850923
SoundC,51.62091662308819,1516681850923
Present,118,1516681850926
Present,118,1516681850926
SoundWindow0,67.76576434497379,1516681850987
SoundWindow1,59.13012811704796,1516681850989
SoundCenter0,67.37327620190781,1516681854769
SoundCenter1,63.57894660731347,1516681854771
SoundCenter2,63.16580859315619,1516681854772
SoundWall0,68.41571429631607,1516681856197
SoundWall1,65.78750319729002,1516681856206
SoundWall2,66.85108715218443,1516681856214
SoundC,56.45426312235056,1516681860928
SoundC,56.45426312235056,1516681860928
Present,126,1516681860930
Present,126,1516681860930
SoundWindow0,68.31684728726995,1516681860987
SoundWindow1,59.05670981559,1516681860995
SoundCenter0,65.89859362879008,1516681864769
SoundCenter1,62.96509589703476,1516681864771
SoundCenter2,62.8314830213961,1516681864772
SoundWall0,67.7563640501547,1516681866197
SoundWall1,65.4579403426553,1516681866206
SoundWall2,66.23687747633385,1516681866214
SoundC,50.159038478285424,1516681870932
SoundC,50.159038478285424,1516681870932
Present,153,1516681870934
Present,153,1516681870934
SoundWindow0,68.8644662175425,1516681870987
SoundWindow1,58.58497656447303,1516681870990
SoundCenter0,65.70142788161304,1516681874769
SoundCenter1,62.561562647480294,1516681874771
SoundCenter2,62.31521749332835,1516681874772
SoundWall0,67.55503469970985,1516681876197
SoundWall1,65.39769808892994,1516681876206
SoundWall2,66.02533703256002,1516681876214
SoundC,51.62091662308819,1516681880936
SoundC,51.62091662308819,1516681880936
Present,120,1516681880939
Present,120,1516681880939
SoundWindow0,69.25976821312176,1516681880987
SoundWindow1,58.571872140837904,1516681882234
SoundCenter0,65.61246843439241,1516681884769
SoundCenter1,62.23843692872197,1516681884771
SoundCenter2,62.22889371672828,1516681884772
SoundWall0,67.04941008248028,1516681886197
SoundWall1,65.15388522509805,1516681886206
SoundWall2,65.88452643398732,1516681886215
SoundC,50.159038478285424,1516681890940
SoundC,50.159038478285424,1516681890940
Present,121,1516681890943
Present,121,1516681890943
SoundWindow0,68.76418215738597,1516681890987
SoundWindow1,57.964088773279975,1516681890990
SoundCenter0,65.73091966623907,1516681894769
SoundCenter1,62.500178186253535,1516681894771
SoundCenter2,62.4432743775673,1516681894772
SoundWall0,67.2696863541451,1516681896197
SoundWall1,65.10440117387633,1516681896206
SoundWall2,65.71469562843167,1516681896214
MoveFocus,GoTour,1516681897015
SoundC,46.78757012382582,1516681900944
SoundC,46.78757012382582,1516681900944
Present,132,1516681900947
Present,132,1516681900947
SoundWindow0,69.76335865504308,1516681900987
SoundWindow1,58.60718699303322,1516681900990
SoundCenter0,66.35423052195812,1516681904769
SoundCenter1,63.78283441642691,1516681904771
SoundCenter2,63.516021310737514,1516681904772
SoundWall0,68.71637805536031,1516681906197
SoundWall1,66.50230774401888,1516681906205
SoundWall2,66.13316423800082,1516681906222
SoundC,55.369951428718224,1516681910949
SoundC,55.369951428718224,1516681910949
Present,112,1516681910951
Present,112,1516681910951
SoundWindow0,70.61734223720244,1516681910988
SoundWindow1,59.12093564557766,1516681910989
SoundCenter0,67.11646144177452,1516681914769
SoundCenter1,65.04868883759585,1516681914771
SoundCenter2,64.22670498940785,1516681914772
SoundWall0,68.29107376739694,1516681916197
SoundWall1,66.53995089316685,1516681916205
SoundWall2,65.75800695119686,1516681916214
SoundC,58.433135904413454,1516681920953
SoundC,58.433135904413454,1516681920953
Present,117,1516681920955
Present,117,1516681920955
SoundWindow0,71.78412204574914,1516681920987
SoundWindow1,60.07748377578977,1516681920990
SoundCenter0,69.11149753743044,1516681924769
SoundCenter1,66.74048158275603,1516681924771
SoundCenter2,65.79461309311323,1516681924772
SoundWall0,69.9523244298736,1516681926197
SoundWall1,67.73984617377276,1516681926205
SoundWall2,66.92500071439315,1516681926218
SoundC,63.95233273361063,1516681930957
SoundC,63.95233273361063,1516681930957
Present,101,1516681930960
Present,101,1516681930960
SoundWindow0,71.5102821375203,1516681930987
SoundWindow1,60.46875804334298,1516681930990
SoundCenter0,68.94135082483146,1516681934769
SoundCenter1,66.94666716284175,1516681934771
SoundCenter2,66.01785385645115,1516681934772
SoundWall0,69.9468167694393,1516681936197
SoundWall1,67.01385775759327,1516681936206
SoundWall2,66.47707947201604,1516681936218
SoundC,61.023021476191225,1516681940961
SoundC,61.023021476191225,1516681940961
Present,92,1516681940964
Present,92,1516681940964
SoundWindow0,70.72532810180402,1516681940987
SoundWindow1,60.61945300777315,1516681940989
SoundCenter0,68.81266807613282,1516681944769
SoundCenter1,67.027496166722,1516681944771
SoundCenter2,65.8623719940983,1516681944772
SoundWall0,69.81465808128617,1516681946197
SoundWall1,66.95842686529907,1516681946205
SoundWall2,66.14655944992563,1516681946218
SoundC,50.159038478285424,1516681950966
SoundC,50.159038478285424,1516681950966
Present,115,1516681950968
Present,115,1516681950968
SoundWindow0,70.79614671398244,1516681950987
SoundWindow1,60.28695006585812,1516681952868
SoundCenter0,68.63528279527046,1516681954769
SoundCenter1,66.82666903103238,1516681954771
SoundCenter2,65.08950409125079,1516681954772
SoundWall0,69.19461326827165,1516681956197
SoundWall1,66.67797442055922,1516681956206
SoundWall2,66.5061548611224,1516681956219
MoveFocus,GoTour,1516681957102
SoundC,51.62091662308819,1516681960970
SoundC,51.62091662308819,1516681960970
Present,118,1516681960972
Present,118,1516681960972
SoundWindow0,70.81754850737669,1516681960987
SoundWindow1,59.997768045021594,1516681960989
SoundCenter0,68.45858073643357,1516681964769
SoundCenter1,65.99352158870438,1516681964771
SoundCenter2,63.640884820503246,1516681964772
SoundWall0,68.1769426835813,1516681966197
SoundWall1,65.72249228309668,1516681966205
SoundWall2,66.22748519928173,1516681966215
SoundC,50.159038478285424,1516681970974
SoundC,50.159038478285424,1516681970974
Present,146,1516681970977
Present,146,1516681970977
SoundWindow0,70.45963232881589,1516681970988
SoundWindow1,59.738060800896115,1516681970989
SoundCenter0,67.71030720976513,1516681974769
SoundCenter1,65.45529551589053,1516681974771
SoundCenter2,62.81363629949332,1516681974772
SoundWall0,68.44435833895845,1516681976197
SoundWall1,65.86189509912009,1516681976205
SoundWall2,66.088651754538,1516681976214
SoundC,55.369951428718224,1516681980986
SoundC,55.369951428718224,1516681980986
SoundWindow0,68.71657673851438,1516681980987
Present,126,1516681980988
Present,126,1516681980988
SoundWindow1,59.0270143109626,1516681980990
SoundCenter0,67.06693248064104,1516681984769
SoundCenter1,64.44511431443522,1516681984771
SoundCenter2,62.04926891674957,1516681984772
SoundWall0,67.40935906783845,1516681986197
SoundWall1,64.6182024482079,1516681986206
SoundWall2,64.96162406759927,1516681986218
SoundWindow0,68.40657819229702,1516681990987
SoundWindow1,58.670045891870174,1516681990989
SoundC,50.159038478285424,1516681990990
SoundC,50.159038478285424,1516681990990
Present,124,1516681990993
Present,124,1516681990993
SoundCenter0,67.76419266718887,1516681994769
SoundCenter1,64.90738742554456,1516681994771
SoundCenter2,61.92059437446583,1516681994772
SoundWall0,67.09235683949564,1516681996197
SoundWall1,64.57773626292827,1516681996205
SoundWall2,64.96316045095786,1516681996218
SoundWindow0,68.96922203294581,1516682000987
SoundWindow1,58.77837793443909,1516682000989
SoundC,61.023021476191225,1516682000994
SoundC,61.023021476191225,1516682000994
Present,90,1516682000997
Present,90,1516682000997
SoundCenter0,67.87792098531403,1516682004769
SoundCenter1,65.22965094588969,1516682004771
SoundCenter2,62.42297905066068,1516682004772
SoundWall0,67.47007196304475,1516682006197
SoundWall1,64.8831919864758,1516682006205
SoundWall2,64.86723868465099,1516682006218
SoundWindow0,67.63342534900224,1516682010987
SoundWindow1,58.47976641029758,1516682010990
SoundC,50.159038478285424,1516682010998
SoundC,50.159038478285424,1516682010998
Present,95,1516682011001
Present,95,1516682011001
SoundCenter0,66.59672046085994,1516682014769
SoundCenter1,63.64751907805734,1516682014770
SoundCenter2,61.4902261364874,1516682014771
SoundWall0,66.60131328505148,1516682016197
SoundWall1,63.85026047289774,1516682016205
SoundWall2,63.65270252535716,1516682016219
MoveFocus,GoTour,1516682017190
SoundWindow0,66.72855308989243,1516682020987
SoundWindow1,58.373779687726625,1516682020989
SoundC,59.341519288975356,1516682021003
SoundC,59.341519288975356,1516682021003
Present,111,1516682021005
Present,111,1516682021005
SoundCenter0,66.37427297978955,1516682024769
SoundCenter1,63.707382085043555,1516682024770
SoundCenter2,61.857343988564566,1516682024772
SoundWall0,67.33598354791086,1516682026197
SoundWall1,63.81057613403844,1516682026205
SoundWall2,63.96622520678318,1516682026215
SoundWindow0,66.78008367868942,1516682030988
SoundWindow1,58.347563144269444,1516682030989
SoundC,46.78757012382582,1516682031007
SoundC,46.78757012382582,1516682031007
Present,109,1516682031009
Present,109,1516682031009
SoundCenter0,67.00433389536734,1516682034769
SoundCenter1,64.33537665976073,1516682034771
SoundCenter2,62.92992559688414,1516682034772
SoundWall0,66.83669142962194,1516682036197
SoundWall1,63.314216494930356,1516682036206
SoundWall2,64.78504817806376,1516682036214
SoundWindow0,66.9857872968907,1516682040987
SoundWindow1,58.29657992866585,1516682040989
SoundC,56.45426312235056,1516682041012
SoundC,56.45426312235056,1516682041012
Present,122,1516682041014
Present,122,1516682041014
SoundCenter0,66.44903063767734,1516682044769
SoundCenter1,63.78482875790404,1516682044771
SoundCenter2,61.70772766190575,1516682044772
SoundWall0,66.03679505514826,1516682046197
SoundWall1,62.56152479939139,1516682046205
SoundWall2,64.22342183319364,1516682046218
SoundWindow0,67.117241609788,1516682050987
SoundWindow1,58.13719857533876,1516682050989
SoundC,54.210802194865956,1516682051016
SoundC,54.210802194865956,1516682051016
Present,119,1516682051018
Present,119,1516682051018
SoundCenter0,65.44638458028847,1516682054769
SoundCenter1,62.64676318026228,1516682054771
SoundCenter2,61.55281303189603,1516682054772
SoundWall0,66.34532857242999,1516682056197
SoundWall1,62.94523110597252,1516682056205
SoundWall2,64.00747524652243,1516682056218
SoundWindow0,66.49603153428916,1516682060987
SoundWindow1,57.47931471931443,1516682060989
SoundC,51.62091662308819,1516682061020
SoundC,51.62091662308819,1516682061020
Present,121,1516682061023
Present,121,1516682061023
SoundCenter0,65.41828227464627,1516682064769
SoundCenter1,62.034937806345724,1516682064770
SoundCenter2,60.98805968449509,1516682064771
SoundWall0,66.05845749098953,1516682066197
SoundWall1,62.839627336987,1516682066206
SoundWall2,64.17640486357304,1516682066219
SoundWindow0,68.28536050393039,1516682070988
SoundWindow1,58.25748736392232,1516682070989
SoundC,50.159038478285424,1516682071025
SoundC,50.159038478285424,1516682071025
Present,120,1516682071028
Present,120,1516682071028
SoundCenter0,67.34666334920651,1516682074769
SoundCenter1,63.619166308189,1516682074770
SoundCenter2,61.915237528729,1516682074772
SoundWall0,66.89354218221092,1516682076197
SoundWall1,64.00041839920542,1516682076205
SoundWall2,65.16625030913941,1516682076218
MoveFocus,GoTour,1516682077292
SoundWindow0,68.85107623157253,1516682080987
SoundWindow1,58.194388704547556,1516682080989
SoundC,55.369951428718224,1516682081030
SoundC,55.369951428718224,1516682081030
Present,114,1516682081033
Present,114,1516682081033
SoundCenter0,68.1520775310361,1516682084769
SoundCenter1,63.83429978415336,1516682084771
SoundCenter2,61.34510857189193,1516682084772
SoundWall0,66.27974244754573,1516682086197
SoundWall1,63.6839545822018,1516682086205
SoundWall2,64.90592124273702,1516682086218
SoundWindow0,68.5785726251804,1516682090988
SoundWindow1,58.33748715936333,1516682090989
SoundC,52.96571415471127,1516682091039
SoundC,52.96571415471127,1516682091039
Present,125,1516682091042
Present,125,1516682091042
SoundCenter0,68.37930931335642,1516682094769
SoundCenter1,63.27098484984517,1516682094771
SoundCenter2,61.144998143123324,1516682094772
SoundWall0,66.2935572354662,1516682096197
SoundWall1,63.717793066220686,1516682096205
SoundWall2,64.4260994157459,1516682096227
SoundWindow0,68.82375015740354,1516682100987
SoundWindow1,58.40630820670468,1516682100989
SoundC,52.96571415471127,1516682101055
SoundC,52.96571415471127,1516682101055
Present,120,1516682101057
Present,120,1516682101057
SoundCenter0,68.63710446883191,1516682104769
SoundCenter1,63.44895553383032,1516682104770
SoundCenter2,62.06771965037488,1516682104771
SoundWall0,67.07916776351847,1516682106197
SoundWall1,64.4721380542158,1516682106206
SoundWall2,64.83005676973065,1516682106227
SoundWindow0,69.44317644625579,1516682110987
SoundWindow1,58.77880442676374,1516682110989
SoundC,50.159038478285424,1516682111061
SoundC,50.159038478285424,1516682111061
Present,117,1516682111064
Present,117,1516682111064
SoundCenter0,69.07834191880643,1516682114769
SoundCenter1,64.10005989271771,1516682114770
SoundCenter2,62.82669674554118,1516682114771
SoundWall0,66.69937945210465,1516682116197
SoundWall1,64.19130509898314,1516682116205
SoundWall2,64.74371025747,1516682116218
SoundWindow0,69.25565939378811,1516682120987
SoundWindow1,58.79629936139733,1516682120989
SoundC,54.210802194865956,1516682121067
SoundC,54.210802194865956,1516682121067
Present,156,1516682121069
Present,156,1516682121069
SoundCenter0,68.32728554415135,1516682124769
SoundCenter1,63.86984699246954,1516682124770
SoundCenter2,63.149435360639345,1516682124771
SoundWall0,66.37030517327774,1516682126197
SoundWall1,63.80316634896248,1516682126205
SoundWall2,63.59423372924961,1516682126218
SoundWindow0,67.96457124238201,1516682130987
SoundWindow1,57.98167064933406,1516682130989
SoundC,51.62091662308819,1516682131072
SoundC,51.62091662308819,1516682131072
Present,157,1516682131075
Present,157,1516682131075
SoundCenter0,66.03158545181913,1516682134769
SoundCenter1,62.21869413655125,1516682134770
SoundCenter2,61.92773475180046,1516682134771
SoundWall0,65.31400419605,1516682136197
SoundWall1,62.032161266529485,1516682136206
SoundWall2,62.49808700043358,1516682136218
MoveFocus,GoTour,1516682137394
SoundWindow0,67.18924704999071,1516682140987
SoundWindow1,57.682091213179135,1516682140989
SoundC,51.62091662308819,1516682141077
SoundC,51.62091662308819,1516682141077
Present,102,1516682141080
Present,102,1516682141080
SoundCenter0,64.49042615087687,1516682144769
SoundCenter1,60.5881086344323,1516682144770
SoundCenter2,61.609101130767264,1516682144771
SoundWall0,64.22018342859597,1516682146197
SoundWall1,61.233245781494674,1516682146205
SoundWall2,61.3565589908084,1516682146218
SoundWindow0,66.84044247004488,1516682150988
SoundWindow1,57.01422127270249,1516682150989
SoundC,55.369951428718224,1516682151082
SoundC,55.369951428718224,1516682151082
Present,108,1516682151085
Present,108,1516682151085
SoundCenter0,63.218885428490836,1516682154769
SoundCenter1,59.95373772337794,1516682154770
SoundCenter2,60.45695855806484,1516682154771
SoundWall0,63.5163726470311,1516682156197
SoundWall1,60.59209516865581,1516682156205
SoundWall2,60.398788470497585,1516682156218
SoundWindow0,66.76140988067519,1516682160987
SoundWindow1,57.07784044939269,1516682160990
SoundC,46.78757012382582,1516682161088
SoundC,46.78757012382582,1516682161088
Present,102,1516682161090
Present,102,1516682161090
SoundCenter0,62.705356321623256,1516682164769
SoundCenter1,59.54541051912656,1516682164770
SoundCenter2,60.25794399559723,1516682164771
SoundWall0,63.89502367175731,1516682166197
SoundWall1,60.93383822327769,1516682166206
SoundWall2,60.43179176095466,1516682166218
SoundWindow0,67.05069060052519,1516682170987
SoundWindow1,57.228363145049556,1516682170989
SoundC,54.210802194865956,1516682171093
SoundC,54.210802194865956,1516682171093
Present,101,1516682171096
Present,101,1516682171096
SoundCenter0,62.042634236201124,1516682174769
SoundCenter1,59.3845583725576,1516682174770
SoundCenter2,60.01484878459367,1516682174771
SoundWall0,63.66006638694918,1516682176197
SoundWall1,60.7806748572039,1516682176206
SoundWall2,60.39886441748415,1516682176218
SoundWindow0,67.35917217990219,1516682180987
SoundWindow1,57.0848314042773,1516682180989
SoundC,59.341519288975356,1516682181098
SoundC,59.341519288975356,1516682181098
Present,103,1516682181101
Present,103,1516682181101
SoundCenter0,62.12864293557891,1516682184769
SoundCenter1,59.133531662141905,1516682184770
SoundCenter2,59.30584217063292,1516682184771
SoundWall0,63.696281215194645,1516682186197
SoundWall1,60.96003063973124,1516682186206
SoundWall2,60.48655834980646,1516682186218
SoundWindow0,67.05323396241447,1516682190987
SoundWindow1,57.14261808439741,1516682190989
SoundC,51.62091662308819,1516682191105
SoundC,51.62091662308819,1516682191105
Present,103,1516682191108
Present,103,1516682191108
SoundCenter0,62.97127847596605,1516682194769
SoundCenter1,59.94309315932322,1516682194770
SoundCenter2,59.67229269594346,1516682194771
SoundWall0,64.25398539121096,1516682196197
SoundWall1,62.099697809643246,1516682196206
SoundWall2,60.24484874806131,1516682196219
MoveFocus,GoTour,1516682197511
SoundWindow0,68.11041620690996,1516682200987
SoundWindow1,58.077129142402974,1516682200989
SoundC,50.159038478285424,1516682201110
SoundC,50.159038478285424,1516682201110
Present,114,1516682201113
Present,114,1516682201113
SoundCenter0,63.9341563885587,1516682204769
SoundCenter1,61.71951689641473,1516682204770
SoundCenter2,61.442159601513055,1516682204771
SoundWall0,65.51871782958283,1516682206197
SoundWall1,63.17403126973589,1516682206206
SoundWall2,61.586677712069026,1516682206218
SoundWindow0,68.55867412740574,1516682210988
SoundWindow1,58.665229193452525,1516682210989
SoundC,52.96571415471127,1516682211115
SoundC,52.96571415471127,1516682211115
Present,113,1516682211118
Present,113,1516682211118
SoundCenter0,65.05169219146853,1516682214769
SoundCenter1,63.242822272630825,1516682214770
SoundCenter2,62.982560317119855,1516682214771
SoundWall0,66.93280465130887,1516682216197
SoundWall1,64.40166400128801,1516682216206
SoundWall2,62.96505182660022,1516682216219
SoundWindow0,69.35615634460959,1516682220987
SoundWindow1,59.28120509935813,1516682220989
SoundC,73.45017003946069,1516682221121
SoundC,73.45017003946069,1516682221121
Present,96,1516682221123
Present,96,1516682221123
SoundCenter0,66.48361976485151,1516682224769
SoundCenter1,65.45240939748018,1516682224770
SoundCenter2,64.7912401946069,1516682224771
SoundWall0,67.87583022501671,1516682226197
SoundWall1,65.35476220792997,1516682226206
SoundWall2,64.57492606091061,1516682226219
SoundWindow0,69.18634718366552,1516682230987
SoundWindow1,59.49234271831339,1516682230989
SoundC,48.55773214739296,1516682231129
SoundC,48.55773214739296,1516682231129
Present,142,1516682231132
Present,142,1516682231132
SoundCenter0,66.94853040876393,1516682234769
SoundCenter1,64.93695220366722,1516682234770
SoundCenter2,63.933410748772516,1516682234771
SoundWall0,67.81446723714461,1516682236197
SoundWall1,65.60464089913516,1516682236205
SoundWall2,64.35715874356602,1516682236218
SoundWindow0,69.12376828562678,1516682240988
SoundWindow1,59.480520172599434,1516682240989
SoundC,63.95233273361063,1516682241134
SoundC,63.95233273361063,1516682241134
Present,131,1516682241137
Present,131,1516682241137
SoundCenter0,67.18764695294597,1516682244769
SoundCenter1,64.61707326065977,1516682244770
SoundCenter2,63.33271539167112,1516682244771
SoundWall0,68.01263079046466,1516682246197
SoundWall1,65.78339156299982,1516682246205
SoundWall2,64.81134403084266,1516682246218
SoundWindow0,70.16462735045793,1516682250987
SoundWindow1,59.78929267099243,1516682250989
SoundC,58.433135904413454,1516682251143
SoundC,58.433135904413454,1516682251143
Present,138,1516682251145
Present,138,1516682251145
SoundCenter0,67.87048575428513,1516682254769
SoundCenter1,64.7294548944201,1516682254770
SoundCenter2,63.84184279128225,1516682254771
SoundWall0,68.33606509724403,1516682256197
SoundWall1,65.91584348680631,1516682256205
SoundWall2,65.47345454998461,1516682256218
MoveFocus,GoTour,1516682257668
SoundWindow0,69.66522806409102,1516682260987
SoundWindow1,59.17316261274345,1516682260989
SoundC,48.55773214739296,1516682261147
SoundC,48.55773214739296,1516682261147
Present,129,1516682261150
Present,129,1516682261150
SoundCenter0,67.63404235060763,1516682264769
SoundCenter1,63.94634362873644,1516682264770
SoundCenter2,62.524011132276364,1516682264771
SoundWall0,67.8303944982135,1516682266197
SoundWall1,65.92881520796664,1516682266206
SoundWall2,64.99092475397214,1516682266218
SoundWindow0,69.89855162905835,1516682270987
SoundWindow1,59.05913906218942,1516682270989
SoundC,50.159038478285424,1516682271151
SoundC,50.159038478285424,1516682271151
Present,104,1516682271154
Present,104,1516682271154
SoundCenter0,67.21831161295466,1516682274769
SoundCenter1,62.67608907830402,1516682274770
SoundCenter2,61.75505711852621,1516682274771
SoundWall0,66.72798812525217,1516682276197
SoundWall1,65.16064485705546,1516682276206
SoundWall2,64.21914697479217,1516682276218
SoundWindow0,69.17285073549266,1516682280987
SoundWindow1,58.203362069105495,1516682280990
SoundC,54.210802194865956,1516682281155
SoundC,54.210802194865956,1516682281155
Present,82,1516682281158
Present,82,1516682281158
SoundCenter0,66.05624876586054,1516682284769
SoundCenter1,60.94637688984738,1516682284770
SoundCenter2,60.150119544259105,1516682284771
SoundWall0,65.10736033922794,1516682286197
SoundWall1,63.60431709419618,1516682286205
SoundWall2,62.76320162615003,1516682286218
SoundWindow0,69.07097185194843,1516682290987
SoundWindow1,57.81340002170632,1516682290990
SoundC,60.20329792798059,1516682291160
SoundC,60.20329792798059,1516682291160
Present,111,1516682291162
Present,111,1516682291162
SoundCenter0,65.82838789958059,1516682294769
SoundCenter1,61.53008658475033,1516682294770
SoundCenter2,60.84737374548997,1516682294771
SoundWall0,65.77535905517671,1516682296197
SoundWall1,63.898712961215345,1516682296205
SoundWall2,63.24882093130569,1516682296218
SoundWindow0,68.68830690501129,1516682300987
SoundWindow1,58.35988432532248,1516682300989
SoundC,51.62091662308819,1516682301164
SoundC,51.62091662308819,1516682301164
Present,118,1516682301167
Present,118,1516682301167
SoundCenter0,66.53299754039902,1516682304769
SoundCenter1,62.45439074996289,1516682304777
SoundCenter2,61.83802631638875,1516682304778
SoundWall0,66.11186676397075,1516682306197
SoundWall1,63.84744612159576,1516682306206
SoundWall2,63.926730072801426,1516682306219
SoundWindow0,67.55730632465058,1516682310987
SoundWindow1,57.85720051000843,1516682310990
SoundC,52.96571415471127,1516682311168
SoundC,52.96571415471127,1516682311168
Present,127,1516682311171
Present,127,1516682311171
SoundCenter0,66.1196208631662,1516682314769
SoundCenter1,61.557494840248886,1516682314770
SoundCenter2,60.96862756106277,1516682314771
SoundWall0,65.38997186100627,1516682316197
SoundWall1,63.61981058920746,1516682316206
SoundWall2,63.76378810519153,1516682316219
MoveFocus,GoTour,1516682317765
SoundWindow0,67.73878747952868,1516682320987
SoundWindow1,57.823102406454595,1516682320989
SoundC,56.45426312235056,1516682321173
SoundC,56.45426312235056,1516682321173
Present,120,1516682321175
Present,120,1516682321175
SoundCenter0,66.19261411427222,1516682324769
SoundCenter1,61.35881760678209,1516682324770
SoundCenter2,60.50069269840185,1516682324771
SoundWall0,65.69398967125643,1516682326197
SoundWall1,63.65981513266272,1516682326206
SoundWall2,64.08235932584978,1516682326218
SoundWindow0,68.38085221101043,1516682330987
SoundWindow1,58.277323963849646,1516682330989
SoundC,51.62091662308819,1516682331177
SoundC,51.62091662308819,1516682331177
Present,129,1516682331180
Present,129,1516682331180
SoundCenter0,66.2750872231934,1516682334769
SoundCenter1,62.46379085949597,1516682334770
SoundCenter2,61.05368351176859,1516682334771
SoundWall0,66.5931625021508,1516682336197
SoundWall1,64.30646617855798,1516682336206
SoundWall2,64.890942444529,1516682336218
SoundWindow0,68.90580295755362,1516682340987
SoundWindow1,58.719784886176015,1516682340989
SoundC,50.159038478285424,1516682341181
SoundC,50.159038478285424,1516682341181
Present,110,1516682341183
Present,110,1516682341183
SoundCenter0,66.5153875578894,1516682344769
SoundCenter1,63.26472840118092,1516682344770
SoundCenter2,61.88554273230863,1516682344771
SoundWall0,67.15729096099156,1516682346197
SoundWall1,64.8573439297018,1516682346206
SoundWall2,65.7393455958762,1516682346218
SoundWindow0,69.40307426736632,1516682350987
SoundWindow1,59.463962547320776,1516682350990
SoundC,50.159038478285424,1516682351185
SoundC,50.159038478285424,1516682351185
Present,112,1516682351188
Present,112,1516682351188
SoundCenter0,66.065893278935,1516682354769
SoundCenter1,63.00505479780159,1516682354770
SoundCenter2,60.99996951213952,1516682354771
SoundWall0,66.84148032382365,1516682356197
SoundWall1,64.94307866196763,1516682356205
SoundWall2,65.86303320537533,1516682356218
SoundWindow0,69.27526475010677,1516682360987
SoundWindow1,58.86941913867736,1516682360990
SoundC,46.78757012382582,1516682361190
SoundC,46.78757012382582,1516682361190
Present,122,1516682361192
Present,122,1516682361192
SoundCenter0,64.29784901672221,1516682364769
SoundCenter1,61.91820676917526,1516682364770
SoundCenter2,59.94055305190111,1516682364771
SoundWall0,65.83457376239873,1516682366197
SoundWall1,64.0530613488477,1516682366206
SoundWall2,65.01529986790999,1516682366214
SoundWindow0,69.38025272232268,1516682370987
SoundWindow1,59.14983075623016,1516682370989
SoundC,57.472817393488484,1516682371194
SoundC,57.472817393488484,1516682371194
Present,167,1516682371197
Present,167,1516682371197
SoundCenter0,63.9991560450331,1516682374769
SoundCenter1,62.78752823862302,1516682374770
SoundCenter2,60.6882457344764,1516682374771
SoundWall0,66.374053139969,1516682376197
SoundWall1,64.19675834863804,1516682376205
SoundWall2,65.61774961009522,1516682376219
MoveFocus,GoTour,1516682377862
SoundWindow0,70.39066015314805,1516682380987
SoundWindow1,59.95939348104055,1516682380989
SoundC,54.210802194865956,1516682381198
SoundC,54.210802194865956,1516682381198
Present,115,1516682381201
Present,115,1516682381201
SoundCenter0,64.31978508306996,1516682384769
SoundCenter1,63.953805652784254,1516682384770
SoundCenter2,62.10991083908298,1516682384771
SoundWall0,67.40391276238603,1516682386197
SoundWall1,64.73024683583209,1516682386206
SoundWall2,66.07003666784377,1516682386218
SoundWindow0,69.96542431585257,1516682390987
SoundWindow1,60.021631418169626,1516682390989
SoundC,50.159038478285424,1516682391203
SoundC,50.159038478285424,1516682391203
Present,120,1516682391205
Present,120,1516682391205
SoundCenter0,63.695065163271465,1516682394769
SoundCenter1,62.63207564193042,1516682394770
SoundCenter2,60.94278668432282,1516682394772
SoundWall0,66.87896722776254,1516682396197
SoundWall1,64.17932173068817,1516682396205
SoundWall2,65.68177343123519,1516682396218
SoundWindow0,69.54093310648166,1516682400987
SoundWindow1,59.97013361632453,1516682400990
SoundC,62.551438321825636,1516682401207
SoundC,62.551438321825636,1516682401207
Present,116,1516682401209
Present,116,1516682401209
SoundCenter0,63.688398741054144,1516682404769
SoundCenter1,61.71324116248854,1516682404771
SoundCenter2,60.297133108989634,1516682404772
SoundWall0,66.69802656925643,1516682406197
SoundWall1,64.55478286890258,1516682406205
SoundWall2,65.35361913539707,1516682406218
SoundWindow0,68.85814218591796,1516682410987
SoundWindow1,59.6417971633812,1516682410989
SoundC,48.55773214739296,1516682411222
SoundC,48.55773214739296,1516682411222
Present,161,1516682411224
Present,161,1516682411224
SoundCenter0,63.87994255592854,1516682414769
SoundCenter1,61.701504539009655,1516682414771
SoundCenter2,60.565959419378686,1516682414772
SoundWall0,67.25517073664597,1516682416197
SoundWall1,64.81885489638907,1516682416206
SoundWall2,65.34378899810338,1516682416218
SoundWindow0,69.03783473924709,1516682420987
SoundWindow1,59.825649067215956,1516682420990
SoundC,51.62091662308819,1516682421225
SoundC,51.62091662308819,1516682421225
Present,115,1516682421249
Present,115,1516682421249
SoundCenter0,63.92103429739699,1516682424769
SoundCenter1,61.584038959657846,1516682424771
SoundCenter2,60.546509124679226,1516682424772
SoundWall0,67.41954470196498,1516682426197
SoundWall1,65.1866000309771,1516682426205
SoundWall2,65.35025786947409,1516682426218
SoundWindow0,69.93495410654782,1516682430987
SoundWindow1,60.54535257894975,1516682430990
SoundC,61.80460425887306,1516682431250
SoundC,61.80460425887306,1516682431250
Present,124,1516682431253
Present,124,1516682431253
SoundCenter0,64.6529663989249,1516682434769
SoundCenter1,62.19193789841973,1516682434771
SoundCenter2,61.03244565778444,1516682434772
SoundWall0,68.4532189627317,1516682436197
SoundWall1,66.12119975883009,1516682436206
SoundWall2,66.11590841759701,1516682436219
MoveFocus,GoTour,1516682437939
SoundWindow0,68.95299777091715,1516682440987
SoundWindow1,59.94925025458359,1516682440989
SoundC,52.96571415471127,1516682441254
SoundC,52.96571415471127,1516682441254
Present,116,1516682441257
Present,116,1516682441257
SoundCenter0,64.32057548323272,1516682444769
SoundCenter1,61.13576979127117,1516682444771
SoundCenter2,59.774630529781014,1516682444772
SoundWall0,67.18199001397345,1516682446197
SoundWall1,65.50245246992678,1516682446205
SoundWall2,65.40522766848059,1516682446218
SoundWindow0,68.4849081835373,1516682450987
SoundWindow1,59.24456495800884,1516682450989
SoundC,52.96571415471127,1516682451259
SoundC,52.96571415471127,1516682451259
Present,154,1516682451271
Present,154,1516682451271
SoundCenter0,64.15687734537377,1516682454769
SoundCenter1,61.35532413784204,1516682454771
SoundCenter2,59.50746643884425,1516682454772
SoundWall0,66.61320351923094,1516682456197
SoundWall1,64.99850027761732,1516682456205
SoundWall2,64.83681371669836,1516682456218
SoundWindow0,68.16783057681397,1516682460987
SoundWindow1,58.85621476472978,1516682460989
SoundC,55.369951428718224,1516682461273
SoundC,55.369951428718224,1516682461273
Present,106,1516682461275
Present,106,1516682461275
SoundCenter0,63.39238301584111,1516682464769
SoundCenter1,60.64915706973455,1516682464771
SoundCenter2,58.316646098934584,1516682464772
SoundWall0,66.4231317406961,1516682466197
SoundWall1,64.48655412305264,1516682466206
SoundWall2,64.47437986416851,1516682466218
SoundWindow0,68.42341821312512,1516682470987
SoundWindow1,58.50024454275329,1516682470990
SoundC,52.96571415471127,1516682471277
SoundC,52.96571415471127,1516682471277
Present,89,1516682471279
Present,89,1516682471279
SoundCenter0,63.93957902505818,1516682474769
SoundCenter1,61.22976246709576,1516682474771
SoundCenter2,59.04554755220252,1516682474772
SoundWall0,66.13725586350986,1516682476197
SoundWall1,64.4807509420106,1516682476205
SoundWall2,64.060296268683,1516682476219
SoundWindow0,69.18340780309266,1516682480987
SoundWindow1,59.211346229182816,1516682480990
SoundC,54.210802194865956,1516682481281
SoundC,54.210802194865956,1516682481281
Present,130,1516682481284
Present,130,1516682481284
SoundCenter0,65.208930221616,1516682484769
SoundCenter1,62.592623949124906,1516682484771
SoundCenter2,59.91392137240336,1516682484772
SoundWall0,67.03424086553255,1516682486197
SoundWall1,65.33754928203277,1516682486206
SoundWall2,65.01562821160309,1516682486218
SoundWindow0,69.4240630774905,1516682490987
SoundWindow1,59.00579660778309,1516682490990
SoundC,65.24535518573873,1516682491285
SoundC,65.24535518573873,1516682491285
Present,131,1516682491288
Present,131,1516682491288
SoundCenter0,65.19927278048426,1516682494769
SoundCenter1,62.65480117904878,1516682494771
SoundCenter2,59.92465545252328,1516682494772
SoundWall0,66.29767829258053,1516682496197
SoundWall1,64.85079766469264,1516682496205
SoundWall2,63.88262240622221,1516682496218
MoveFocus,GoTour,1516682498061
SoundWindow0,69.63272319360318,1516682500987
SoundWindow1,58.745462563565454,1516682500989
SoundC,55.369951428718224,1516682501290
SoundC,55.369951428718224,1516682501290
Present,121,1516682501292
Present,121,1516682501292
SoundCenter0,65.97890726116711,1516682504769
SoundCenter1,63.33772331434616,1516682504771
SoundCenter2,61.205508185870784,1516682504772
SoundWall0,67.3333125877494,1516682506197
SoundWall1,65.40256760597943,1516682506206
SoundWall2,64.40372070870198,1516682506218
SoundWindow0,69.67022858506122,1516682510988
SoundWindow1,59.17347598244284,1516682510989
SoundC,63.26648240367583,1516682511294
SoundC,63.26648240367583,1516682511294
Present,120,1516682511296
Present,120,1516682511296
SoundCenter0,67.36691665838882,1516682514769
SoundCenter1,64.28132225808068,1516682514771
SoundCenter2,62.964716438827274,1516682514772
SoundWall0,68.91921829658794,1516682516197
SoundWall1,66.90270059895934,1516682516206
SoundWall2,65.45106539062805,1516682516218
SoundWindow0,69.26558430399896,1516682520987
SoundWindow1,59.2193550049759,1516682520989
SoundC,54.210802194865956,1516682521298
SoundC,54.210802194865956,1516682521298
Present,103,1516682521301
Present,103,1516682521301
SoundCenter0,68.15549414599678,1516682524769
SoundCenter1,65.35984061023576,1516682524771
SoundCenter2,64.08012554074884,1516682524772
SoundWall0,69.00184353617168,1516682526197
SoundWall1,66.8616805747861,1516682526206
SoundWall2,64.79197146445897,1516682526218
SoundWindow0,68.99753595016064,1516682530987
SoundWindow1,59.14713762374162,1516682530989
SoundC,58.433135904413454,1516682531303
SoundC,58.433135904413454,1516682531303
Present,93,1516682531305
Present,93,1516682531305
SoundCenter0,67.37199986936251,1516682534769
SoundCenter1,63.90034734139694,1516682534771
SoundCenter2,62.870589397171926,1516682534772
SoundWall0,68.5440164379337,1516682536197
SoundWall1,66.06747149246574,1516682536206
SoundWall2,63.93494356867571,1516682536218
SoundWindow0,68.78365956081862,1516682540987
SoundWindow1,58.554135756270654,1516682540989
SoundC,51.62091662308819,1516682541307
SoundC,51.62091662308819,1516682541307
Present,90,1516682541310
Present,90,1516682541310
SoundCenter0,67.00562937840338,1516682544769
SoundCenter1,63.022422895759824,1516682544771
SoundCenter2,62.199870761128324,1516682544772
SoundWall0,67.29379854251268,1516682546197
SoundWall1,64.93349306643765,1516682546205
SoundWall2,62.84680429905063,1516682546218
SoundWindow0,67.30511139679867,1516682550987
SoundWindow1,58.065977690563265,1516682550989
SoundC,51.62091662308819,1516682551311
SoundC,51.62091662308819,1516682551311
Present,130,1516682551314
Present,130,1516682551314
SoundCenter0,66.85639541762397,1516682554769
SoundCenter1,61.880438157274824,1516682554771
SoundCenter2,61.9984713315189,1516682554772
SoundWall0,67.08686835920426,1516682556197
SoundWall1,64.59745383153715,1516682556207
SoundWall2,62.56719628261534,1516682556213
MoveFocus,GoTour,1516682558148
SoundWindow0,66.33823851874894,1516682560987
SoundWindow1,58.29107611204808,1516682560989
SoundC,50.159038478285424,1516682561315
SoundC,50.159038478285424,1516682561315
Present,115,1516682561318
Present,115,1516682561318
SoundCenter0,65.64225620307762,1516682564769
SoundCenter1,60.857712197091914,1516682564771
SoundCenter2,61.23555606389507,1516682564772
SoundWall0,66.21769326461228,1516682566197
SoundWall1,63.870570789559785,1516682566207
SoundWall2,62.035579402960884,1516682566217
SoundWindow0,65.0795172776464,1516682570988
SoundWindow1,57.579347499197404,1516682570989
SoundC,51.62091662308819,1516682571320
SoundC,51.62091662308819,1516682571320
Present,108,1516682571322
Present,108,1516682571322
SoundCenter0,63.98398888327737,1516682574769
SoundCenter1,59.4122003746628,1516682574771
SoundCenter2,59.57370398641777,1516682574772
SoundWall0,64.28532111006906,1516682576197
SoundWall1,62.184451341432755,1516682576206
SoundWall2,59.877867374387996,1516682576214
SoundWindow0,64.51667217027574,1516682580987
SoundWindow1,57.03386781169794,1516682580989
SoundC,54.210802194865956,1516682581324
SoundC,54.210802194865956,1516682581324
Present,128,1516682581326
Present,128,1516682581326
SoundCenter0,62.65583233933372,1516682584769
SoundCenter1,57.56151889277485,1516682584771
SoundCenter2,58.43264685326082,1516682584772
SoundWall0,63.16204900376759,1516682586197
SoundWall1,61.01125701200285,1516682586206
SoundWall2,59.65958005636965,1516682586214
SoundWindow0,63.788658982360204,1516682590988
SoundWindow1,56.889588942062204,1516682590989
SoundC,65.24535518573873,1516682591328
SoundC,65.24535518573873,1516682591328
Present,121,1516682591331
Present,121,1516682591331
SoundCenter0,63.83064442177703,1516682594769
SoundCenter1,59.19061887599353,1516682594771
SoundCenter2,60.010742742454795,1516682594772
SoundWall0,64.40936814720926,1516682596197
SoundWall1,62.21451925154184,1516682596206
SoundWall2,61.428201568431774,1516682596214
SoundWindow0,63.47573885365694,1516682600987
SoundWindow1,57.099533590480156,1516682600989
SoundC,52.96571415471127,1516682601332
SoundC,52.96571415471127,1516682601332
Present,119,1516682601335
Present,119,1516682601335
SoundCenter0,63.82580731542362,1516682604769
SoundCenter1,59.37732267166391,1516682604771
SoundCenter2,60.23468922178647,1516682604772
SoundWall0,65.2905663972285,1516682606197
SoundWall1,62.934990246275134,1516682606207
SoundWall2,61.70009409882129,1516682606215
SoundWindow0,64.31457110012198,1516682610987
SoundWindow1,57.67782670670108,1516682610989
SoundC,54.210802194865956,1516682611337
SoundC,54.210802194865956,1516682611337
Present,118,1516682611339
Present,118,1516682611339
SoundCenter0,63.96110867133225,1516682614769
SoundCenter1,60.3226881989971,1516682614771
SoundCenter2,60.768481074842384,1516682614772
SoundWall0,66.23618621534024,1516682616197
SoundWall1,63.938544986314405,1516682616206
SoundWall2,62.56259650450155,1516682616220
MoveFocus,GoTour,1516682618215
SoundWindow0,65.99722203398618,1516682620987
SoundWindow1,58.593865292355105,1516682620989
SoundC,50.159038478285424,1516682621344
SoundC,50.159038478285424,1516682621344
Present,147,1516682621347
Present,147,1516682621347
SoundCenter0,64.85679252962628,1516682624769
SoundCenter1,61.32096362315194,1516682624771
SoundCenter2,61.467209577193856,1516682624772
SoundWall0,67.2391796907329,1516682626197
SoundWall1,64.39432637472639,1516682626206
SoundWall2,63.441314406850765,1516682626215
SoundWindow0,66.45714870041486,1516682630988
SoundWindow1,58.897663503067086,1516682630989
SoundC,48.55773214739296,1516682631350
SoundC,48.55773214739296,1516682631350
Present,124,1516682631353
Present,124,1516682631353
SoundCenter0,65.85885233212942,1516682634769
SoundCenter1,61.60591892813617,1516682634771
SoundCenter2,61.962536535324496,1516682634772
SoundWall0,67.64594161718837,1516682636197
SoundWall1,64.60756980398577,1516682636206
SoundWall2,64.97554126515942,1516682636214
SoundWindow0,67.37481768886511,1516682640987
SoundWindow1,59.51680258773918,1516682640989
SoundC,51.62091662308819,1516682641355
SoundC,51.62091662308819,1516682641355
Present,120,1516682641358
Present,120,1516682641358
SoundCenter0,67.5787936457824,1516682644769
SoundCenter1,63.5424471726649,1516682644770
SoundCenter2,63.68344337199468,1516682644771
SoundWall0,69.24797723571288,1516682646197
SoundWall1,66.33395925583469,1516682646206
SoundWall2,66.27404994217937,1516682646214
SoundWindow0,68.41056912603223,1516682650987
SoundWindow1,59.85970082368105,1516682650989
SoundC,50.159038478285424,1516682651361
SoundC,50.159038478285424,1516682651361
Present,118,1516682651363
Present,118,1516682651363
SoundCenter0,67.57075296700694,1516682654769
SoundCenter1,63.48092651315376,1516682654770
SoundCenter2,63.16477441801728,1516682654771
SoundWall0,68.98085948234515,1516682656197
SoundWall1,65.92169364423091,1516682656206
SoundWall2,65.71727251988615,1516682656214
SoundWindow0,68.06480258576211,1516682660987
SoundWindow1,59.48682937732263,1516682660989
SoundC,52.96571415471127,1516682661369
SoundC,52.96571415471127,1516682661369
Present,107,1516682661372
Present,107,1516682661372
SoundCenter0,66.90117769237895,1516682664769
SoundCenter1,62.71537685932113,1516682664770
SoundCenter2,62.47009118573845,1516682664771
SoundWall0,68.88946792020748,1516682666197
SoundWall1,65.3057713253419,1516682666206
SoundWall2,65.4005950185173,1516682666214
SoundWindow0,67.72177336325896,1516682670987
SoundWindow1,58.538395919940704,1516682670989
SoundC,50.159038478285424,1516682671373
SoundC,50.159038478285424,1516682671373
Present,175,1516682671376
Present,175,1516682671376
SoundCenter0,65.66311024746524,1516682674769
SoundCenter1,61.28170666198295,1516682674770
SoundCenter2,60.67058082467756,1516682674771
SoundWall0,66.80935077082269,1516682676197
SoundWall1,63.273112480523736,1516682676206
SoundWall2,64.06734114742439,1516682676214
MoveFocus,GoTour,1516682678327
SoundWindow0,65.96082071017987,1516682680987
SoundWindow1,57.42300867707294,1516682680989
SoundC,56.45426312235056,1516682681378
SoundC,56.45426312235056,1516682681378
Present,129,1516682681380
Present,129,1516682681380
SoundCenter0,64.73539468906235,1516682684769
SoundCenter1,60.59001654109539,1516682684770
SoundCenter2,59.694473203218344,1516682684771
SoundWall0,65.70934625443715,1516682686197
SoundWall1,62.25499334476782,1516682686206
SoundWall2,63.54705339960531,1516682686220
SoundWindow0,66.82684045911806,1516682690988
SoundWindow1,57.39526829650712,1516682690989
SoundC,59.341519288975356,1516682691386
SoundC,59.341519288975356,1516682691386
Present,121,1516682691389
Present,121,1516682691389
SoundCenter0,64.10524809161176,1516682694769
SoundCenter1,60.496154557026784,1516682694770
SoundCenter2,59.46399436432601,1516682694771
SoundWall0,66.41011905705648,1516682696197
SoundWall1,62.96446046632447,1516682696206
SoundWall2,63.22904695642736,1516682696215
SoundWindow0,66.11624392878505,1516682700987
SoundWindow1,57.22049468739486,1516682700989
SoundC,54.210802194865956,1516682701393
SoundC,54.210802194865956,1516682701393
Present,127,1516682701397
Present,127,1516682701397
SoundCenter0,63.32637992168893,1516682704769
SoundCenter1,59.75397471505032,1516682704770
SoundCenter2,58.665677457722786,1516682704771
SoundWall0,65.93019815044563,1516682706197
SoundWall1,62.336831493177584,1516682706206
SoundWall2,62.726276121293886,1516682706214
SoundWindow0,65.76937186198133,1516682710987
SoundWindow1,57.06285836546316,1516682710989
SoundC,46.78757012382582,1516682711401
SoundC,46.78757012382582,1516682711401
Present,123,1516682711405
Present,123,1516682711405
SoundCenter0,63.13892205352467,1516682714769
SoundCenter1,59.17679668077323,1516682714770
SoundCenter2,58.57909520107175,1516682714771
SoundWall0,65.02221653787893,1516682716197
SoundWall1,61.49762986858802,1516682716206
SoundWall2,63.06295031045699,1516682716218
SoundWindow0,66.00249347268812,1516682720987
SoundWindow1,57.08508749673825,1516682720989
SoundC,52.96571415471127,1516682721410
SoundC,52.96571415471127,1516682721410
Present,115,1516682721413
Present,115,1516682721413
SoundCenter0,64.23929903524075,1516682724769
SoundCenter1,59.988709683909434,1516682724770
SoundCenter2,59.38381978824054,1516682724771
SoundWall0,64.701453537159,1516682726197
SoundWall1,61.38320472288277,1516682726206
SoundWall2,63.38185819863871,1516682726218
SoundWindow0,66.4979282986234,1516682730987
SoundWindow1,57.2287431587298,1516682730989
SoundC,54.210802194865956,1516682731417
SoundC,54.210802194865956,1516682731417
Present,144,1516682731420
Present,144,1516682731420
SoundCenter0,65.22246360815421,1516682734769
SoundCenter1,60.99547767985434,1516682734770
SoundCenter2,60.09964314458966,1516682734771
SoundWall0,66.52191083091547,1516682736197
SoundWall1,62.46481107820848,1516682736206
SoundWall2,64.76966952680382,1516682736218
MoveFocus,GoTour,1516682738404
SoundWindow0,68.13830002055983,1516682740987
SoundWindow1,58.06039723307938,1516682740989
SoundC,58.433135904413454,1516682741421
SoundC,58.433135904413454,1516682741421
Present,124,1516682741424
Present,124,1516682741424
SoundCenter0,66.04794454401315,1516682744769
SoundCenter1,61.776479505572055,1516682744770
SoundCenter2,60.75522679136882,1516682744771
SoundWall0,67.16864941173397,1516682746197
SoundWall1,63.61048397456001,1516682746206
SoundWall2,65.36062631033387,1516682746218
SoundWindow0,68.03579105931966,1516682750988
SoundWindow1,57.9340571474445,1516682750989
SoundC,57.472817393488484,1516682751426
SoundC,57.472817393488484,1516682751426
Present,121,1516682751429
Present,121,1516682751429
SoundCenter0,66.05205803532674,1516682754769
SoundCenter1,61.93165781060961,1516682754770
SoundCenter2,60.82532080596031,1516682754771
SoundWall0,67.16890658374112,1516682756197
SoundWall1,63.22632753483931,1516682756206
SoundWall2,65.75581099939093,1516682756218
SoundWindow0,69.02498433610779,1516682760987
SoundWindow1,58.111005000788154,1516682760989
SoundC,64.61127993529891,1516682761435
SoundC,64.61127993529891,1516682761435
Present,115,1516682761437
Present,115,1516682761437
SoundCenter0,66.47059503750948,1516682764769
SoundCenter1,62.676508280593126,1516682764770
SoundCenter2,61.3066775824134,1516682764771
SoundWall0,68.13278280852302,1516682766197
SoundWall1,64.37164511623193,1516682766205
SoundWall2,66.26967275080277,1516682766218
SoundWindow0,68.98612594657152,1516682770987
SoundWindow1,58.45192634699383,1516682770989
SoundC,60.20329792798059,1516682771440
SoundC,60.20329792798059,1516682771440
Present,97,1516682771442
Present,97,1516682771442
SoundCenter0,66.93045739840191,1516682774769
SoundCenter1,63.87249418856689,1516682774770
SoundCenter2,62.11377340694735,1516682774771
SoundWall0,68.43697260531879,1516682776197
SoundWall1,64.71165587848031,1516682776206
SoundWall2,66.16300362231405,1516682776218
SoundWindow0,69.11826668312662,1516682780987
SoundWindow1,58.81377421171571,1516682780989
SoundC,62.551438321825636,1516682781445
SoundC,62.551438321825636,1516682781445
Present,165,1516682781448
Present,165,1516682781448
SoundCenter0,66.78019655115715,1516682784769
SoundCenter1,64.14806050114335,1516682784770
SoundCenter2,62.9356786983591,1516682784771
SoundWall0,69.2397872955534,1516682786197
SoundWall1,65.84111418202761,1516682786205
SoundWall2,67.00635125461767,1516682786218
SoundWindow0,68.9234093182104,1516682790987
SoundWindow1,58.70875855073659,1516682790989
SoundC,56.45426312235056,1516682791450
SoundC,56.45426312235056,1516682791450
Present,122,1516682791453
Present,122,1516682791453
SoundCenter0,66.62471068748634,1516682794769
SoundCenter1,63.27642399029441,1516682794770
SoundCenter2,62.531596570279056,1516682794771
SoundWall0,67.65053539071397,1516682796197
SoundWall1,64.85438866859072,1516682796205
SoundWall2,65.46447776990968,1516682796218
MoveFocus,GoTour,1516682798501
SoundWindow0,67.50707940127195,1516682800987
SoundWindow1,58.167835260186585,1516682800988
SoundC,57.472817393488484,1516682801455
SoundC,57.472817393488484,1516682801455
Present,118,1516682801458
Present,118,1516682801458
SoundCenter0,66.49694891312613,1516682804769
SoundCenter1,62.73556707915645,1516682804770
SoundCenter2,62.14735340905349,1516682804771
SoundWall0,67.34703260485475,1516682806197
SoundWall1,64.67208558569665,1516682806206
SoundWall2,64.48601385367826,1516682806218
SoundWindow0,66.80744956874197,1516682810988
SoundWindow1,57.91269752110334,1516682810989
SoundC,60.20329792798059,1516682811462
SoundC,60.20329792798059,1516682811462
Present,125,1516682811464
Present,125,1516682811464
SoundCenter0,67.03557103657053,1516682814769
SoundCenter1,62.651671105516954,1516682814770
SoundCenter2,62.16408220799259,1516682814771
SoundWall0,67.22748404114162,1516682816197
SoundWall1,64.76607474143637,1516682816206
SoundWall2,63.914822515604165,1516682816218
SoundWindow0,66.30923940131157,1516682820987
SoundWindow1,57.676948113054884,1516682820989
SoundC,51.62091662308819,1516682821467
SoundC,51.62091662308819,1516682821467
Present,117,1516682821470
Present,117,1516682821470
SoundCenter0,66.17300660844212,1516682824769
SoundCenter1,61.31540627351349,1516682824770
SoundCenter2,61.40708584691883,1516682824771
SoundWall0,65.80802352272158,1516682826197
SoundWall1,63.33675280763247,1516682826206
SoundWall2,62.38013386365428,1516682826219
SoundWindow0,66.25219391728591,1516682830987
SoundWindow1,57.285954439803724,1516682830989
SoundC,51.62091662308819,1516682831476
SoundC,51.62091662308819,1516682831476
Present,119,1516682831478
Present,119,1516682831478
SoundCenter0,65.30159511687013,1516682834769
SoundCenter1,60.41470585470829,1516682834770
SoundCenter2,60.65750987439388,1516682834771
SoundWall0,65.71525855640157,1516682836197
SoundWall1,63.41076230574516,1516682836205
SoundWall2,61.780878393895726,1516682836218
SoundWindow0,65.67894222154573,1516682840988
SoundWindow1,56.702654147631044,1516682840989
SoundC,54.210802194865956,1516682841480
SoundC,54.210802194865956,1516682841480
Present,117,1516682841484
Present,117,1516682841484
SoundCenter0,65.0641857389128,1516682844769
SoundCenter1,60.67294803979757,1516682844770
SoundCenter2,60.006593280094805,1516682844771
SoundWall0,66.01828506647664,1516682846197
SoundWall1,63.71238946058516,1516682846205
SoundWall2,61.75832560097367,1516682846218
SoundWindow0,65.26968823325234,1516682850987
SoundWindow1,56.87539662866712,1516682850989
SoundC,66.44593723960276,1516682851488
SoundC,66.44593723960276,1516682851488
Present,112,1516682851490
Present,112,1516682851490
SoundCenter0,64.88708009438453,1516682854769
SoundCenter1,61.41730800921762,1516682854770
SoundCenter2,60.48557526802539,1516682854771
SoundWall0,66.09658956065438,1516682856197
SoundWall1,64.04308659999275,1516682856205
SoundWall2,62.11147113130328,1516682856218
MoveFocus,GoTour,1516682858603
SoundWindow0,66.32036668134155,1516682860987
SoundWindow1,57.104312013102685,1516682860990
SoundC,51.62091662308819,1516682861492
SoundC,51.62091662308819,1516682861492
Present,117,1516682861495
Present,117,1516682861495
SoundCenter0,65.05187523627349,1516682864769
SoundCenter1,62.171804679553,1516682864770
SoundCenter2,61.563141871233626,1516682864771
SoundWall0,65.86673158465324,1516682866197
SoundWall1,64.38009494850182,1516682866206
SoundWall2,62.08740889716987,1516682866218
SoundWindow0,67.57644718590537,1516682870987
SoundWindow1,58.09297770473272,1516682870989
SoundC,56.45426312235056,1516682871501
SoundC,56.45426312235056,1516682871501
Present,123,1516682871503
Present,123,1516682871503
SoundCenter0,64.3090075604194,1516682874769
SoundCenter1,61.76714596588807,1516682874770
SoundCenter2,61.206602400461755,1516682874771
SoundWall0,65.77334819936013,1516682876197
SoundWall1,64.65896215000672,1516682876206
SoundWall2,61.795262757090974,1516682876218
SoundWindow0,67.88563978665759,1516682880987
SoundWindow1,58.21921934944546,1516682880989
SoundC,60.20329792798059,1516682881506
SoundC,60.20329792798059,1516682881506
Present,110,1516682881508
Present,110,1516682881508
SoundCenter0,65.26756415381946,1516682884769
SoundCenter1,62.78798182560566,1516682884770
SoundCenter2,62.18528465808212,1516682884771
SoundWall0,66.59003812949491,1516682886197
SoundWall1,65.81091159822213,1516682886205
SoundWall2,62.69946581738716,1516682886218
SoundWindow0,68.07501877474672,1516682890987
SoundWindow1,58.45090344317366,1516682890990
SoundC,48.55773214739296,1516682891510
SoundC,48.55773214739296,1516682891510
Present,119,1516682891513
Present,119,1516682891513
SoundCenter0,64.88751690490422,1516682894769
SoundCenter1,62.59961135388978,1516682894770
SoundCenter2,61.72262085567448,1516682894771
SoundWall0,66.38957266938826,1516682896197
SoundWall1,65.68452458340393,1516682896205
SoundWall2,62.91767364082077,1516682896219
SoundWindow0,68.68976662302892,1516682900987
SoundWindow1,58.83001747962981,1516682900990
SoundC,50.159038478285424,1516682901515
SoundC,50.159038478285424,1516682901515
Present,119,1516682901518
Present,119,1516682901518
SoundCenter0,64.69140740763164,1516682904769
SoundCenter1,61.63487076141624,1516682904770
SoundCenter2,61.50076577419758,1516682904771
SoundWall0,65.31682254441786,1516682906197
SoundWall1,64.63232134011609,1516682906206
SoundWall2,62.5493201632453,1516682906218
SoundWindow0,69.42070887235289,1516682910987
SoundWindow1,59.00610711428899,1516682910989
SoundC,50.159038478285424,1516682911520
SoundC,50.159038478285424,1516682911520
Present,109,1516682911523
Present,109,1516682911523
SoundCenter0,65.33449429719147,1516682914769
SoundCenter1,61.89338681922721,1516682914770
SoundCenter2,61.88880485452072,1516682914771
SoundWall0,66.12986345288931,1516682916197
SoundWall1,65.08126367972926,1516682916205
SoundWall2,62.863957929380106,1516682916217
MoveFocus,GoTour,1516682918690
SoundWindow0,69.06093502465153,1516682920987
SoundWindow1,58.96489528773124,1516682920989
SoundC,51.62091662308819,1516682921525
SoundC,51.62091662308819,1516682921525
Present,110,1516682921528
Present,110,1516682921528
SoundCenter0,65.35446230353863,1516682924769
SoundCenter1,61.8956445379521,1516682924770
SoundCenter2,61.71583008837198,1516682924771
SoundWall0,66.46499784642604,1516682926197
SoundWall1,64.6420485832627,1516682926205
SoundWall2,62.89708848251373,1516682926217
SoundWindow0,68.98969947082271,1516682930987
SoundWindow1,58.696494476531846,1516682930989
SoundC,56.45426312235056,1516682931534
SoundC,56.45426312235056,1516682931534
Present,121,1516682931537
Present,121,1516682931537
SoundCenter0,65.99756112012025,1516682934769
SoundCenter1,63.10874458075038,1516682934770
SoundCenter2,62.84410875239618,1516682934771
SoundWall0,66.86151271975893,1516682936197
SoundWall1,64.86219690694644,1516682936205
SoundWall2,63.73860939225858,1516682936217
SoundWindow0,69.24030106593074,1516682940987
SoundWindow1,59.11025946305246,1516682940989
SoundC,54.210802194865956,1516682941538
SoundC,54.210802194865956,1516682941538
Present,113,1516682941541
Present,113,1516682941541
SoundCenter0,65.5609841684022,1516682944769
SoundCenter1,63.25174056444782,1516682944770
SoundCenter2,62.92738177992816,1516682944771
SoundWall0,66.89562485124355,1516682946197
SoundWall1,64.34706623599116,1516682946205
SoundWall2,64.39987132991173,1516682946217
SoundWindow0,69.75789159235683,1516682950987
SoundWindow1,59.1375452658775,1516682950989
SoundC,48.55773214739296,1516682951543
SoundC,48.55773214739296,1516682951543
Present,115,1516682951545
Present,115,1516682951545
SoundCenter0,65.94523090416409,1516682954769
SoundCenter1,63.21976203711594,1516682954770
SoundCenter2,63.48237458822555,1516682954771
SoundWall0,67.999377562296,1516682956197
SoundWall1,65.27207761054099,1516682956205
SoundWall2,64.98941278423099,1516682956217
SoundWindow0,69.96979830941794,1516682960987
SoundWindow1,59.196727296101535,1516682960989
SoundC,59.341519288975356,1516682961547
SoundC,59.341519288975356,1516682961547
Present,125,1516682961550
Present,125,1516682961550
SoundCenter0,66.66574045808701,1516682964769
SoundCenter1,64.04661981302361,1516682964770
SoundCenter2,63.9825643545684,1516682964771
SoundWall0,69.09291169168381,1516682966197
SoundWall1,66.1897566460747,1516682966206
SoundWall2,64.69542889454529,1516682966214
SoundWindow0,69.78160970441213,1516682970988
SoundWindow1,59.279423154520586,1516682970989
SoundC,57.472817393488484,1516682971552
SoundC,57.472817393488484,1516682971552
Present,113,1516682971554
Present,113,1516682971554
SoundCenter0,66.47465252161824,1516682974769
SoundCenter1,63.259615601389356,1516682974771
SoundCenter2,63.27098546494266,1516682974772
SoundWall0,68.89179265729443,1516682976197
SoundWall1,66.17291121127299,1516682976205
SoundWall2,64.88809095251588,1516682976219
MoveFocus,GoTour,1516682978803
SoundWindow0,69.12899414327299,1516682980987
SoundWindow1,58.78204207111209,1516682980989
SoundC,51.62091662308819,1516682981556
SoundC,51.62091662308819,1516682981556
Present,119,1516682981558
Present,119,1516682981558
SoundCenter0,66.4759541642958,1516682984769
SoundCenter1,62.960467398508015,1516682984771
SoundCenter2,62.434683753440865,1516682984772
SoundWall0,68.34199269613511,1516682986197
SoundWall1,66.33365685642428,1516682986205
SoundWall2,65.1717589643835,1516682986218
SoundWindow0,68.84509504599096,1516682990987
SoundWindow1,58.574195808979454,1516682990989
SoundC,51.62091662308819,1516682991560
SoundC,51.62091662308819,1516682991560
Present,97,1516682991563
Present,97,1516682991563
SoundCenter0,66.80374757403352,1516682994769
SoundCenter1,63.11523210557332,1516682994771
SoundCenter2,62.659890188797114,1516682994772
SoundWall0,68.58014436886037,1516682996197
SoundWall1,66.05680172922914,1516682996205
SoundWall2,65.21114105733017,1516682996218
SoundWindow0,68.98725840162349,1516683000987
SoundWindow1,58.77373774959124,1516683000989
SoundC,56.45426312235056,1516683001564
SoundC,56.45426312235056,1516683001564
Present,113,1516683001567
Present,113,1516683001567
SoundCenter0,67.79907718745986,1516683004769
SoundCenter1,63.94616013222375,1516683004770
SoundCenter2,62.993217365837424,1516683004772
SoundWall0,68.3603407926664,1516683006197
SoundWall1,66.09056020306893,1516683006205
SoundWall2,65.42468174879039,1516683006218
SoundWindow0,69.26699177567768,1516683010987
SoundWindow1,59.453823713626385,1516683010989
SoundC,68.61682354019833,1516683011574
SoundC,68.61682354019833,1516683011574
Present,129,1516683011576
Present,129,1516683011576
SoundCenter0,68.99661861236702,1516683014769
SoundCenter1,65.71142573351074,1516683014771
SoundCenter2,64.37428325154299,1516683014772
SoundWall0,68.84199635103091,1516683016197
SoundWall1,66.62109331244567,1516683016205
SoundWall2,66.24085706825936,1516683016218
SoundWindow0,70.03001932274387,1516683020987
SoundWindow1,60.37457105168582,1516683020989
SoundC,61.023021476191225,1516683021578
SoundC,61.023021476191225,1516683021578
Present,107,1516683021581
Present,107,1516683021581
SoundCenter0,69.80836126028085,1516683024769
SoundCenter1,66.9952008724025,1516683024771
SoundCenter2,65.60038857199433,1516683024772
SoundWall0,69.4494449554135,1516683026197
SoundWall1,67.38219864065245,1516683026206
SoundWall2,67.80277013214867,1516683026219
SoundWindow0,70.03696643851575,1516683030987
SoundWindow1,60.53064601925958,1516683030989
SoundC,65.8563679754536,1516683031582
SoundC,65.8563679754536,1516683031582
Present,118,1516683031585
Present,118,1516683031585
SoundCenter0,70.3857977695399,1516683034769
SoundCenter1,68.57852585955138,1516683034771
SoundCenter2,66.95378252437608,1516683034772
SoundWall0,70.27527164574941,1516683036197
SoundWall1,68.14746617892176,1516683036206
SoundWall2,68.43128977838842,1516683036219
MoveFocus,GoTour,1516683038895
SoundWindow0,71.16819299415026,1516683040987
SoundWindow1,61.569714736006844,1516683040989
SoundC,57.472817393488484,1516683041587
SoundC,57.472817393488484,1516683041587
Present,123,1516683041589
Present,123,1516683041589
SoundCenter0,70.54830733514078,1516683044769
SoundCenter1,68.38684558939583,1516683044771
SoundCenter2,67.08685293800765,1516683044772
SoundWall0,72.08253235759136,1516683046197
SoundWall1,69.29323633123346,1516683046205
SoundWall2,69.1703874424656,1516683046215
SoundWindow0,71.5047888744507,1516683050987
SoundWindow1,61.835240687907664,1516683050992
SoundC,63.95233273361063,1516683051591
SoundC,63.95233273361063,1516683051591
Present,124,1516683051594
Present,124,1516683051594
SoundCenter0,70.73312616416284,1516683054769
SoundCenter1,68.11521138830179,1516683054771
SoundCenter2,66.29398906011474,1516683054772
SoundWall0,72.39257609059176,1516683056197
SoundWall1,69.9863730085609,1516683056205
SoundWall2,68.9124348973371,1516683056218
SoundWindow0,71.30183538288036,1516683060987
SoundWindow1,61.42772678873339,1516683060990
SoundC,54.210802194865956,1516683061596
SoundC,54.210802194865956,1516683061596
Present,131,1516683061598
Present,131,1516683061598
SoundCenter0,69.3214649932431,1516683064769
SoundCenter1,66.9303458347142,1516683064771
SoundCenter2,65.11834173353246,1516683064772
SoundWall0,72.17837392591113,1516683066197
SoundWall1,69.43825840697642,1516683066206
SoundWall2,67.47409147998411,1516683066218
SoundWindow0,70.59303331105916,1516683070987
SoundWindow1,60.814226073969785,1516683070990
SoundC,52.96571415471127,1516683071600
SoundC,52.96571415471127,1516683071600
Present,125,1516683071602
Present,125,1516683071602
SoundCenter0,68.06260494064945,1516683074769
SoundCenter1,65.22046354895456,1516683074771
SoundCenter2,63.51813741914409,1516683074772
SoundWall0,70.975664382232,1516683076197
SoundWall1,68.68965299595764,1516683076205
SoundWall2,65.683996147778,1516683076218
SoundWindow0,69.78968343997221,1516683080987
SoundWindow1,60.21310444537428,1516683080990
SoundC,50.159038478285424,1516683081604
SoundC,50.159038478285424,1516683081604
Present,109,1516683081606
Present,109,1516683081606
SoundCenter0,67.09055070226613,1516683084769
SoundCenter1,64.50112145586836,1516683084771
SoundCenter2,62.54311273173415,1516683084772
SoundWall0,69.9958006140911,1516683086197
SoundWall1,67.6815991847437,1516683086205
SoundWall2,65.00778390480578,1516683086218
SoundWindow0,70.49669548857273,1516683090987
SoundWindow1,60.63146608228669,1516683090990
SoundC,51.62091662308819,1516683091610
SoundC,51.62091662308819,1516683091610
Present,118,1516683091612
Present,118,1516683091612
SoundCenter0,65.93420687417782,1516683094769
SoundCenter1,63.18324581659613,1516683094771
SoundCenter2,61.68550432188179,1516683094772
SoundWall0,69.12591805932779,1516683096197
SoundWall1,66.59792984824419,1516683096206
SoundWall2,63.89929345306884,1516683096215
MoveFocus,GoTour,1516683098972
SoundWindow0,70.19871576188626,1516683100987
SoundWindow1,59.79909725839255,1516683100990
SoundC,44.808697341762915,1516683101615
SoundC,44.808697341762915,1516683101615
Present,122,1516683101618
Present,122,1516683101618
SoundCenter0,65.40381582452098,1516683104769
SoundCenter1,62.92764993509068,1516683104771
SoundCenter2,61.41325847603172,1516683104772
SoundWall0,67.80785346024814,1516683106197
SoundWall1,65.08943666737567,1516683106205
SoundWall2,63.59983377404084,1516683106215
SoundWindow0,69.54472864675901,1516683110987
SoundWindow1,59.423448658820924,1516683110989
SoundC,48.55773214739296,1516683111621
SoundC,48.55773214739296,1516683111621
Present,125,1516683111624
Present,125,1516683111624
SoundCenter0,64.0800583550279,1516683114769
SoundCenter1,61.78011239364982,1516683114771
SoundCenter2,60.83227297568662,1516683114772
SoundWall0,65.78448604167328,1516683116197
SoundWall1,63.080499489638655,1516683116205
SoundWall2,63.313583023803034,1516683116217
SoundWindow0,68.9925228173398,1516683120987
SoundWindow1,59.07315116142686,1516683120990
SoundC,59.341519288975356,1516683121628
SoundC,59.341519288975356,1516683121628
Present,130,1516683121631
Present,130,1516683121631
SoundCenter0,63.85113200747971,1516683124769
SoundCenter1,61.39803614542994,1516683124770
SoundCenter2,60.703261074614346,1516683124771
SoundWall0,65.4616746182211,1516683126197
SoundWall1,62.72617720645384,1516683126206
SoundWall2,63.839921321917636,1516683126214
SoundWindow0,68.36209135459714,1516683130987
SoundWindow1,58.91508491327797,1516683130989
SoundC,60.20329792798059,1516683131635
SoundC,60.20329792798059,1516683131635
Present,130,1516683131637
Present,130,1516683131637
SoundCenter0,63.77058911908144,1516683134769
SoundCenter1,61.00334298166167,1516683134770
SoundCenter2,60.017688077576366,1516683134771
SoundWall0,64.69185096698958,1516683136197
SoundWall1,61.545238905835284,1516683136206
SoundWall2,63.72187555756774,1516683136214
SoundWindow0,67.78443963607484,1516683140987
SoundWindow1,58.23728021597646,1516683140989
SoundC,55.369951428718224,1516683141641
SoundC,55.369951428718224,1516683141641
Present,119,1516683141643
Present,119,1516683141643
SoundCenter0,63.41846897353171,1516683144769
SoundCenter1,59.9727356961419,1516683144770
SoundCenter2,59.19348208049141,1516683144771
SoundWall0,63.49065353355468,1516683146197
SoundWall1,60.67373213791632,1516683146206
SoundWall2,63.04623546409482,1516683146214
SoundWindow0,67.64729252845139,1516683150987
SoundWindow1,57.8913354398485,1516683150990
SoundC,51.62091662308819,1516683151650
SoundC,51.62091662308819,1516683151650
Present,122,1516683151652
Present,122,1516683151652
SoundCenter0,63.460027097574645,1516683154769
SoundCenter1,60.158369172790486,1516683154770
SoundCenter2,59.15098158066515,1516683154771
SoundWall0,64.41031967270911,1516683156197
SoundWall1,62.254290466257046,1516683156206
SoundWall2,64.40448772663244,1516683156215
MoveFocus,GoTour,1516683159049
SoundWindow0,67.79372115888131,1516683160987
SoundWindow1,58.23772014798631,1516683160990
SoundC,48.55773214739296,1516683161654
SoundC,48.55773214739296,1516683161654
Present,114,1516683161657
Present,114,1516683161657
SoundCenter0,63.237344508815355,1516683164769
SoundCenter1,60.35081269027156,1516683164770
SoundCenter2,59.35807069882116,1516683164771
SoundWall0,64.42905661854635,1516683166197
SoundWall1,62.75327817756976,1516683166205
SoundWall2,64.0495413696457,1516683166219
SoundWindow0,68.40860515754336,1516683170987
SoundWindow1,58.6652739372407,1516683170989
SoundC,48.55773214739296,1516683171659
SoundC,48.55773214739296,1516683171659
Present,92,1516683171661
Present,92,1516683171661
SoundCenter0,63.98244357110652,1516683174769
SoundCenter1,61.146664278869856,1516683174770
SoundCenter2,60.23066143836245,1516683174771
SoundWall0,66.06502946270582,1516683176197
SoundWall1,64.57220956030342,1516683176206
SoundWall2,64.66776656148357,1516683176218
SoundWindow0,68.76291238947276,1516683180987
SoundWindow1,58.74612835340303,1516683180989
SoundC,54.210802194865956,1516683181663
SoundC,54.210802194865956,1516683181663
Present,90,1516683181665
Present,90,1516683181665
SoundCenter0,65.09640343660064,1516683184769
SoundCenter1,61.91599753962347,1516683184770
SoundCenter2,60.81297515236078,1516683184772
SoundWall0,66.82035929957708,1516683186197
SoundWall1,65.37173176094002,1516683186205
SoundWall2,64.96324725371925,1516683186218
SoundWindow0,69.62636288419587,1516683190987
SoundWindow1,59.20894041216381,1516683190989
SoundC,58.433135904413454,1516683191667
SoundC,58.433135904413454,1516683191667
Present,111,1516683191670
Present,111,1516683191670
SoundCenter0,65.59715519910314,1516683194769
SoundCenter1,62.24695641904295,1516683194771
SoundCenter2,61.55865885932357,1516683194772
SoundWall0,67.78703319161183,1516683196197
SoundWall1,66.7156204997011,1516683196205
SoundWall2,65.65022988891404,1516683196218
SoundWindow0,70.6095772789491,1516683200987
SoundWindow1,59.598187376384416,1516683200989
SoundC,61.80460425887306,1516683201671
SoundC,61.80460425887306,1516683201671
Present,116,1516683201675
Present,116,1516683201675
SoundCenter0,66.07625607581768,1516683204769
SoundCenter1,62.89852714460049,1516683204771
SoundCenter2,62.03224278677262,1516683204772
SoundWall0,69.45066173914897,1516683206197
SoundWall1,68.13558813528086,1516683206206
SoundWall2,66.33922611624438,1516683206215
SoundWindow0,70.4201603508083,1516683210987
SoundWindow1,59.26882366986774,1516683210989
SoundC,50.159038478285424,1516683211679
SoundC,50.159038478285424,1516683211679
Present,115,1516683211683
Present,115,1516683211683
SoundCenter0,65.29757342174106,1516683214769
SoundCenter1,62.4733038260821,1516683214770
SoundCenter2,61.502621200022276,1516683214771
SoundWall0,68.39740410587264,1516683216197
SoundWall1,66.44541445473226,1516683216205
SoundWall2,64.85364015077862,1516683216221
MoveFocus,GoTour,1516683219171
SoundWindow0,70.0282400581976,1516683220987
SoundWindow1,59.145905785333404,1516683220990
SoundC,52.96571415471127,1516683221688
SoundC,52.96571415471127,1516683221688
Present,122,1516683221691
Present,122,1516683221691
SoundCenter0,64.72699399358633,1516683224769
SoundCenter1,61.60820009018148,1516683224770
SoundCenter2,61.01766513518613,1516683224771
SoundWall0,67.73416791812171,1516683226197
SoundWall1,65.48079895391591,1516683226206
SoundWall2,64.61978318346705,1516683226227
SoundWindow0,70.27541774733815,1516683230987
SoundWindow1,58.942879901201444,1516683230989
SoundC,54.210802194865956,1516683231695
SoundC,54.210802194865956,1516683231695
Present,122,1516683231697
Present,122,1516683231697
SoundCenter0,64.83179191764502,1516683234769
SoundCenter1,61.87897012895909,1516683234770
SoundCenter2,61.218491955580795,1516683234771
SoundWall0,67.81783454102568,1516683236197
SoundWall1,65.8145899794531,1516683236205
SoundWall2,64.9731617109416,1516683236218
SoundWindow0,70.83799658023763,1516683240987
SoundWindow1,59.338883779496534,1516683240989
SoundC,51.62091662308819,1516683241699
SoundC,51.62091662308819,1516683241699
Present,185,1516683241701
Present,185,1516683241701
SoundCenter0,64.21643289795159,1516683244769
SoundCenter1,62.01491108417836,1516683244770
SoundCenter2,61.546018111477,1516683244772
SoundWall0,67.06105950779794,1516683246197
SoundWall1,65.38493031873641,1516683246205
SoundWall2,64.93466034916896,1516683246218
SoundWindow0,70.30400612136438,1516683250987
SoundWindow1,59.089774656713374,1516683250990
SoundC,50.159038478285424,1516683251703
SoundC,50.159038478285424,1516683251703
Present,83,1516683251705
Present,83,1516683251705
SoundCenter0,63.35825216184693,1516683254769
SoundCenter1,62.46529451118814,1516683254770
SoundCenter2,61.85492822302545,1516683254772
SoundWall0,66.3433031066231,1516683256197
SoundWall1,64.47770503854404,1516683256207
SoundWall2,64.36221494320486,1516683256222
SoundWindow0,69.4757802966976,1516683260987
SoundWindow1,58.75791928636915,1516683260989
SoundC,52.96571415471127,1516683261706
SoundC,52.96571415471127,1516683261706
Present,100,1516683261709
Present,100,1516683261709
SoundCenter0,62.48853714781099,1516683264769
SoundCenter1,62.07849945233784,1516683264771
SoundCenter2,61.76276489243293,1516683264772
SoundWall0,64.89581302168837,1516683266197
SoundWall1,63.20374251596741,1516683266206
SoundWall2,63.06705710599088,1516683266214
SoundWindow0,68.9793411940605,1516683270987
SoundWindow1,58.800556044485255,1516683270989
SoundC,56.45426312235056,1516683271710
SoundC,56.45426312235056,1516683271710
Present,122,1516683271713
Present,122,1516683271713
SoundCenter0,63.17802528850527,1516683274769
SoundCenter1,62.542272706422395,1516683274771
SoundCenter2,62.3648131042813,1516683274772
SoundWall0,65.1122068211147,1516683276197
SoundWall1,63.46907224667321,1516683276206
SoundWall2,63.62526153465446,1516683276214
MoveFocus,GoTour,1516683279233
SoundWindow0,68.85765079997445,1516683280987
SoundWindow1,58.70654098452181,1516683280989
SoundC,50.159038478285424,1516683281716
SoundC,50.159038478285424,1516683281716
Present,124,1516683281719
Present,124,1516683281719
SoundCenter0,63.98231545856577,1516683284769
SoundCenter1,63.32280330102946,1516683284771
SoundCenter2,63.100019253003715,1516683284772
SoundWall0,65.75260244266816,1516683286197
SoundWall1,63.72316575134261,1516683286206
SoundWall2,63.89684181510836,1516683286214
SoundWindow0,68.19577833322047,1516683290988
SoundWindow1,58.559756286059866,1516683290989
SoundC,48.55773214739296,1516683291725
SoundC,48.55773214739296,1516683291725
Present,155,1516683291730
Present,155,1516683291730
SoundCenter0,64.2909293272169,1516683294769
SoundCenter1,63.32101897220035,1516683294771
SoundCenter2,62.68962246629583,1516683294772
SoundWall0,64.92620022551166,1516683296197
SoundWall1,62.24017142300682,1516683296206
SoundWall2,63.26128173486216,1516683296214
SoundWindow0,68.02067608751923,1516683300987
SoundWindow1,58.46772288192038,1516683300989
SoundC,61.023021476191225,1516683301733
SoundC,61.023021476191225,1516683301733
Present,107,1516683301735
Present,107,1516683301735
SoundCenter0,65.66922086026635,1516683304769
SoundCenter1,64.16905449634675,1516683304771
SoundCenter2,63.19164333759773,1516683304772
SoundWall0,66.36326680473552,1516683306197
SoundWall1,63.424965508893905,1516683306205
SoundWall2,63.67468600184504,1516683306218
SoundWindow0,68.66217209171417,1516683310988
SoundWindow1,58.436716080634476,1516683310989
SoundC,51.62091662308819,1516683311739
SoundC,51.62091662308819,1516683311739
Present,122,1516683311743
Present,122,1516683311743
SoundCenter0,66.39631862324629,1516683314769
SoundCenter1,64.00151084919759,1516683314771
SoundCenter2,62.80524836912418,1516683314772
SoundWall0,66.2127756160815,1516683316197
SoundWall1,63.54205778058988,1516683316205
SoundWall2,63.92642210531153,1516683316218
SoundWindow0,68.34203243821541,1516683320987
SoundWindow1,58.794925124429376,1516683320989
SoundC,60.20329792798059,1516683321746
SoundC,60.20329792798059,1516683321746
Present,120,1516683321750
Present,120,1516683321750
SoundCenter0,66.71797687651713,1516683324769
SoundCenter1,64.0029417228172,1516683324770
SoundCenter2,62.60549440652509,1516683324771
SoundWall0,66.70523274376707,1516683326197
SoundWall1,63.418867851939545,1516683326205
SoundWall2,64.73038298691978,1516683326218
SoundWindow0,68.0217060400345,1516683330987
SoundWindow1,58.46743211819622,1516683330990
SoundC,63.95233273361063,1516683331752
SoundC,63.95233273361063,1516683331752
Present,126,1516683331756
Present,126,1516683331756
SoundCenter0,66.37279903283259,1516683334769
SoundCenter1,63.780876545985166,1516683334770
SoundCenter2,62.41003724451481,1516683334771
SoundWall0,66.09220645600959,1516683336197
SoundWall1,62.75493389348514,1516683336205
SoundWall2,64.24321929204909,1516683336218
MoveFocus,GoTour,1516683339345
SoundWindow0,68.34716844173315,1516683340987
SoundWindow1,58.32538518689185,1516683340990
SoundC,54.210802194865956,1516683341759
SoundC,54.210802194865956,1516683341759
Present,115,1516683341761
Present,115,1516683341761
SoundCenter0,66.14598311289983,1516683344769
SoundCenter1,63.348795725360226,1516683344770
SoundCenter2,61.90824479748789,1516683344771
SoundWall0,65.23977828820458,1516683346197
SoundWall1,62.644250808972714,1516683346205
SoundWall2,63.04096057493147,1516683346218
SoundWindow0,68.31888656691386,1516683350988
SoundWindow1,58.24528975955389,1516683350989
SoundC,59.341519288975356,1516683351765
SoundC,59.341519288975356,1516683351765
Present,130,1516683351768
Present,130,1516683351768
SoundCenter0,65.21931973680597,1516683354769
SoundCenter1,62.72235133024217,1516683354770
SoundCenter2,61.69236312821064,1516683354772
SoundWall0,64.7198786154678,1516683356197
SoundWall1,62.50417825943465,1516683356205
SoundWall2,62.296505822250445,1516683356218
SoundWindow0,67.91072385719677,1516683360987
SoundWindow1,57.84476857307489,1516683360990
SoundC,52.96571415471127,1516683361771
SoundC,52.96571415471127,1516683361771
Present,125,1516683361773
Present,125,1516683361773
SoundCenter0,63.791145557648065,1516683364769
SoundCenter1,61.15708122873754,1516683364771
SoundCenter2,60.15091473997588,1516683364772
SoundWall0,64.42029653238272,1516683366197
SoundWall1,62.226318440471935,1516683366205
SoundWall2,62.53039948012213,1516683366218
SoundWindow0,66.39397617382771,1516683370987
SoundWindow1,57.32844913557793,1516683370989
SoundC,55.369951428718224,1516683371781
SoundC,55.369951428718224,1516683371781
Present,123,1516683371783
Present,123,1516683371783
SoundCenter0,63.61143589293591,1516683374769
SoundCenter1,60.54255312193224,1516683374771
SoundCenter2,59.47254598237494,1516683374772
SoundWall0,64.02404080323255,1516683376197
SoundWall1,61.33452215839434,1516683376205
SoundWall2,62.66964036527282,1516683376218
SoundWindow0,67.42885390849388,1516683380987
SoundWindow1,57.50626158733747,1516683380989
SoundC,52.96571415471127,1516683381785
SoundC,52.96571415471127,1516683381785
Present,115,1516683381787
Present,115,1516683381787
SoundCenter0,64.7746743685649,1516683384769
SoundCenter1,61.118651711073674,1516683384770
SoundCenter2,60.790769719915716,1516683384771
SoundWall0,64.616294841264,1516683386197
SoundWall1,62.412211441836504,1516683386205
SoundWall2,62.62142260012459,1516683386218
UserCount,5,1516683389227
