SoundWindow0,70.24530144874988,1540976396173
SoundCenter0,66.95961631763595,1540976401044
SoundCenter1,62.261970038704966,1540976401045
SoundCenter2,62.63871080044907,1540976401047
SoundWindow2,58.20497723516389,1540976402281
SoundWall0,65.67356187740509,1540976403092
SoundWall1,69.03335576997823,1540976403101
SoundWall2,65.33226855808125,1540976403102
SoundC,58.433135904413454,1540976405168
Present,96,1540976405171
SoundWindow0,69.48863842895862,1540976406173
SoundCenter0,65.17636956219864,1540976411044
SoundCenter1,61.043353222959006,1540976411045
SoundCenter2,60.988674164511096,1540976411047
SoundWall0,64.68152641027206,1540976413092
SoundWall1,67.86820833667633,1540976413102
SoundWall2,63.69455083433307,1540976413103
SoundWindow2,58.20497723516389,1540976413873
SoundC,52.96571415471127,1540976415175
Present,99,1540976415179
SoundWindow0,68.85502183386815,1540976416173
SoundCenter0,64.77838988205049,1540976421052
SoundCenter1,60.264755673070205,1540976421053
SoundCenter2,59.85130267218277,1540976421055
SoundWindow2,58.20497723516389,1540976422281
SoundWall0,62.798112055896155,1540976423092
SoundWall1,66.88293306329118,1540976423101
SoundWall2,62.421350218468966,1540976423103
SoundC,58.433135904413454,1540976425183
Present,81,1540976425186
SoundWindow0,66.96031176611282,1540976426173
SoundCenter0,64.90440217969865,1540976431044
SoundCenter1,60.14854837400392,1540976431045
SoundCenter2,59.814297151985684,1540976431047
SoundWindow2,58.20497723516389,1540976432281
SoundWall0,62.178617797558644,1540976433092
SoundWall1,66.33946538660504,1540976433101
SoundWall2,61.88975049993085,1540976433104
SoundC,52.96571415471127,1540976435190
Present,136,1540976435193
SoundWindow0,66.98885794368827,1540976436173
SoundCenter0,64.28550728715668,1540976441044
SoundCenter1,59.02275824068833,1540976441045
SoundCenter2,58.36330982062671,1540976441047
SoundWindow2,58.20497723516389,1540976442281
SoundWall0,59.96096424475783,1540976443092
SoundWall1,64.45457201252437,1540976443101
SoundWall2,60.6279188811322,1540976443104
SoundC,55.369951428718224,1540976445197
Present,94,1540976445199
SoundWindow0,65.24743010358239,1540976446173
SoundCenter0,62.80811853865349,1540976451044
SoundCenter1,57.15906151893958,1540976451045
SoundCenter2,55.861642720448124,1540976451047
SoundWindow2,58.20497723516389,1540976452281
SoundWall0,57.26789174599013,1540976453092
SoundWall1,62.49140591280658,1540976453101
SoundWall2,58.99167958078476,1540976453104
SoundC,52.96571415471127,1540976455202
Present,101,1540976455205
SoundWindow0,63.6410429311848,1540976456173
SoundCenter0,62.297207605460166,1540976461044
SoundCenter1,55.87368478581039,1540976461045
SoundCenter2,54.090879136330145,1540976461047
SoundWindow2,58.20497723516389,1540976462281
SoundWall0,56.128858911662256,1540976463092
SoundWall1,61.37256061916962,1540976463101
SoundWall2,57.566078930642064,1540976463102
SoundC,56.45426312235056,1540976465207
Present,98,1540976465209
SoundWindow0,63.58791630903774,1540976466173
SoundCenter0,63.699086999264246,1540976471044
SoundCenter1,55.80427469162489,1540976471045
SoundCenter2,54.434881241485876,1540976471047
SoundWindow2,58.20497723516389,1540976472281
SoundWall0,57.126932788667474,1540976473092
SoundWall1,61.699395579909734,1540976473103
SoundWall2,57.56744076793904,1540976473106
SoundC,60.20329792798059,1540976475211
Present,123,1540976475214
SoundWindow0,64.30957035182753,1540976476173
SoundCenter0,64.05163288055753,1540976481044
SoundCenter1,56.075262828915506,1540976481045
SoundCenter2,54.98297028398327,1540976481047
SoundWindow2,58.20497723516389,1540976482281
SoundWall0,57.62858862413599,1540976483092
SoundWall1,61.70677499543454,1540976483101
SoundWall2,57.082035852295604,1540976483103
SoundC,58.433135904413454,1540976485216
Present,97,1540976485219
SoundWindow0,65.27195186727509,1540976486173
SoundCenter0,63.12878614241074,1540976491044
SoundCenter1,55.51111339069417,1540976491045
SoundCenter2,54.42569126490183,1540976491047
SoundWindow2,58.20497723516389,1540976492281
SoundWall0,57.52865458445994,1540976493092
SoundWall1,61.67695185668752,1540976493101
SoundWall2,56.75108101294706,1540976493104
SoundC,62.551438321825636,1540976495221
Present,100,1540976495223
SoundWindow0,64.50665680348894,1540976496173
SoundCenter0,64.02217455104109,1540976501044
SoundCenter1,55.49444321976846,1540976501045
SoundCenter2,55.193332957255194,1540976501047
SoundWindow2,58.20497723516389,1540976502281
SoundWall0,58.35122181178913,1540976503092
SoundWall1,62.2180617323395,1540976503101
SoundWall2,56.990691079596225,1540976503105
SoundC,57.472817393488484,1540976505225
Present,92,1540976505228
SoundWindow0,65.10827069077683,1540976506173
SoundCenter0,64.18452925106448,1540976511044
SoundCenter1,55.42136068116897,1540976511045
SoundCenter2,55.124427728185665,1540976511047
SoundWindow2,58.20497723516389,1540976512281
SoundWall0,58.561102775574135,1540976513092
SoundWall1,62.08826676470535,1540976513101
SoundWall2,56.942560501542225,1540976513102
SoundC,54.210802194865956,1540976515230
Present,101,1540976515232
seat6BOccupied,false,1540976515319
totalSeatCount,0,1540976515319
SoundWindow0,65.81639116456162,1540976516173
seat2AOccupied,false,1540976520404
totalSeatCount,0,1540976520404
SoundCenter0,63.84046026877298,1540976521044
SoundCenter1,55.419611038243566,1540976521047
SoundCenter2,55.743320752502136,1540976521047
SoundWindow2,58.20497723516389,1540976522281
SoundWall0,59.62492150675608,1540976523092
SoundWall1,62.7289336574407,1540976523101
SoundWall2,57.464560803306,1540976523102
SoundC,54.210802194865956,1540976525236
Present,80,1540976525239
SoundWindow0,65.65856191625191,1540976526173
SoundCenter0,62.67126134763348,1540976531044
SoundCenter1,54.698348445916395,1540976531045
SoundCenter2,55.681182999805266,1540976531047
SoundWindow2,58.20497723516389,1540976532281
SoundWall0,59.369900808769806,1540976533092
SoundWall1,62.35918206183287,1540976533101
SoundWall2,58.11326056839116,1540976533103
SoundC,58.433135904413454,1540976535240
Present,97,1540976535243
SoundWindow0,65.14836631209886,1540976536173
SoundCenter0,62.242534119860615,1540976541044
SoundCenter1,54.48686529324889,1540976541046
SoundCenter2,55.188997688317095,1540976541047
SoundWindow2,58.20497723516389,1540976542281
SoundWall0,58.82129976802006,1540976543092
SoundWall1,62.16360748023529,1540976543101
SoundWall2,58.960247622522715,1540976543105
SoundC,52.96571415471127,1540976545248
Present,91,1540976545251
SoundWindow0,64.82723555329527,1540976546173
SoundCenter0,63.20665294327459,1540976551044
SoundCenter1,54.71241210020447,1540976551046
SoundCenter2,55.147774630396874,1540976551047
SoundWindow2,58.20497723516389,1540976552281
SoundWall0,58.69855624007085,1540976553092
SoundWall1,62.40765945683788,1540976553110
SoundWall2,59.52506305770418,1540976553111
SoundC,54.210802194865956,1540976555252
Present,95,1540976555255
SoundWindow0,64.91142848466826,1540976556173
SoundCenter0,61.38493789387384,1540976561044
SoundCenter1,54.04095832586361,1540976561046
SoundCenter2,53.567029668371774,1540976561047
SoundWindow2,58.20497723516389,1540976562281
SoundWall0,57.66405475977352,1540976563092
SoundWall1,61.858131656307926,1540976563101
SoundWall2,59.42495220560235,1540976563102
SoundC,59.341519288975356,1540976565256
Present,105,1540976565259
SoundWindow0,64.88466909016657,1540976566173
SoundCenter0,61.24652504050004,1540976571044
SoundCenter1,54.014393554836076,1540976571045
SoundCenter2,53.28627251710672,1540976571047
SoundWindow2,58.20497723516389,1540976572281
SoundWall0,57.368766342013835,1540976573092
SoundWall1,62.09935119091901,1540976573102
SoundWall2,59.205667435021574,1540976573103
SoundC,61.023021476191225,1540976575261
Present,104,1540976575264
SoundWindow0,64.78685905702277,1540976576173
SoundCenter0,60.86633970705792,1540976581044
SoundCenter1,53.898262691294384,1540976581045
SoundCenter2,52.53647469442362,1540976581047
SoundWindow2,58.20497723516389,1540976582281
SoundWall0,56.361153845287966,1540976583092
SoundWall1,61.56022259396353,1540976583100
SoundWall2,59.14627765989059,1540976583101
SoundC,57.472817393488484,1540976585265
Present,102,1540976585270
SoundWindow0,64.6681726564039,1540976586173
SoundCenter0,60.108668041646524,1540976591044
SoundCenter1,53.73632593563455,1540976591046
SoundCenter2,51.22646258113846,1540976591047
SoundWindow2,58.20497723516389,1540976592281
SoundWall0,55.53120488479905,1540976593092
SoundWall1,61.815271150583676,1540976593103
SoundWall2,59.53825177003274,1540976593104
SoundC,56.45426312235056,1540976595272
Present,76,1540976595275
SoundWindow0,64.60018843716749,1540976596173
SoundCenter0,60.37279972147235,1540976601044
SoundCenter1,53.65440765881772,1540976601045
SoundCenter2,51.21898879859398,1540976601047
SoundWindow2,58.20497723516389,1540976602281
SoundWall0,55.55365855674773,1540976603092
SoundWall1,62.079516434999974,1540976603104
SoundWall2,58.952430957236395,1540976603105
SoundC,61.023021476191225,1540976605276
Present,81,1540976605279
SoundWindow0,63.967611095496885,1540976606173
SoundCenter0,60.392370877786774,1540976611044
SoundCenter1,53.6042460738859,1540976611045
SoundCenter2,51.52131498468573,1540976611047
SoundWindow2,58.20497723516389,1540976612281
SoundWall0,55.04105269894647,1540976613092
SoundWall1,61.787207439792496,1540976613102
SoundWall2,58.703957803898014,1540976613104
SoundC,57.472817393488484,1540976615281
Present,95,1540976615283
SoundWindow0,62.934224846525474,1540976616173
SoundCenter0,61.23511669877016,1540976621044
SoundCenter1,53.65972988438241,1540976621045
SoundCenter2,52.38756204562181,1540976621047
SoundWindow2,58.20497723516389,1540976622281
SoundWall0,55.035112594398086,1540976623092
SoundWall1,61.69440409440271,1540976623100
SoundWall2,58.61629502044591,1540976623101
SoundC,61.80460425887306,1540976625285
Present,97,1540976625288
SoundWindow0,62.369303026959344,1540976626173
SoundCenter0,60.93760757767945,1540976631044
SoundCenter1,53.214613042102535,1540976631045
SoundCenter2,51.99172124358692,1540976631047
SoundWindow2,58.20497723516389,1540976632281
SoundWall0,54.523550421738115,1540976633092
SoundWall1,61.40870413613449,1540976633114
SoundWall2,58.25908344819371,1540976633116
SoundC,57.472817393488484,1540976635290
Present,99,1540976635292
SoundWindow0,61.76847493486689,1540976636173
SoundCenter0,60.622366207915725,1540976641044
SoundCenter1,52.938848008180045,1540976641045
SoundCenter2,51.97920197919326,1540976641048
SoundWindow2,58.20497723516389,1540976642281
SoundWall0,54.49026059094387,1540976643092
SoundWall1,61.535715889338704,1540976643103
SoundWall2,57.832591404990424,1540976643104
SoundC,52.96571415471127,1540976645293
Present,147,1540976645295
SoundWindow0,61.84415545052915,1540976647882
SoundCenter0,60.74649102864384,1540976651044
SoundCenter1,53.2307717737252,1540976651045
SoundCenter2,52.37539102977028,1540976651048
SoundWindow2,58.20497723516389,1540976652281
SoundWall0,55.04090410543172,1540976653092
SoundWall1,61.25457468996889,1540976653099
SoundWall2,56.00680277614722,1540976653100
SoundC,58.433135904413454,1540976655297
Present,79,1540976655300
SoundWindow0,61.48850708996088,1540976656173
SoundCenter0,60.24560172102634,1540976661044
SoundCenter1,53.257065173711744,1540976661045
SoundCenter2,52.391801066473015,1540976661047
SoundWindow2,58.20497723516389,1540976662281
SoundWall0,55.9595212904575,1540976663092
SoundWall1,61.80617119902393,1540976663214
SoundWall2,56.52938611915098,1540976663215
SoundC,56.45426312235056,1540976665301
Present,86,1540976665304
SoundWindow0,62.2447659278934,1540976666174
SoundCenter0,59.471643811221305,1540976671044
SoundCenter1,53.21801233339586,1540976671045
SoundCenter2,52.327114504412776,1540976671048
SoundWindow2,58.20497723516389,1540976672281
SoundWall0,57.083925890740645,1540976673092
SoundWall1,62.048372010360204,1540976673102
SoundWall2,56.45134770952139,1540976673105
SoundC,61.023021476191225,1540976675305
Present,98,1540976675308
SoundWindow0,63.76061342985468,1540976676174
SoundCenter0,59.14409502885614,1540976681044
SoundCenter1,53.02588757081367,1540976681045
SoundCenter2,52.414415014070066,1540976681047
SoundWindow2,58.20497723516389,1540976682281
SoundWall0,57.641612305457215,1540976683092
SoundWall1,62.203553199564354,1540976683107
SoundWall2,55.96022693271637,1540976683108
SoundC,54.210802194865956,1540976685310
Present,97,1540976685313
SoundWindow0,63.51447382339491,1540976686173
SoundCenter0,58.95329010320627,1540976691044
SoundCenter1,53.14421873560487,1540976691045
SoundCenter2,52.73735884476311,1540976691047
SoundWindow2,58.20497723516389,1540976692280
SoundWall0,57.88327209894018,1540976693092
SoundWall1,62.37542652062471,1540976693100
SoundWall2,57.47351146829151,1540976693101
SoundC,52.96571415471127,1540976695315
Present,76,1540976695318
SoundWindow0,63.328002436320155,1540976696174
SoundCenter0,59.44627691723507,1540976701044
SoundCenter1,53.30999366593739,1540976701045
SoundCenter2,53.00424619198437,1540976701047
SoundWindow2,58.20497723516389,1540976702281
SoundWall0,57.73525321265481,1540976703092
SoundWall1,62.157988201408635,1540976703099
SoundWall2,58.12989441653136,1540976703103
SoundC,58.433135904413454,1540976705320
Present,96,1540976705323
SoundWindow0,63.16844804342137,1540976706174
SoundCenter0,60.45921071878651,1540976711044
SoundCenter1,53.106471917472916,1540976711045
SoundCenter2,53.176571146559425,1540976711048
SoundWindow2,58.20497723516389,1540976712281
SoundWall0,57.23500118911268,1540976713092
SoundWall1,62.07366969914002,1540976713099
SoundWall2,58.224624808417,1540976713104
SoundC,59.341519288975356,1540976715325
Present,105,1540976715327
SoundWindow0,63.77731630677184,1540976716174
SoundCenter0,61.28843374354569,1540976721044
SoundCenter1,53.080744779897074,1540976721045
SoundCenter2,53.35648509317108,1540976721047
SoundWindow2,58.20497723516389,1540976722281
SoundWall0,56.424334487540676,1540976723092
SoundWall1,61.48192439272753,1540976723099
SoundWall2,57.74102366108527,1540976723101
SoundC,52.96571415471127,1540976725334
Present,89,1540976725336
SoundWindow0,63.433324620817935,1540976726173
SoundCenter0,62.51430318213843,1540976731044
SoundCenter1,53.2996167111744,1540976731045
SoundCenter2,53.51900265776668,1540976731047
SoundWindow2,58.20497723516389,1540976732281
SoundWall0,55.592302432867925,1540976733092
SoundWall1,61.22892980248594,1540976733098
SoundWall2,57.76009026329338,1540976733102
SoundC,56.45426312235056,1540976735339
Present,110,1540976735344
SoundWindow0,62.32924397150472,1540976736173
SoundCenter0,62.02007553371927,1540976741044
SoundCenter1,53.3315417672862,1540976741045
SoundCenter2,52.953536115599086,1540976741047
SoundWindow2,58.20497723516389,1540976742281
SoundWall0,55.25190153394401,1540976743092
SoundWall1,61.41726975490207,1540976743099
SoundWall2,58.164835721492395,1540976743104
SoundC,59.341519288975356,1540976745350
Present,96,1540976745353
SoundWindow0,63.59912083713222,1540976746173
SoundCenter0,62.90499360863118,1540976751044
SoundCenter1,54.661602633943886,1540976751045
SoundCenter2,53.590863413658425,1540976751047
SoundWindow2,58.20497723516389,1540976752281
SoundWall0,55.8798784033648,1540976753092
SoundWall1,62.203099423194075,1540976753100
SoundWall2,58.07627063106654,1540976753103
SoundC,57.472817393488484,1540976755359
Present,94,1540976755362
SoundWindow0,63.43945832472121,1540976756173
SoundCenter0,62.43182430470838,1540976761044
SoundCenter1,54.76558948204288,1540976761045
SoundCenter2,53.362156184427974,1540976761047
SoundWindow2,58.20497723516389,1540976762281
SoundWall0,55.82523478705431,1540976763092
SoundWall1,62.32833967101117,1540976763099
SoundWall2,58.054490502031044,1540976763100
SoundC,52.96571415471127,1540976765363
Present,83,1540976765366
SoundWindow0,63.89770903349237,1540976766173
SoundCenter0,61.986305812825805,1540976771044
SoundCenter1,55.14713240102305,1540976771045
SoundCenter2,53.1342035162381,1540976771047
SoundWindow2,58.20497723516389,1540976772281
SoundWall0,55.90428987681312,1540976773092
SoundWall1,62.41909201379975,1540976773101
SoundWall2,59.38074850994396,1540976773102
SoundC,60.20329792798059,1540976775368
Present,101,1540976775372
SoundWindow0,63.46637163086128,1540976776173
SoundCenter0,60.96289430922385,1540976781044
SoundCenter1,54.9500607092092,1540976781045
SoundCenter2,52.87838140084171,1540976781047
SoundWindow2,58.20497723516389,1540976782281
SoundWall0,56.05157614021095,1540976783092
SoundWall1,62.251640899318616,1540976783096
SoundWall2,59.12439573275565,1540976783099
SoundC,52.96571415471127,1540976785374
Present,79,1540976785377
SoundWindow0,63.70500819994041,1540976786173
SoundCenter0,60.52533914701186,1540976791044
SoundCenter1,55.12977983038598,1540976791045
SoundCenter2,52.4479226049556,1540976791047
SoundWindow2,58.20497723516389,1540976792281
SoundWall0,55.98691097721687,1540976793092
SoundWall1,61.829244181544595,1540976793097
SoundWall2,57.986165501505,1540976793099
SoundC,58.433135904413454,1540976795382
Present,96,1540976795388
SoundWindow0,64.327721486084,1540976796173
SoundCenter0,61.390510091777905,1540976801044
SoundCenter1,55.85559358384703,1540976801045
SoundCenter2,52.95837005323595,1540976801047
SoundWindow2,58.20497723516389,1540976802281
seat5BOccupied,false,1540976802865
totalSeatCount,0,1540976802865
SoundWall0,56.722518523387116,1540976803092
SoundWall1,62.32873017470897,1540976803096
SoundWall2,57.9001705755915,1540976803099
SoundC,52.96571415471127,1540976805391
Present,134,1540976805396
SoundWindow0,64.4605894505769,1540976806172
SoundCenter0,60.62370203475253,1540976811044
SoundCenter1,55.04053773716814,1540976811048
SoundCenter2,52.645922439613095,1540976811049
SoundWindow2,58.20497723516389,1540976812281
SoundWall0,56.17459461373748,1540976813092
SoundWall1,61.97090988522341,1540976813096
SoundWall2,57.39294978618264,1540976813100
SoundC,64.61127993529891,1540976815400
Present,96,1540976815405
SoundWindow0,65.00098056897653,1540976816173
SoundCenter0,61.16856842929742,1540976821044
SoundCenter1,55.83966997190264,1540976821046
SoundCenter2,53.322840649419604,1540976821056
SoundWindow2,58.20497723516389,1540976822281
SoundWall0,57.66939444844864,1540976823092
SoundWall1,63.03652109815139,1540976823099
SoundWall2,58.70825571766686,1540976823099
SoundC,61.80460425887306,1540976825407
Present,130,1540976825414
SoundWindow0,65.22425892967615,1540976826173
SoundCenter0,61.62476709257978,1540976831044
SoundCenter1,56.24234626406018,1540976831048
SoundCenter2,54.12286589903666,1540976831049
SoundWindow2,58.20497723516389,1540976832281
SoundWall0,58.501564733903244,1540976833092
SoundWall1,63.39424528995364,1540976833096
SoundWall2,58.86990729958861,1540976833098
SoundC,59.341519288975356,1540976835417
Present,102,1540976835424
SoundWindow0,65.96476280336587,1540976836173
SoundCenter0,63.18257232013068,1540976841044
SoundCenter1,56.958888402846725,1540976841045
SoundCenter2,54.503655841287376,1540976841047
SoundWindow2,58.20497723516389,1540976842281
SoundWall0,59.43216794547905,1540976843092
SoundWall1,63.74530353024621,1540976843095
SoundWall2,59.268644592107165,1540976843098
SoundC,50.159038478285424,1540976845427
Present,130,1540976845429
SoundWindow0,66.18556493870176,1540976846173
SoundCenter0,63.40170854066412,1540976851044
SoundCenter1,56.904070824545585,1540976851046
SoundCenter2,54.922660777051526,1540976851047
SoundWindow2,58.20497723516389,1540976852281
SoundWall0,59.592193737340864,1540976853092
SoundWall1,63.99402297869912,1540976853095
SoundWall2,59.880343801636194,1540976853098
SoundC,57.472817393488484,1540976855434
Present,98,1540976855436
SoundWindow0,65.37784647900206,1540976856173
SoundCenter0,62.885502488375614,1540976861044
SoundCenter1,56.78268759734555,1540976861046
SoundCenter2,54.592509376874915,1540976861047
SoundWindow2,58.20497723516389,1540976862281
SoundWall0,58.736062074141415,1540976863092
SoundWall1,63.264945180494955,1540976863095
SoundWall2,60.147881542805905,1540976863098
SoundC,51.62091662308819,1540976865440
Present,125,1540976865443
SoundWindow0,64.53100651084493,1540976866172
SoundCenter0,62.74291118543151,1540976871044
SoundCenter1,56.38210511007566,1540976871045
SoundCenter2,53.86617401310757,1540976871047
SoundWindow2,58.20497723516389,1540976872281
SoundWall0,58.71322783886231,1540976873092
SoundWall1,62.99461685697095,1540976873095
SoundWall2,60.26108366163201,1540976873098
SoundC,58.433135904413454,1540976875447
Present,101,1540976875450
SoundWindow0,64.73490923645508,1540976876173
SoundCenter0,62.36542120707455,1540976881044
SoundCenter1,55.76696348495183,1540976881046
SoundCenter2,53.2186050805866,1540976881047
SoundWindow2,58.20497723516389,1540976882281
SoundWall0,58.31900962549745,1540976883092
SoundWall1,62.45595270645798,1540976883095
SoundWall2,59.26387145058278,1540976883098
SoundC,54.210802194865956,1540976885452
Present,82,1540976885454
SoundWindow0,65.06544602922199,1540976886173
SoundCenter0,62.23547639306631,1540976891044
SoundCenter1,55.3087414828608,1540976891047
SoundCenter2,52.804616194817335,1540976891048
SoundWindow2,58.20497723516389,1540976892281
SoundWall0,57.7841240103561,1540976893092
SoundWall1,62.34317254941478,1540976893095
SoundWall2,58.94331325407438,1540976893098
SoundC,60.20329792798059,1540976895456
Present,99,1540976895459
SoundWindow0,64.70450178856125,1540976896173
SoundCenter0,61.844646532968824,1540976901044
SoundCenter1,54.877389504094225,1540976901047
SoundCenter2,52.64224754817144,1540976901047
SoundWindow2,58.20497723516389,1540976902281
SoundWall0,56.482073204163655,1540976903092
SoundWall1,61.90447760080632,1540976903095
SoundWall2,59.28126554584316,1540976903098
SoundC,54.210802194865956,1540976905461
Present,86,1540976905463
SoundWindow0,64.05835415202964,1540976906173
SoundCenter0,62.02764655610426,1540976911044
SoundCenter1,54.77048164665511,1540976911045
SoundCenter2,52.750020481447635,1540976911047
SoundWindow2,58.20497723516389,1540976912281
SoundWall0,56.66600369856014,1540976913092
SoundWall1,61.9181003537217,1540976913095
SoundWall2,58.67667981102717,1540976913098
SoundC,57.472817393488484,1540976915465
Present,89,1540976915468
SoundWindow0,64.24831694198527,1540976916173
SoundCenter0,62.68854382251087,1540976921044
SoundCenter1,54.580473064222126,1540976921045
SoundCenter2,53.106379503972946,1540976921047
SoundWindow2,58.20497723516389,1540976922281
SoundWall0,56.458044210091174,1540976923092
SoundWall1,61.7605762365138,1540976923095
SoundWall2,57.93716602980849,1540976923098
SoundC,61.023021476191225,1540976925470
Present,92,1540976925472
SoundWindow0,64.02860797504478,1540976926172
SoundCenter0,63.46770808141837,1540976931044
SoundCenter1,54.967509323144995,1540976931045
SoundCenter2,53.71136020929677,1540976931047
SoundWindow2,58.20497723516389,1540976932281
SoundWall0,56.923391655179124,1540976933092
SoundWall1,62.08385433569235,1540976933095
SoundWall2,57.72014104828882,1540976933098
SoundC,60.20329792798059,1540976935474
Present,89,1540976935477
SoundWindow0,63.748657042525046,1540976936173
SoundCenter0,64.16090997611678,1540976941044
SoundCenter1,55.14685617431135,1540976941045
SoundCenter2,53.932497213828654,1540976941047
SoundWindow2,58.20497723516389,1540976942281
SoundWall0,56.421494784552316,1540976943092
SoundWall1,61.78646705930409,1540976943096
SoundWall2,57.27652903231671,1540976943098
SoundC,55.369951428718224,1540976945479
Present,92,1540976945481
SoundWindow0,63.586521630957996,1540976946173
SoundCenter0,64.31083773838834,1540976951044
SoundCenter1,55.13390288373773,1540976951045
SoundCenter2,54.138820582719674,1540976951047
SoundWindow2,58.20497723516389,1540976952281
SoundWall0,56.47641600476106,1540976953092
SoundWall1,62.095549244836086,1540976953095
SoundWall2,57.79379291903711,1540976953098
SoundC,55.369951428718224,1540976955483
Present,101,1540976955486
SoundWindow0,63.78055725353974,1540976956174
SoundCenter0,63.61264787849824,1540976961044
SoundCenter1,54.87314364344317,1540976961045
SoundCenter2,53.98198273958001,1540976961047
SoundWindow2,58.20497723516389,1540976962281
SoundWall0,56.52506498966705,1540976963092
SoundWall1,62.2910599985474,1540976963095
SoundWall2,57.88693196954384,1540976963098
SoundC,48.55773214739296,1540976965488
Present,95,1540976965491
SoundWindow0,64.80731509685054,1540976966173
SoundCenter0,62.746994659016174,1540976971044
SoundCenter1,54.6105767933772,1540976971045
SoundCenter2,53.285925128747365,1540976971047
SoundWindow2,58.20497723516389,1540976972281
SoundWall0,56.43559148275814,1540976973092
SoundWall1,62.11572126983533,1540976973095
SoundWall2,58.12301298888251,1540976973099
SoundC,60.20329792798059,1540976975493
Present,98,1540976975496
SoundWindow0,65.12579750968082,1540976976174
SoundCenter0,62.47722374053157,1540976981044
SoundCenter1,54.57110948109687,1540976981045
SoundCenter2,53.01089221640445,1540976981047
SoundWindow2,58.20497723516389,1540976982281
SoundWall0,56.59854669827459,1540976983093
SoundWall1,62.29585646556975,1540976983097
SoundWall2,59.01985286230199,1540976983098
SoundC,55.369951428718224,1540976985499
Present,105,1540976985502
SoundWindow0,64.85207859525113,1540976986172
SoundCenter0,61.849905325121995,1540976991044
SoundCenter1,54.79708201027402,1540976991045
SoundCenter2,53.26591258815007,1540976991047
SoundWindow2,58.20497723516389,1540976992281
SoundWall0,57.12389633849149,1540976993092
SoundWall1,62.30311145836934,1540976993095
SoundWall2,58.782595339762565,1540976993098
SoundC,55.369951428718224,1540976995504
Present,97,1540976995506
SoundWindow0,65.64585747019255,1540976996174
SoundCenter0,61.07421303015578,1540977001044
SoundCenter1,54.52134627434417,1540977001045
SoundCenter2,53.20163075427716,1540977001047
SoundWindow2,58.20497723516389,1540977002281
SoundWall0,57.112039824819746,1540977003092
SoundWall1,62.64152296887934,1540977003095
SoundWall2,58.827561586886404,1540977003104
SoundC,51.62091662308819,1540977005507
Present,103,1540977005509
SoundWindow0,64.8887470462556,1540977006174
SoundCenter0,60.177067607812795,1540977011044
SoundCenter1,54.4138351685083,1540977011045
SoundCenter2,52.57393970658427,1540977011047
SoundWindow2,58.20497723516389,1540977012281
SoundWall0,57.138240642009414,1540977013092
SoundWall1,62.523584401145634,1540977013095
SoundWall2,58.5246581237433,1540977013098
SoundC,60.20329792798059,1540977015511
Present,104,1540977015514
SoundWindow0,64.50687548129869,1540977016173
SoundCenter0,60.02744915414713,1540977021044
SoundCenter1,54.55506396962328,1540977021045
SoundCenter2,52.32867865948742,1540977021047
SoundWindow2,58.20497723516389,1540977022281
SoundWall0,57.227869636331874,1540977023092
SoundWall1,62.48900375132098,1540977023095
SoundWall2,58.30770467384181,1540977023098
SoundC,57.472817393488484,1540977025516
Present,99,1540977025519
SoundWindow0,64.35037610981608,1540977026173
SoundCenter0,59.28481020405994,1540977031044
SoundCenter1,54.38564485471455,1540977031045
SoundCenter2,52.13411488431162,1540977031047
SoundWindow2,58.20497723516389,1540977032281
SoundWall0,57.26639591505297,1540977033092
SoundWall1,62.27583416819482,1540977033095
SoundWall2,58.3269090838355,1540977033098
SoundC,57.472817393488484,1540977035523
Present,82,1540977035526
SoundWindow0,64.96680649840809,1540977036173
SoundCenter0,58.76533772373018,1540977041044
SoundCenter1,53.971023422555895,1540977041045
SoundCenter2,51.93769831820033,1540977041047
SoundWindow2,58.20497723516389,1540977042281
SoundWall0,56.96628678426717,1540977043092
SoundWall1,62.207633928269544,1540977043095
SoundWall2,57.97003515006066,1540977043098
SoundC,57.472817393488484,1540977045528
Present,96,1540977045531
SoundWindow0,65.5854653494065,1540977046173
SoundCenter0,58.44738111354268,1540977051044
SoundCenter1,53.285739080359036,1540977051045
SoundCenter2,51.29215936998451,1540977051047
SoundWindow2,58.20497723516389,1540977052281
SoundWall0,55.95070603310098,1540977053092
SoundWall1,62.29440284749887,1540977053095
SoundWall2,58.36632414633427,1540977053098
SoundC,54.210802194865956,1540977055536
Present,99,1540977055538
SoundWindow0,64.75923708964524,1540977056173
SoundCenter0,59.4415547267866,1540977061044
SoundCenter1,53.616071247685355,1540977061046
SoundCenter2,51.87679333615974,1540977061047
SoundWindow2,58.20497723516389,1540977062281
SoundWall0,56.123746228592786,1540977063092
SoundWall1,62.4272890311017,1540977063095
SoundWall2,58.534651335121204,1540977063098
SoundC,58.433135904413454,1540977065540
Present,79,1540977065544
SoundWindow0,64.29798513809068,1540977066173
SoundCenter0,60.265117992909154,1540977071044
SoundCenter1,53.77475720096724,1540977071046
SoundCenter2,52.30862443820846,1540977071047
SoundWindow2,58.20497723516389,1540977072281
SoundWall0,56.18573055818241,1540977073092
SoundWall1,62.46376323123924,1540977073095
SoundWall2,58.903349906947696,1540977073098
SoundC,57.472817393488484,1540977075546
Present,102,1540977075549
SoundWindow0,64.08162218257804,1540977076173
SoundCenter0,60.502009071870184,1540977081044
SoundCenter1,53.87529371350169,1540977081046
SoundCenter2,52.82276171905,1540977081047
SoundWindow2,58.20497723516389,1540977082281
SoundWall0,56.61353831996467,1540977083092
SoundWall1,62.69686189464524,1540977083095
SoundWall2,59.35447176628974,1540977083098
SoundC,51.62091662308819,1540977085554
Present,89,1540977085558
SoundWindow0,64.3613186295187,1540977086173
SoundCenter0,61.48123594645723,1540977091044
SoundCenter1,54.20825267908114,1540977091046
SoundCenter2,53.30586913041015,1540977091047
SoundWindow2,58.20497723516389,1540977092281
SoundWall0,56.50250658113283,1540977093092
SoundWall1,63.27327573445384,1540977093095
SoundWall2,60.12658382601613,1540977093098
SoundC,58.433135904413454,1540977095562
Present,97,1540977095565
SoundWindow0,64.50831869079427,1540977096173
SoundCenter0,61.47234097961876,1540977101044
SoundCenter1,54.84328290093137,1540977101045
SoundCenter2,53.520462055675786,1540977101047
SoundWindow2,58.20497723516389,1540977102281
SoundWall0,56.76840388607346,1540977103092
SoundWall1,63.4829916500355,1540977103095
SoundWall2,60.43523256827273,1540977103098
SoundC,59.341519288975356,1540977105570
Present,102,1540977105574
SoundWindow0,64.64441055642347,1540977106172
SoundCenter0,61.667795253684886,1540977111044
SoundCenter1,55.4533040011181,1540977111045
SoundCenter2,53.966251864147885,1540977111047
SoundWindow2,58.20497723516389,1540977112281
SoundWall0,56.98515550520457,1540977113092
SoundWall1,63.14063609664984,1540977113095
SoundWall2,61.12907085713335,1540977113098
SoundC,56.45426312235056,1540977115578
Present,98,1540977115581
SoundWindow0,64.38633306416759,1540977116173
SoundCenter0,61.34085467011376,1540977121044
SoundCenter1,55.415531278762415,1540977121045
SoundCenter2,53.76834397870107,1540977121047
SoundWindow2,58.20497723516389,1540977122281
SoundWall0,56.378143793002934,1540977123092
SoundWall1,62.35625510948868,1540977123095
SoundWall2,61.55634230867789,1540977123098
SoundC,54.210802194865956,1540977125584
Present,97,1540977125588
SoundWindow0,63.376578652405534,1540977126173
SoundCenter0,61.21574450598775,1540977131044
SoundCenter1,55.11387231563882,1540977131047
SoundCenter2,53.58520123802402,1540977131048
SoundWindow2,58.20497723516389,1540977132281
SoundWall0,55.959497445736346,1540977133092
SoundWall1,61.82618507831055,1540977133095
SoundWall2,60.52611183274601,1540977133098
SoundC,54.210802194865956,1540977135592
Present,102,1540977135596
SoundWindow0,63.52403065865382,1540977136173
SoundCenter0,61.52771180640029,1540977141044
SoundCenter1,55.24302043349743,1540977141046
SoundCenter2,53.744427728425116,1540977141047
SoundWindow2,58.20497723516389,1540977142281
SoundWall0,55.887752563868865,1540977143092
SoundWall1,61.844379385051774,1540977143095
SoundWall2,60.701485520664974,1540977143098
SoundC,55.369951428718224,1540977145601
Present,103,1540977145605
SoundWindow0,63.29337331699699,1540977146173
SoundCenter0,61.41972142610175,1540977151044
SoundCenter1,55.113866765257015,1540977151046
SoundCenter2,53.5857746373204,1540977151047
SoundWindow2,58.20497723516389,1540977152281
SoundWall0,55.81122770678489,1540977153092
SoundWall1,61.977311652313844,1540977153095
SoundWall2,60.574670847851465,1540977153098
SoundC,57.472817393488484,1540977155608
Present,86,1540977155612
SoundWindow0,62.88435800244773,1540977156173
SoundCenter0,62.19460088191177,1540977161044
SoundCenter1,54.987602720552246,1540977161045
SoundCenter2,53.59762000867345,1540977161047
SoundWindow2,58.20497723516389,1540977162281
SoundWall0,55.55363324943037,1540977163092
SoundWall1,61.91593985026996,1540977163095
SoundWall2,60.35508193236824,1540977163098
SoundC,54.210802194865956,1540977165616
Present,99,1540977165619
SoundWindow0,62.07356526347268,1540977166172
SoundCenter0,62.68435751105236,1540977171044
SoundCenter1,54.70099646322457,1540977171045
SoundCenter2,53.53114661622414,1540977171047
SoundWindow2,58.20497723516389,1540977172281
SoundWall0,55.62963984887795,1540977173092
SoundWall1,62.16792010240635,1540977173095
SoundWall2,59.6225975308363,1540977173098
SoundC,59.341519288975356,1540977175624
Present,94,1540977175626
SoundWindow0,61.86832968567108,1540977176173
SoundCenter0,62.90377559345487,1540977181044
SoundCenter1,54.49160572044385,1540977181045
SoundCenter2,53.68738833955839,1540977181047
SoundWindow2,58.20497723516389,1540977182281
SoundWall0,55.55620591311804,1540977183092
SoundWall1,62.09535765304809,1540977183095
SoundWall2,59.41216722672318,1540977183098
SoundC,52.96571415471127,1540977185629
Present,70,1540977185632
SoundWindow0,62.34082619565342,1540977186173
SoundCenter0,63.37167309505971,1540977191044
SoundCenter1,54.95697300640336,1540977191045
SoundCenter2,54.14310495407168,1540977191047
SoundWindow2,58.20497723516389,1540977192281
SoundWall0,55.58935783769127,1540977193092
SoundWall1,61.897160394366274,1540977193095
SoundWall2,59.07934922367903,1540977193098
SoundC,57.472817393488484,1540977195636
Present,94,1540977195639
SoundWindow0,61.61184573016674,1540977196173
SoundCenter0,63.57289106630752,1540977201044
SoundCenter1,54.698256687783534,1540977201045
SoundCenter2,54.15698672029446,1540977201047
SoundWindow2,58.20497723516389,1540977202281
SoundWall0,55.166749490467744,1540977203092
SoundWall1,61.290748159635555,1540977203095
SoundWall2,57.60288670270962,1540977203098
SoundC,58.433135904413454,1540977205643
Present,96,1540977205646
SoundWindow0,61.17079861352658,1540977206173
SoundCenter0,63.56411034694488,1540977211044
SoundCenter1,54.38844691481382,1540977211045
SoundCenter2,54.44509285005035,1540977211047
SoundWindow2,58.20497723516389,1540977212281
SoundWall0,55.234705002560126,1540977213092
SoundWall1,60.963553220877294,1540977213095
SoundWall2,57.06521149341349,1540977213098
SoundC,57.472817393488484,1540977215650
Present,122,1540977215653
SoundWindow0,61.00367834204456,1540977216173
SoundCenter0,62.689656890179954,1540977221044
SoundCenter1,54.46977669711918,1540977221045
SoundCenter2,54.24774272130363,1540977221047
SoundWindow2,58.20497723516389,1540977222281
SoundWall0,55.129850875804394,1540977223092
SoundWall1,60.96721362158418,1540977223095
SoundWall2,56.98966887107977,1540977223098
SoundC,57.472817393488484,1540977225659
Present,89,1540977225663
SoundWindow0,61.88889343150693,1540977226172
SoundCenter0,61.735555879537635,1540977231046
SoundCenter1,54.233862182749725,1540977231047
SoundCenter2,53.58282161274007,1540977231049
SoundWindow2,58.20497723516389,1540977232281
SoundWall0,55.3490189970743,1540977233092
SoundWall1,61.15641633911951,1540977233095
SoundWall2,56.80897069461076,1540977233098
SoundC,58.433135904413454,1540977235667
Present,94,1540977235669
SoundWindow0,63.26375662920991,1540977236173
SoundCenter0,60.822916925419236,1540977241044
SoundCenter1,54.50795642051551,1540977241045
SoundCenter2,53.08185927897914,1540977241047
SoundWindow2,58.20497723516389,1540977242281
SoundWall0,56.05716937760082,1540977243092
SoundWall1,61.59718950460499,1540977243095
SoundWall2,56.64275529097975,1540977243098
SoundC,57.472817393488484,1540977245672
Present,96,1540977245675
SoundWindow0,64.64130932397462,1540977246173
SoundCenter0,60.349882211553606,1540977251044
SoundCenter1,54.104302712788474,1540977251045
SoundCenter2,52.79680748740045,1540977251047
SoundWindow2,58.20497723516389,1540977252281
SoundWall0,56.3090062452255,1540977253092
SoundWall1,61.914281530110316,1540977253095
SoundWall2,57.55987080000386,1540977253098
SoundC,52.96571415471127,1540977255680
Present,85,1540977255683
SoundWindow0,65.96786187984415,1540977256173
SoundCenter0,59.63668623344203,1540977261044
SoundCenter1,53.976113623348915,1540977261046
SoundCenter2,52.247970689021535,1540977261047
SoundWindow2,58.20497723516389,1540977262281
SoundWall0,56.24700453366509,1540977263092
SoundWall1,62.358233121139136,1540977263095
SoundWall2,58.61995786820869,1540977263098
SoundC,59.341519288975356,1540977265687
Present,94,1540977265690
SoundWindow0,66.09823645839539,1540977266173
SoundCenter0,60.24376357165507,1540977271044
SoundCenter1,54.01359866142261,1540977271047
SoundCenter2,52.09297200626535,1540977271048
SoundWindow2,58.20497723516389,1540977272281
SoundWall0,56.13755767119611,1540977273092
SoundWall1,62.10578267463957,1540977273095
SoundWall2,58.37897087233751,1540977273098
SoundC,63.26648240367583,1540977275695
Present,96,1540977275699
SoundWindow0,65.58053362758682,1540977276173
SoundCenter0,60.96703183224996,1540977281044
SoundCenter1,53.70158173466227,1540977281047
SoundCenter2,52.29856625275124,1540977281048
SoundWindow2,58.20497723516389,1540977282281
SoundWall0,55.90291347045338,1540977283092
SoundWall1,61.973729335497325,1540977283095
SoundWall2,58.59294356183009,1540977283098
SoundC,55.369951428718224,1540977285705
Present,100,1540977285708
SoundWindow0,65.17623028463952,1540977286172
SoundCenter0,61.840888595668616,1540977291044
SoundCenter1,53.457081775411005,1540977291045
SoundCenter2,52.68714001247345,1540977291047
SoundWindow2,58.20497723516389,1540977292281
SoundWall0,55.39348340849611,1540977293092
SoundWall1,61.23817991480759,1540977293096
SoundWall2,58.815073617190265,1540977293098
SoundC,51.62091662308819,1540977295710
Present,109,1540977295713
SoundWindow0,64.54873922230193,1540977296173
SoundCenter0,61.33507459993937,1540977301044
SoundCenter1,52.83924688911546,1540977301045
SoundCenter2,52.54405597823292,1540977301047
SoundWindow2,58.20497723516389,1540977302281
SoundWall0,54.614765974042264,1540977303092
SoundWall1,60.624572521583865,1540977303095
SoundWall2,59.22441447855033,1540977303099
SoundC,52.96571415471127,1540977305715
Present,97,1540977305719
SoundWindow0,63.62118435459418,1540977306173
SoundCenter0,61.4001467639741,1540977311044
SoundCenter1,52.91170511693012,1540977311045
SoundCenter2,52.44293062397459,1540977311047
SoundWindow2,58.20497723516389,1540977312281
SoundWall0,54.33239712755639,1540977313092
SoundWall1,60.291511141114675,1540977313095
SoundWall2,58.04048013248299,1540977313098
SoundC,60.20329792798059,1540977315725
Present,102,1540977315729
SoundWindow0,62.04753457018486,1540977316173
SoundCenter0,61.643311633792536,1540977321044
SoundCenter1,52.84737435754377,1540977321047
SoundCenter2,52.83609326005284,1540977321047
SoundWindow2,58.20497723516389,1540977322281
SoundWall0,54.57262460760098,1540977323092
SoundWall1,59.91370699725599,1540977323095
SoundWall2,57.12533835115075,1540977323098
SoundC,57.472817393488484,1540977325733
Present,94,1540977325735
SoundWindow0,61.478212345144286,1540977326173
SoundCenter0,61.40838765813173,1540977331044
SoundCenter1,52.91567408801481,1540977331045
SoundCenter2,52.74237500976583,1540977331047
SoundWindow2,58.20497723516389,1540977332281
SoundWall0,54.61945146105485,1540977333092
SoundWall1,60.6258640075735,1540977333097
SoundWall2,58.35988874731315,1540977333098
SoundC,52.96571415471127,1540977335737
Present,119,1540977335745
SoundWindow0,61.30624269110088,1540977336173
SoundCenter0,60.32795986324367,1540977341044
SoundCenter1,53.074200887865075,1540977341047
SoundCenter2,52.550087019742904,1540977341047
SoundWindow2,58.20497723516389,1540977342281
SoundWall0,55.194719448225605,1540977343092
SoundWall1,60.79030896980983,1540977343095
SoundWall2,58.32665500156962,1540977343099
SoundC,55.369951428718224,1540977345749
Present,98,1540977345752
SoundWindow0,61.7411426522734,1540977346172
SoundCenter0,59.9580707078622,1540977351044
SoundCenter1,53.32040990427023,1540977351045
SoundCenter2,52.54864490197103,1540977351047
SoundWindow2,58.20497723516389,1540977352281
SoundWall0,54.97090323251283,1540977353092
SoundWall1,61.247913541963094,1540977353095
SoundWall2,58.07384429535302,1540977353099
SoundC,56.45426312235056,1540977355754
Present,98,1540977355757
SoundWindow0,62.177561503098254,1540977356173
SoundCenter0,60.43162817824311,1540977361044
SoundCenter1,53.76063854716537,1540977361045
SoundCenter2,53.00372047171853,1540977361047
SoundWindow2,58.20497723516389,1540977362281
SoundWall0,55.350443045642024,1540977363092
SoundWall1,61.948738906986286,1540977363095
SoundWall2,57.37574131835174,1540977363098
SoundC,58.433135904413454,1540977365759
Present,102,1540977365761
SoundWindow0,62.18258039398721,1540977366173
SoundCenter0,60.553969186882405,1540977371044
SoundCenter1,53.461106343306525,1540977371045
SoundCenter2,53.28260661340009,1540977371047
SoundWindow2,58.20497723516389,1540977372281
SoundWall0,55.33832994925442,1540977373092
SoundWall1,62.25070952321226,1540977373095
SoundWall2,57.74297460662425,1540977373104
SoundC,57.472817393488484,1540977375764
Present,113,1540977375767
SoundWindow0,62.43340701217448,1540977376173
SoundCenter0,60.75079526031719,1540977381044
SoundCenter1,53.77669155356515,1540977381045
SoundCenter2,53.401823322878116,1540977381047
SoundWindow2,58.20497723516389,1540977382281
SoundWall0,55.06653177595319,1540977383092
SoundWall1,62.235591998757286,1540977383096
SoundWall2,57.84036082745797,1540977383098
SoundC,60.20329792798059,1540977385770
Present,99,1540977385773
SoundWindow0,62.6274566975368,1540977386173
SoundCenter0,60.75231940053857,1540977391044
SoundCenter1,53.74964731204307,1540977391046
SoundCenter2,53.39086349621188,1540977391047
SoundWindow2,58.20497723516389,1540977392281
SoundWall0,54.547984692687955,1540977393092
SoundWall1,61.79010903913967,1540977393095
SoundWall2,56.90835280315579,1540977393098
SoundC,57.472817393488484,1540977395776
Present,107,1540977395780
SoundWindow0,63.01101640263406,1540977396173
SoundCenter0,60.92209554575026,1540977401044
SoundCenter1,53.929163899557665,1540977401046
SoundCenter2,53.45825679590028,1540977401047
SoundWindow2,58.20497723516389,1540977402281
SoundWall0,54.33351287450867,1540977403092
SoundWall1,61.76729627896585,1540977403096
SoundWall2,56.13595618937516,1540977403099
SoundC,50.159038478285424,1540977405782
Present,96,1540977405789
SoundWindow0,63.04462366169209,1540977406172
SoundCenter0,61.398243924202106,1540977411044
SoundCenter1,53.91392927344935,1540977411045
SoundCenter2,53.6832356472278,1540977411047
SoundWindow2,58.20497723516389,1540977412281
SoundWall0,54.48045316221771,1540977413092
SoundWall1,61.44822901000687,1540977413096
SoundWall2,56.00732626859658,1540977413098
SoundC,55.369951428718224,1540977415793
Present,94,1540977415798
SoundWindow0,62.527802272832666,1540977416173
SoundCenter0,61.96048439739345,1540977421044
SoundCenter1,54.03248911662538,1540977421046
SoundCenter2,53.75760314562314,1540977421047
SoundWindow2,58.20497723516389,1540977422281
SoundWall0,54.66119431826373,1540977423092
SoundWall1,61.18161625740815,1540977423095
SoundWall2,55.83358004579152,1540977423098
SoundC,54.210802194865956,1540977425799
Present,112,1540977425802
SoundWindow0,62.28622411500221,1540977426173
SoundCenter0,61.95274338332492,1540977431044
SoundCenter1,54.39359429797119,1540977431046
SoundCenter2,53.418184434067406,1540977431047
SoundWindow2,58.20497723516389,1540977432281
SoundWall0,54.53629655130952,1540977433092
SoundWall1,61.20323490118273,1540977433095
SoundWall2,55.55929323279259,1540977433098
SoundC,58.433135904413454,1540977435808
Present,97,1540977435812
SoundWindow0,62.402946764990745,1540977436173
SoundCenter0,61.90419449879361,1540977441044
SoundCenter1,54.1359411581518,1540977441045
SoundCenter2,53.10957428269849,1540977441047
SoundWindow2,58.20497723516389,1540977442281
SoundWall0,55.03932597036948,1540977443092
SoundWall1,61.59140959043432,1540977443095
SoundWall2,55.981820255273824,1540977443098
SoundC,55.369951428718224,1540977445816
Present,85,1540977445820
SoundWindow0,62.416408508867256,1540977446173
SoundCenter0,62.14171494420218,1540977451044
SoundCenter1,54.08424487265123,1540977451045
SoundCenter2,53.41721383806386,1540977451047
SoundWindow2,58.20497723516389,1540977452281
SoundWall0,55.57536942808703,1540977453092
SoundWall1,61.77629569026115,1540977453096
SoundWall2,56.106172277053936,1540977453098
SoundC,54.210802194865956,1540977455825
Present,100,1540977455829
SoundWindow0,62.29970590181042,1540977456173
SoundCenter0,62.83127038023844,1540977461044
SoundCenter1,53.79764646570687,1540977461045
SoundCenter2,53.40914402952775,1540977461047
SoundWindow2,58.20497723516389,1540977462281
SoundWall0,55.77241150300509,1540977463092
SoundWall1,61.26631681315045,1540977463095
SoundWall2,56.22166060862902,1540977463098
SoundC,54.210802194865956,1540977465833
Present,98,1540977465835
SoundWindow0,61.63113197269934,1540977466173
SoundCenter0,62.63973285473026,1540977471044
SoundCenter1,53.74905412283598,1540977471045
SoundCenter2,53.07036641011989,1540977471047
SoundWindow2,58.20497723516389,1540977472281
SoundWall0,56.11349889902915,1540977473092
SoundWall1,61.45852491118042,1540977473095
SoundWall2,55.82190075060118,1540977473098
SoundC,52.96571415471127,1540977475837
Present,110,1540977475839
SoundWindow0,61.43197827969254,1540977476173
SoundCenter0,61.68870494510777,1540977481044
SoundCenter1,53.45010932088228,1540977481045
SoundCenter2,52.45702598297029,1540977481047
SoundWindow2,58.20497723516389,1540977482281
SoundWall0,56.09772310193316,1540977483092
SoundWall1,61.93117473755649,1540977483095
SoundWall2,56.88006642742598,1540977483098
SoundC,58.433135904413454,1540977485844
Present,99,1540977485847
SoundWindow0,61.22765366230043,1540977486173
SoundCenter0,60.97281757909104,1540977491044
SoundCenter1,53.50113976878196,1540977491045
SoundCenter2,52.34732658779216,1540977491047
SoundWindow2,58.20497723516389,1540977492281
SoundWall0,56.70351399286775,1540977493092
SoundWall1,62.237570899411054,1540977493095
SoundWall2,57.8543813366197,1540977493098
SoundC,55.369951428718224,1540977495852
Present,101,1540977495855
SoundWindow0,61.816571640794265,1540977496173
SoundCenter0,61.39759521370247,1540977501044
SoundCenter1,53.77217509098659,1540977501045
SoundCenter2,52.88257402157749,1540977501047
SoundWindow2,58.20497723516389,1540977502281
SoundWall0,56.976199997611495,1540977503092
SoundWall1,62.13551465119848,1540977503096
SoundWall2,57.53148576643165,1540977503098
SoundC,51.62091662308819,1540977505857
Present,88,1540977505859
SoundWindow0,63.15557436028043,1540977506173
SoundCenter0,60.99921577000792,1540977511044
SoundCenter1,54.228962948034386,1540977511045
SoundCenter2,52.449424982547924,1540977511047
SoundWindow2,58.20497723516389,1540977512281
SoundWall0,56.958839718747114,1540977513092
SoundWall1,62.07786098685239,1540977513096
SoundWall2,58.18085405204826,1540977513098
SoundC,57.472817393488484,1540977515862
Present,111,1540977515864
SoundWindow0,63.79999347440078,1540977516173
SoundCenter0,60.05829113919554,1540977521044
SoundCenter1,54.45499913989954,1540977521045
SoundCenter2,52.11663396175643,1540977521047
SoundWindow2,58.20497723516389,1540977522281
SoundWall0,57.03296766918496,1540977523092
SoundWall1,62.349581112939816,1540977523096
SoundWall2,58.37299441237844,1540977523098
SoundC,60.20329792798059,1540977525879
Present,100,1540977525881
SoundWindow0,64.04101371647555,1540977526173
SoundCenter0,60.05780129913513,1540977531044
SoundCenter1,54.56695668693274,1540977531045
SoundCenter2,52.32550595047275,1540977531047
SoundWindow2,58.20497723516389,1540977532281
SoundWall0,56.90772753053889,1540977533092
SoundWall1,62.645880911894714,1540977533095
SoundWall2,58.80525914052666,1540977533098
SoundC,54.210802194865956,1540977535884
Present,82,1540977535887
SoundWindow0,63.87072303240443,1540977536173
SoundCenter0,60.20627464131283,1540977541044
SoundCenter1,54.382250836405305,1540977541045
SoundCenter2,52.36933268824607,1540977541047
SoundWindow2,58.20497723516389,1540977542281
SoundWall0,56.57784688171944,1540977543092
SoundWall1,62.58820197814042,1540977543095
SoundWall2,58.302064313983756,1540977543098
SoundC,50.159038478285424,1540977545891
Present,97,1540977545894
SoundWindow0,63.883456561440646,1540977546173
SoundCenter0,60.88427058951291,1540977551044
SoundCenter1,54.52669509962162,1540977551045
SoundCenter2,52.517599746575414,1540977551047
SoundWindow2,58.20497723516389,1540977552281
SoundWall0,56.01718564546536,1540977553092
SoundWall1,62.1069618575868,1540977553095
SoundWall2,57.83503643079551,1540977553098
SoundC,55.369951428718224,1540977555896
Present,96,1540977555899
SoundWindow0,63.72378146719264,1540977556173
SoundCenter0,60.73008771268353,1540977561044
SoundCenter1,54.5258322290121,1540977561045
SoundCenter2,52.437296504296846,1540977561047
SoundWindow2,58.20497723516389,1540977562281
SoundWall0,55.328954450261016,1540977563092
SoundWall1,62.2017768131318,1540977563095
SoundWall2,58.632663536176224,1540977563098
SoundC,51.62091662308819,1540977565902
Present,102,1540977565905
SoundWindow0,63.75964536801358,1540977566174
SoundCenter0,60.49712278430763,1540977571044
SoundCenter1,53.98603766958606,1540977571045
SoundCenter2,52.46285195273536,1540977571047
SoundWindow2,58.20497723516389,1540977572281
SoundWall0,55.01775915417247,1540977573092
SoundWall1,62.18379539965055,1540977573095
SoundWall2,58.3143851119626,1540977573098
SoundC,56.45426312235056,1540977575910
Present,104,1540977575912
SoundWindow0,63.90087264449164,1540977576173
SoundCenter0,61.54222109158544,1540977581044
SoundCenter1,53.99684446773952,1540977581045
SoundCenter2,52.5885238308057,1540977581047
SoundWindow2,58.20497723516389,1540977582281
SoundWall0,54.514673278118906,1540977583092
SoundWall1,61.90706546068657,1540977583095
SoundWall2,57.818847694095126,1540977583098
SoundC,58.433135904413454,1540977585915
Present,94,1540977585917
SoundWindow0,63.35622714054502,1540977586173
SoundCenter0,60.59664194682119,1540977591044
SoundCenter1,53.586535725205785,1540977591045
SoundCenter2,51.99041610412349,1540977591047
SoundWindow2,58.20497723516389,1540977592281
SoundWall0,54.39898082637776,1540977593092
SoundWall1,61.605781739176464,1540977593095
SoundWall2,57.547961509755815,1540977593098
SoundC,54.210802194865956,1540977595920
Present,105,1540977595922
SoundWindow0,63.54329374377981,1540977596173
SoundCenter0,60.571844621694616,1540977601044
SoundCenter1,53.586264973848635,1540977601045
SoundCenter2,52.06125934478196,1540977601047
SoundWindow2,58.20497723516389,1540977602281
SoundWall0,54.77602150462973,1540977603092
SoundWall1,61.46718156961852,1540977603097
SoundWall2,57.84785375583331,1540977603098
SoundC,58.433135904413454,1540977605923
Present,93,1540977605926
SoundWindow0,64.32000190400407,1540977606173
SoundCenter0,60.14894768599232,1540977611044
SoundCenter1,53.326688181731114,1540977611045
SoundCenter2,51.78790702463489,1540977611047
SoundWindow2,58.20497723516389,1540977612281
SoundWall0,55.25243469114487,1540977613092
SoundWall1,61.9729617416306,1540977613095
SoundWall2,58.48373714579309,1540977613098
SoundC,55.369951428718224,1540977615931
Present,96,1540977615934
SoundWindow0,63.5261980434715,1540977616173
SoundCenter0,59.45174880148156,1540977621044
SoundCenter1,53.30609871420687,1540977621045
SoundCenter2,51.07800590857664,1540977621047
SoundWindow2,58.20497723516389,1540977622281
SoundWall0,55.40933665212337,1540977623092
SoundWall1,61.59363507929778,1540977623095
SoundWall2,58.15049555768294,1540977623098
SoundC,61.023021476191225,1540977625941
Present,98,1540977625944
SoundWindow0,62.05188935216146,1540977626173
SoundCenter0,60.22039406335217,1540977631044
SoundCenter1,53.678442159151786,1540977631045
SoundCenter2,51.38805801532753,1540977631047
SoundWindow2,58.20497723516389,1540977632281
SoundWall0,55.925537443979366,1540977633092
SoundWall1,61.95151258749378,1540977633095
SoundWall2,57.49475758095978,1540977633098
SoundC,58.433135904413454,1540977635949
Present,95,1540977635953
SoundWindow0,61.47719783676681,1540977636173
SoundCenter0,60.18877010450742,1540977641044
SoundCenter1,53.479461196757256,1540977641045
SoundCenter2,51.71187456834564,1540977641048
SoundWindow2,58.20497723516389,1540977642281
SoundWall0,56.18017559922508,1540977643092
SoundWall1,62.06469370448815,1540977643095
SoundWall2,57.622614948141795,1540977643098
SoundC,57.472817393488484,1540977645956
Present,98,1540977645959
SoundWindow0,61.81286240799856,1540977646172
SoundCenter0,61.42342698652388,1540977651044
SoundCenter1,53.89239306542117,1540977651045
SoundCenter2,52.3811601288321,1540977651047
SoundWindow2,58.20497723516389,1540977652281
SoundWall0,56.35638152177572,1540977653092
SoundWall1,62.162565474303534,1540977653095
SoundWall2,57.916488171183616,1540977653098
SoundC,55.369951428718224,1540977655962
Present,89,1540977655964
SoundWindow0,61.970475621383635,1540977656173
SoundCenter0,62.31748145953169,1540977661044
SoundCenter1,54.3834995932915,1540977661046
SoundCenter2,52.56109352172084,1540977661048
SoundWindow2,58.20497723516389,1540977662281
SoundWall0,56.36065666843021,1540977663092
SoundWall1,62.39640438064469,1540977663095
SoundWall2,58.06245396697795,1540977663098
SoundC,58.433135904413454,1540977665966
Present,93,1540977665971
SoundWindow0,62.71475346603347,1540977666173
SoundCenter0,62.04116971130912,1540977671044
SoundCenter1,54.64735153206352,1540977671045
SoundCenter2,52.31033860730405,1540977671047
SoundWindow2,58.20497723516389,1540977672281
SoundWall0,55.68042536221428,1540977673092
SoundWall1,61.96559828471495,1540977673095
SoundWall2,57.76316411007459,1540977673098
SoundC,57.472817393488484,1540977675975
Present,130,1540977675981
SoundWindow0,63.03567491018589,1540977676173
SoundCenter0,62.73903148107412,1540977681044
SoundCenter1,54.816072960171354,1540977681045
SoundCenter2,53.10988575525148,1540977681047
SoundWindow2,58.20497723516389,1540977682281
SoundWall0,55.967603876503766,1540977683092
SoundWall1,62.198304032620264,1540977683095
SoundWall2,58.09015219674032,1540977683098
SoundC,54.210802194865956,1540977685983
Present,95,1540977685986
SoundWindow0,63.27807979210256,1540977686173
SoundCenter0,62.680717178652216,1540977691044
SoundCenter1,54.94971697699464,1540977691045
SoundCenter2,52.70359818684435,1540977691047
SoundWindow2,58.20497723516389,1540977692281
SoundWall0,55.400602542762,1540977693092
SoundWall1,61.90401835707199,1540977693095
SoundWall2,59.1514396285751,1540977693098
SoundC,59.341519288975356,1540977695988
Present,95,1540977695991
SoundWindow0,63.4757345251564,1540977696173
SoundCenter0,62.742426879129724,1540977701044
SoundCenter1,55.08593732962856,1540977701045
SoundCenter2,52.69897687945957,1540977701047
SoundWindow2,58.20497723516389,1540977702281
SoundWall0,55.016584485384925,1540977703092
SoundWall1,61.998925672381986,1540977703095
SoundWall2,59.97045703901226,1540977703098
SoundC,60.20329792798059,1540977705996
Present,81,1540977705999
SoundWindow0,63.127659477855744,1540977706172
SoundCenter0,62.294215402125666,1540977711044
SoundCenter1,54.911578253037106,1540977711045
SoundCenter2,52.21303099554848,1540977711047
SoundWindow2,58.20497723516389,1540977712281
SoundWall0,55.407484768752724,1540977713092
SoundWall1,61.99792275997628,1540977713097
SoundWall2,60.068037202055834,1540977713099
SoundC,58.433135904413454,1540977716003
Present,95,1540977716005
SoundWindow0,63.51080203393834,1540977716173
SoundCenter0,62.1262986997759,1540977721044
SoundCenter1,54.6273350576503,1540977721045
SoundCenter2,52.27787098071597,1540977721047
SoundWindow2,58.20497723516389,1540977722281
SoundWall0,55.602443582790194,1540977723092
SoundWall1,61.65092332487115,1540977723097
SoundWall2,59.277302127475636,1540977723099
SoundC,55.369951428718224,1540977726007
Present,102,1540977726010
SoundWindow0,62.4613543708103,1540977726173
SoundCenter0,62.63289594285075,1540977731044
SoundCenter1,54.44999849207353,1540977731045
SoundCenter2,52.899904933648166,1540977731047
SoundWindow2,58.20497723516389,1540977732281
SoundWall0,55.503145580831905,1540977733092
SoundWall1,61.952293265727555,1540977733097
SoundWall2,59.79914323234802,1540977733100
SoundC,57.472817393488484,1540977736012
Present,93,1540977736014
SoundWindow0,62.366812368559955,1540977736173
SoundCenter0,61.55532646838747,1540977741044
SoundCenter1,53.85983311560793,1540977741045
SoundCenter2,52.05125605465881,1540977741047
SoundWindow2,58.20497723516389,1540977742281
SoundWall0,55.122730027349384,1540977743092
SoundWall1,61.999270088634056,1540977743095
SoundWall2,58.99608268233401,1540977743098
SoundC,55.369951428718224,1540977746016
Present,90,1540977746019
SoundWindow0,62.70548647850682,1540977746173
SoundCenter0,60.84402491293522,1540977751044
SoundCenter1,53.436515999821175,1540977751045
SoundCenter2,52.1027575147245,1540977751047
SoundWindow2,58.20497723516389,1540977752281
SoundWall0,55.3848005711063,1540977753092
SoundWall1,62.20454663934769,1540977753096
SoundWall2,58.09307889999808,1540977753098
SoundC,52.96571415471127,1540977756021
Present,111,1540977756024
SoundWindow0,62.42623864143711,1540977756173
SoundCenter0,59.89757528239704,1540977761044
SoundCenter1,53.08766001045091,1540977761045
SoundCenter2,51.57510339572852,1540977761047
SoundWindow2,58.20497723516389,1540977762281
SoundWall0,56.0527651682893,1540977763092
SoundWall1,62.419467924901824,1540977763095
SoundWall2,58.27980540729483,1540977763099
SoundC,63.26648240367583,1540977766028
Present,91,1540977766031
SoundWindow0,62.96011654153105,1540977766173
SoundCenter0,59.56205703247604,1540977771044
SoundCenter1,53.10261182949155,1540977771045
SoundCenter2,51.73511898866236,1540977771047
SoundWindow2,58.20497723516389,1540977772281
SoundWall0,55.604971387681864,1540977773092
SoundWall1,62.33747779032563,1540977773095
SoundWall2,58.206250231665805,1540977773098
SoundC,50.159038478285424,1540977776035
Present,99,1540977776046
SoundWindow0,63.15369150555283,1540977776173
SoundCenter0,58.12876572873117,1540977781044
SoundCenter1,52.71427144054597,1540977781045
SoundCenter2,51.40312460188375,1540977781047
SoundWindow2,58.20497723516389,1540977782281
SoundWall0,55.028445443657866,1540977783092
SoundWall1,62.12098461804024,1540977783095
SoundWall2,58.50394507383471,1540977783098
SoundC,54.210802194865956,1540977786050
Present,91,1540977786053
SoundWindow0,63.82584306503749,1540977786173
SoundCenter0,57.13978769775594,1540977791044
SoundCenter1,52.156071940691064,1540977791046
SoundCenter2,50.54540009561971,1540977791047
SoundWindow2,58.20497723516389,1540977792281
SoundWall0,55.171937878208674,1540977793092
SoundWall1,61.860137988136806,1540977793095
SoundWall2,57.97488549412255,1540977793098
SoundC,60.20329792798059,1540977796058
Present,109,1540977796060
SoundWindow0,64.58705214555955,1540977796173
SoundCenter0,58.325831705355604,1540977801044
SoundCenter1,52.428905230723515,1540977801046
SoundCenter2,50.95276417479134,1540977801047
SoundWindow2,58.20497723516389,1540977802281
SoundWall0,55.21808330714178,1540977803092
SoundWall1,61.80982872613019,1540977803095
SoundWall2,58.55305589943135,1540977803098
SoundC,54.210802194865956,1540977806062
Present,86,1540977806065
SoundWindow0,65.59922233228176,1540977806173
SoundCenter0,59.23871487090283,1540977811044
SoundCenter1,52.6589086778044,1540977811047
SoundCenter2,51.226658151748275,1540977811049
SoundWindow2,58.20497723516389,1540977812281
SoundWall0,55.287596634155534,1540977813092
SoundWall1,61.637875789127094,1540977813095
SoundWall2,59.417846296653025,1540977813098
SoundC,60.20329792798059,1540977816067
Present,108,1540977816070
SoundWindow0,66.56470495621483,1540977816173
SoundCenter0,60.52368666052353,1540977821044
SoundCenter1,53.26511167880631,1540977821045
SoundCenter2,51.91151360213351,1540977821047
SoundWindow2,58.20497723516389,1540977822281
SoundWall0,55.23289618015933,1540977823092
SoundWall1,61.99142045887708,1540977823095
SoundWall2,59.48821852514548,1540977823098
SoundC,51.62091662308819,1540977826072
Present,107,1540977826075
SoundWindow0,66.76908742266677,1540977826172
SoundCenter0,60.643885604751794,1540977831044
SoundCenter1,53.39814931419675,1540977831047
SoundCenter2,52.08431324099753,1540977831048
SoundWindow2,58.20497723516389,1540977832281
SoundWall0,55.24439369756474,1540977833092
SoundWall1,61.66914226464832,1540977833095
SoundWall2,58.786395474199665,1540977833098
SoundC,59.341519288975356,1540977836077
Present,97,1540977836080
SoundWindow0,66.6809653880771,1540977836173
SoundCenter0,61.17010885012814,1540977841044
SoundCenter1,53.68074264690474,1540977841046
SoundCenter2,52.082339270749294,1540977841047
SoundWindow2,58.20497723516389,1540977842281
SoundWall0,55.7615192019415,1540977843092
SoundWall1,62.0733720052553,1540977843095
SoundWall2,59.51951273483691,1540977843098
SoundC,54.210802194865956,1540977846081
Present,92,1540977846084
SoundWindow0,66.76710761318164,1540977846173
SoundCenter0,62.516716180953175,1540977851044
SoundCenter1,54.61333095787318,1540977851046
SoundCenter2,52.82236951927669,1540977851047
SoundWindow2,58.20497723516389,1540977852281
SoundWall0,55.927445467569434,1540977853092
SoundWall1,61.79614629535244,1540977853095
SoundWall2,59.115512928168535,1540977853098
SoundC,59.341519288975356,1540977856085
Present,116,1540977856088
SoundWindow0,66.85085141032326,1540977856173
SoundCenter0,61.97116502257007,1540977861044
SoundCenter1,55.0004468256694,1540977861046
SoundCenter2,52.98751471516002,1540977861047
SoundWindow2,58.20497723516389,1540977862281
SoundWall0,56.112217554693494,1540977863092
SoundWall1,62.08802921263931,1540977863095
SoundWall2,58.53636177531029,1540977863098
SoundC,51.62091662308819,1540977866091
Present,95,1540977866093
SoundWindow0,66.58153349322467,1540977866173
SoundCenter0,60.847433715101054,1540977871044
SoundCenter1,54.77729974773759,1540977871046
SoundCenter2,52.65161010979526,1540977871047
SoundWindow2,58.20497723516389,1540977872281
SoundWall0,56.38790576131941,1540977873092
SoundWall1,62.28492492629456,1540977873095
SoundWall2,58.147704246351914,1540977873098
SoundC,58.433135904413454,1540977876095
Present,98,1540977876098
SoundWindow0,66.42920567651974,1540977876173
SoundCenter0,60.54100926197335,1540977881044
SoundCenter1,54.87511453414228,1540977881045
SoundCenter2,52.38110959416319,1540977881047
SoundWindow2,58.20497723516389,1540977882281
SoundWall0,56.47347147198898,1540977883092
SoundWall1,62.1134108936358,1540977883095
SoundWall2,58.34561440284635,1540977883098
SoundC,58.433135904413454,1540977886100
Present,114,1540977886104
SoundWindow0,66.60620824675706,1540977886172
SoundCenter0,61.01086017031081,1540977891044
SoundCenter1,54.87173317715239,1540977891045
SoundCenter2,52.34180930812444,1540977891047
SoundWindow2,58.20497723516389,1540977892281
SoundWall0,57.01407240920504,1540977893092
SoundWall1,62.56085541385711,1540977893095
SoundWall2,58.99632789955205,1540977893098
SoundC,54.210802194865956,1540977896106
Present,101,1540977896108
SoundWindow0,65.99870610029846,1540977896173
SoundCenter0,61.92003348397016,1540977901044
SoundCenter1,55.34640391819183,1540977901046
SoundCenter2,52.77717976312512,1540977901047
SoundWindow2,58.20497723516389,1540977902281
SoundWall0,57.02035491442959,1540977903092
SoundWall1,62.66831156111282,1540977903095
SoundWall2,58.515256512555204,1540977903098
SoundC,54.210802194865956,1540977906110
Present,94,1540977906113
SoundWindow0,65.31789117320659,1540977906173
SoundCenter0,61.7091006150215,1540977911044
SoundCenter1,55.430639145569025,1540977911045
SoundCenter2,52.58515949813674,1540977911047
SoundWindow2,58.20497723516389,1540977912281
SoundWall0,56.962756927533825,1540977913092
SoundWall1,63.134660909570826,1540977913095
SoundWall2,59.402950480998236,1540977913098
SoundC,59.341519288975356,1540977916115
Present,105,1540977916121
SoundWindow0,65.27495656224724,1540977916173
SoundCenter0,61.875814219931144,1540977921044
SoundCenter1,55.281000507398176,1540977921045
SoundCenter2,52.3968404791985,1540977921047
SoundWindow2,58.20497723516389,1540977922281
SoundWall0,56.69343061510101,1540977923092
SoundWall1,63.0781947544207,1540977923095
SoundWall2,60.44317926269016,1540977923098
SoundC,56.45426312235056,1540977926125
Present,93,1540977926132
SoundWindow0,65.56532641252132,1540977926173
SoundCenter0,61.61173047484598,1540977931044
SoundCenter1,55.17637941969244,1540977931045
SoundCenter2,52.34017605493817,1540977931047
SoundWindow2,58.20497723516389,1540977932281
SoundWall0,56.606671371195525,1540977933092
SoundWall1,63.03611405978733,1540977933095
SoundWall2,60.049932463849885,1540977933098
SoundC,52.96571415471127,1540977936136
Present,98,1540977936139
SoundWindow0,65.48939126515523,1540977936173
SoundCenter0,60.53692137787854,1540977941044
SoundCenter1,55.19185031622976,1540977941045
SoundCenter2,51.948938463594715,1540977941047
SoundWindow2,58.20497723516389,1540977942281
SoundWall0,56.457405090739634,1540977943092
SoundWall1,62.86614414801563,1540977943095
SoundWall2,59.73337972226998,1540977943098
SoundC,60.20329792798059,1540977946142
Present,96,1540977946144
SoundWindow0,65.1214179621127,1540977946173
SoundCenter0,60.22398558965327,1540977951044
SoundCenter1,55.32454445833772,1540977951045
SoundCenter2,51.96429789375668,1540977951047
SoundWindow2,58.20497723516389,1540977952281
SoundWall0,56.408378721688784,1540977953092
SoundWall1,62.857473623892375,1540977953095
SoundWall2,60.01730965258336,1540977953098
SoundC,52.96571415471127,1540977956147
Present,101,1540977956149
SoundWindow0,65.75657869329375,1540977956173
SoundCenter0,59.71466383359363,1540977961044
SoundCenter1,54.8753148638095,1540977961045
SoundCenter2,51.77430592081624,1540977961047
SoundWindow2,58.20497723516389,1540977962281
SoundWall0,55.82246735238323,1540977963092
SoundWall1,62.86316233212995,1540977963095
SoundWall2,60.562115378380454,1540977963098
SoundC,51.62091662308819,1540977966151
Present,95,1540977966154
SoundWindow0,66.09272337529111,1540977966173
SoundCenter0,59.99414363617983,1540977971044
SoundCenter1,54.85314640434231,1540977971045
SoundCenter2,52.27955748216842,1540977971047
SoundWindow2,58.20497723516389,1540977972281
SoundWall0,56.15263751989788,1540977973092
SoundWall1,62.809906608901976,1540977973095
SoundWall2,60.066897571944764,1540977973098
SoundC,55.369951428718224,1540977976155
Present,94,1540977976159
SoundWindow0,64.927124747017,1540977976173
SoundCenter0,59.8634978354169,1540977981044
SoundCenter1,54.9287265090901,1540977981045
SoundCenter2,52.41464257153931,1540977981047
SoundWindow2,58.20497723516389,1540977982281
SoundWall0,56.06722128416238,1540977983092
SoundWall1,62.584823737783104,1540977983095
SoundWall2,59.05320124320202,1540977983098
SoundC,60.20329792798059,1540977986164
Present,125,1540977986167
SoundWindow0,64.68515136190041,1540977986173
SoundCenter0,60.058607984749784,1540977991044
SoundCenter1,54.77232408456707,1540977991045
SoundCenter2,52.51240292943081,1540977991047
SoundWindow2,58.20497723516389,1540977992281
SoundWall0,55.92188061828512,1540977993092
SoundWall1,62.594170270510496,1540977993095
SoundWall2,59.7070210336064,1540977993098
SoundC,56.45426312235056,1540977996169
Present,112,1540977996172
SoundWindow0,64.45001921325847,1540977996173
SoundCenter0,60.787473905752776,1540978001044
SoundCenter1,54.34521073205721,1540978001045
SoundCenter2,53.04090279299463,1540978001047
SoundWindow2,58.20497723516389,1540978002281
SoundWall0,55.65182604362994,1540978003092
SoundWall1,62.308089453862024,1540978003095
SoundWall2,59.51392194844623,1540978003098
SoundWindow0,64.38399024903569,1540978006173
SoundC,52.96571415471127,1540978006175
Present,100,1540978006178
SoundCenter0,61.50650383513714,1540978011044
SoundCenter1,54.0419224116585,1540978011045
SoundCenter2,53.17150181038593,1540978011047
SoundWindow2,58.20497723516389,1540978012281
SoundWall0,54.870811068338845,1540978013092
SoundWall1,62.1092482417785,1540978013095
SoundWall2,58.68944645910912,1540978013098
SoundWindow0,63.44655397711189,1540978016173
SoundC,54.210802194865956,1540978016180
Present,88,1540978016182
SoundCenter0,61.93426311338251,1540978021044
SoundCenter1,53.94382277652377,1540978021045
SoundCenter2,53.41152824396912,1540978021047
SoundWindow2,58.20497723516389,1540978022281
SoundWall0,55.101864679983954,1540978023092
SoundWall1,62.13348844089763,1540978023095
SoundWall2,58.32913538246414,1540978023098
SoundWindow0,62.93976601670735,1540978026173
SoundC,58.433135904413454,1540978026184
Present,82,1540978026187
SoundCenter0,60.9193752159341,1540978031044
SoundCenter1,53.55643511214614,1540978031045
SoundCenter2,52.87029024196031,1540978031047
SoundWindow2,58.20497723516389,1540978032281
SoundWall0,55.10421705184196,1540978033092
SoundWall1,62.12399577032387,1540978033095
SoundWall2,57.84776004954759,1540978033098
SoundWindow0,63.90675129258794,1540978036173
SoundC,51.62091662308819,1540978036189
Present,89,1540978036192
SoundCenter0,60.2862318548096,1540978041044
SoundCenter1,53.371593166030756,1540978041053
SoundCenter2,52.20342018465174,1540978041054
SoundWindow2,58.20497723516389,1540978042281
SoundWall0,55.53693809579662,1540978043092
SoundWall1,62.40907414187544,1540978043096
SoundWall2,58.495284775512566,1540978043099
SoundWindow0,63.64526769116757,1540978046173
SoundC,61.023021476191225,1540978046194
Present,82,1540978046197
SoundCenter0,60.669512611388164,1540978051044
SoundCenter1,53.66124677133508,1540978051045
SoundCenter2,52.127980536157075,1540978051047
SoundWindow2,58.20497723516389,1540978052281
SoundWall0,55.528784226716574,1540978053092
SoundWall1,62.330048217909024,1540978053095
SoundWall2,57.88689719296379,1540978053098
SoundWindow0,63.05960942745546,1540978056173
SoundC,59.341519288975356,1540978056204
Present,74,1540978056207
SoundCenter0,60.48907549695064,1540978061044
SoundCenter1,53.90713051310576,1540978061045
SoundCenter2,52.01435463746106,1540978061047
SoundWindow2,58.20497723516389,1540978062281
SoundWall0,56.30605959078062,1540978063092
SoundWall1,62.64564475625589,1540978063095
SoundWall2,58.029646633447335,1540978063098
SoundWindow0,62.088333232905306,1540978066173
SoundC,51.62091662308819,1540978066216
Present,78,1540978066221
SoundCenter0,60.10230209910797,1540978071044
SoundCenter1,53.935157242776725,1540978071045
SoundCenter2,51.9604534483716,1540978071047
SoundWindow2,58.20497723516389,1540978072281
SoundWall0,56.884547113839545,1540978073092
SoundWall1,62.681618467092086,1540978073095
SoundWall2,58.11706056757919,1540978073099
SoundWindow0,62.3921478932735,1540978076173
SoundC,61.023021476191225,1540978076224
Present,89,1540978076228
SoundCenter0,59.89185478826785,1540978081044
SoundCenter1,54.00477858235157,1540978081045
SoundCenter2,51.70171619627389,1540978081047
SoundWindow2,58.20497723516389,1540978082281
SoundWall0,57.38251123848803,1540978083092
SoundWall1,62.62251902722654,1540978083095
SoundWall2,57.52483195434363,1540978083098
SoundWindow0,63.46608768349337,1540978086173
SoundC,57.472817393488484,1540978086230
Present,99,1540978086234
SoundCenter0,59.86169171453301,1540978091044
SoundCenter1,54.05542320218474,1540978091045
SoundCenter2,51.434605451946226,1540978091047
SoundWindow2,58.20497723516389,1540978092281
SoundWall0,57.554862664133026,1540978093092
SoundWall1,62.497213459676786,1540978093098
SoundWall2,58.23679260182091,1540978093099
SoundWindow0,63.67029998187306,1540978096173
SoundC,55.369951428718224,1540978096243
Present,101,1540978096246
SoundCenter0,60.7506684103607,1540978101044
SoundCenter1,54.46876999796394,1540978101045
SoundCenter2,52.25486038218676,1540978101047
SoundWindow2,58.20497723516389,1540978102281
SoundWall0,57.58087101644567,1540978103092
SoundWall1,62.518896603591806,1540978103096
SoundWall2,58.25136720529711,1540978103098
SoundWindow0,62.974402730138685,1540978106173
SoundC,60.20329792798059,1540978106253
Present,98,1540978106259
SoundCenter0,61.35750909730071,1540978111044
SoundCenter1,54.8336975798283,1540978111045
SoundCenter2,53.278974648666946,1540978111047
SoundWindow2,58.20497723516389,1540978112281
SoundWall0,58.010424154027376,1540978113092
SoundWall1,62.60649870913111,1540978113095
SoundWall2,58.84738879452138,1540978113099
SoundWindow0,63.160986062603136,1540978116173
SoundC,61.023021476191225,1540978116264
Present,110,1540978116267
SoundCenter0,61.98246780172965,1540978121044
SoundCenter1,54.8706171885259,1540978121048
SoundCenter2,53.65378723965041,1540978121048
SoundWindow2,58.20497723516389,1540978122281
SoundWall0,57.66208954215529,1540978123092
SoundWall1,62.62938880267975,1540978123096
SoundWall2,58.97839823397706,1540978123098
SoundWindow0,64.09978596750784,1540978126173
SoundC,59.341519288975356,1540978126274
Present,103,1540978126276
SoundCenter0,62.50689004807562,1540978131044
SoundCenter1,55.46834893033287,1540978131045
SoundCenter2,53.79812458573445,1540978131047
SoundWindow2,58.20497723516389,1540978132281
SoundWall0,57.48841445287639,1540978133092
SoundWall1,62.70670670558969,1540978133097
SoundWall2,58.98252362964726,1540978133099
SoundWindow0,64.12314864984832,1540978136173
SoundC,57.472817393488484,1540978136279
Present,99,1540978136281
SoundCenter0,62.53711400535527,1540978141044
SoundCenter1,55.46642021347511,1540978141046
SoundCenter2,54.06030064965783,1540978141047
SoundWindow2,58.20497723516389,1540978142281
SoundWall0,57.500980554971655,1540978143092
SoundWall1,62.76265072534846,1540978143096
SoundWall2,59.424552707641574,1540978143099
SoundWindow0,64.20680336529762,1540978146173
SoundC,54.210802194865956,1540978146283
Present,68,1540978146286
SoundCenter0,63.67864322712676,1540978151044
SoundCenter1,55.82185208392957,1540978151045
SoundCenter2,55.0575814676628,1540978151047
SoundWindow2,58.20497723516389,1540978152281
SoundWall0,57.25254349868006,1540978153092
SoundWall1,62.771869146685326,1540978153096
SoundWall2,59.15704425675267,1540978153098
SoundWindow0,64.23790183716446,1540978156173
SoundC,51.62091662308819,1540978156288
Present,102,1540978156291
SoundCenter0,63.46058747797296,1540978161044
SoundCenter1,55.82671254467736,1540978161045
SoundCenter2,54.4577324903293,1540978161047
SoundWindow2,58.20497723516389,1540978162281
SoundWall0,57.43821025588539,1540978163092
SoundWall1,62.922121667706016,1540978163097
SoundWall2,59.3387813090502,1540978163099
SoundWindow0,64.62906699924656,1540978166173
SoundC,57.472817393488484,1540978166293
Present,112,1540978166296
SoundCenter0,63.754642264419815,1540978171044
SoundCenter1,55.8412285505069,1540978171045
SoundCenter2,53.979476093423976,1540978171047
SoundWindow2,58.20497723516389,1540978172281
SoundWall0,57.80378328802903,1540978173092
SoundWall1,63.51751444445277,1540978173097
SoundWall2,59.1548942536426,1540978173098
SoundWindow0,65.84130750326948,1540978176173
SoundC,54.210802194865956,1540978176297
Present,105,1540978176300
SoundCenter0,63.316387591772916,1540978181044
SoundCenter1,55.91363915496743,1540978181045
SoundCenter2,53.803928871588546,1540978181047
SoundWindow2,58.20497723516389,1540978182281
SoundWall0,57.72372709687886,1540978183092
SoundWall1,63.52003310954309,1540978183097
SoundWall2,59.1274959713584,1540978183098
SoundWindow0,66.58188672284616,1540978186172
SoundC,55.369951428718224,1540978186303
Present,107,1540978186305
SoundCenter0,62.09021309686318,1540978191044
SoundCenter1,55.351660814767094,1540978191045
SoundCenter2,53.61549320333943,1540978191047
SoundWindow2,58.20497723516389,1540978192281
SoundWall0,57.92156548756211,1540978193092
SoundWall1,63.96542068502391,1540978193096
SoundWall2,60.017814908371484,1540978193099
SoundWindow0,66.92129858110448,1540978196173
SoundC,51.62091662308819,1540978196307
Present,120,1540978196309
SoundCenter0,61.708576625003296,1540978201044
SoundCenter1,55.2775602083717,1540978201045
SoundCenter2,53.379530205433085,1540978201047
SoundWindow2,58.20497723516389,1540978202281
SoundWall0,57.83214501062483,1540978203092
SoundWall1,63.952153664748714,1540978203097
SoundWall2,60.443261186419114,1540978203098
SoundWindow0,66.39311295509498,1540978206173
SoundC,51.62091662308819,1540978206312
Present,111,1540978206314
SoundCenter0,61.196117477350185,1540978211044
SoundCenter1,55.180750380522824,1540978211045
SoundCenter2,53.045490452485865,1540978211047
SoundWindow2,58.20497723516389,1540978212481
SoundWall0,57.72462464661174,1540978213092
SoundWall1,63.69137515382691,1540978213097
SoundWall2,60.398195448668666,1540978213098
SoundWindow0,66.67996834464664,1540978216173
SoundC,59.341519288975356,1540978216320
Present,82,1540978216323
SoundCenter0,61.807678263658445,1540978221044
SoundCenter1,55.10949578776171,1540978221045
SoundCenter2,53.53754394498936,1540978221047
SoundWindow2,58.20497723516389,1540978222281
SoundWall0,57.97944378235791,1540978223092
SoundWall1,63.81837225681454,1540978223095
SoundWall2,59.58854499060887,1540978223098
SoundWindow0,67.18111502769621,1540978226173
SoundC,56.45426312235056,1540978226325
Present,96,1540978226327
SoundCenter0,61.80956185304729,1540978231044
SoundCenter1,55.018382290861304,1540978231045
SoundCenter2,53.06016343999916,1540978231047
SoundWindow2,58.20497723516389,1540978232281
SoundWall0,57.283119605765954,1540978233092
SoundWall1,63.21631622280077,1540978233095
SoundWall2,59.45540042542288,1540978233098
SoundWindow0,67.07993064670461,1540978236173
SoundC,51.62091662308819,1540978236329
Present,90,1540978236332
SoundCenter0,62.40544290102283,1540978241044
SoundCenter1,55.14692395159573,1540978241045
SoundCenter2,52.68312608665773,1540978241047
SoundWindow2,58.20497723516389,1540978242281
SoundWall0,56.87821275783595,1540978243092
SoundWall1,62.77021769871451,1540978243095
SoundWall2,58.83923394803407,1540978243098
SoundWindow0,66.18908115867535,1540978246173
SoundC,60.20329792798059,1540978246334
Present,95,1540978246337
SoundCenter0,63.728698873846355,1540978251044
SoundCenter1,55.5411143657673,1540978251045
SoundCenter2,52.36563841097748,1540978251047
SoundWindow2,58.20497723516389,1540978252281
SoundWall0,56.86883231770714,1540978253092
SoundWall1,62.49843853393942,1540978253095
SoundWall2,58.474722284057776,1540978253098
SoundWindow0,66.26696231016902,1540978256173
SoundC,58.433135904413454,1540978256339
Present,98,1540978256342
SoundCenter0,64.83409517385375,1540978261044
SoundCenter1,55.77363711202925,1540978261045
SoundCenter2,51.66354227453676,1540978261047
SoundWindow2,58.20497723516389,1540978262281
SoundWall0,56.252216985111644,1540978263092
SoundWall1,61.92768801355375,1540978263095
SoundWall2,57.5209995876911,1540978263098
SoundWindow0,65.79854299543962,1540978266173
SoundC,61.023021476191225,1540978266343
Present,97,1540978266345
SoundCenter0,64.97912026282319,1540978271044
SoundCenter1,55.90803180558048,1540978271045
SoundCenter2,51.93350113335896,1540978271047
SoundWindow2,58.20497723516389,1540978272281
SoundWall0,57.02558386865519,1540978273092
SoundWall1,62.4213218798699,1540978273095
SoundWall2,57.7931656547554,1540978273099
SoundWindow0,65.94355484570141,1540978276173
SoundC,57.472817393488484,1540978276347
Present,103,1540978276350
SoundCenter0,64.28640140431865,1540978281044
SoundCenter1,56.507052912696764,1540978281045
SoundCenter2,52.97220761449004,1540978281047
SoundWindow2,58.20497723516389,1540978282281
SoundWall0,58.02529407196882,1540978283092
SoundWall1,62.79967532784659,1540978283095
SoundWall2,58.73048624049397,1540978283098
SoundWindow0,66.60664580684211,1540978286173
SoundC,59.341519288975356,1540978286352
Present,100,1540978286355
SoundCenter0,64.01659716709943,1540978291044
SoundCenter1,56.88709175267912,1540978291046
SoundCenter2,54.13467705041572,1540978291047
SoundWindow2,58.20497723516389,1540978292281
SoundWall0,58.65111730636038,1540978293092
SoundWall1,63.06621632623264,1540978293095
SoundWall2,58.982122894691855,1540978293098
SoundWindow0,66.57998497465327,1540978296173
SoundC,55.369951428718224,1540978296356
Present,89,1540978296359
SoundCenter0,64.31068268498046,1540978301044
SoundCenter1,57.1819055363544,1540978301045
SoundCenter2,54.512684999760694,1540978301047
SoundWindow2,58.20497723516389,1540978302281
SoundWall0,59.62587525919009,1540978303092
SoundWall1,63.42566512920455,1540978303095
SoundWall2,59.6817380493651,1540978303098
SoundWindow0,66.98579640385661,1540978306173
SoundC,55.369951428718224,1540978306362
Present,118,1540978306365
SoundCenter0,63.671565296761884,1540978311044
SoundCenter1,56.99142783672498,1540978311045
SoundCenter2,54.97527891690094,1540978311047
SoundWindow2,58.20497723516389,1540978312281
SoundWall0,59.982235340842024,1540978313092
SoundWall1,63.51644214850979,1540978313095
SoundWall2,59.58345866135898,1540978313098
SoundWindow0,66.5422820692409,1540978316173
SoundC,52.96571415471127,1540978316367
Present,88,1540978316369
SoundCenter0,62.47918686534491,1540978321044
SoundCenter1,56.9890393884074,1540978321045
SoundCenter2,55.968564084310906,1540978321047
SoundWindow2,58.20497723516389,1540978322281
SoundWall0,60.92370925581567,1540978323092
SoundWall1,64.34628788922439,1540978323095
SoundWall2,60.79548102142381,1540978323098
SoundWindow0,66.87354307025689,1540978326173
SoundC,61.023021476191225,1540978326372
Present,100,1540978326375
SoundCenter0,62.104213954116545,1540978331044
SoundCenter1,56.87375885619073,1540978331045
SoundCenter2,56.082101072332996,1540978331047
SoundWindow2,58.20497723516389,1540978332281
SoundWall0,60.929206197970956,1540978333092
SoundWall1,64.01985962280875,1540978333095
SoundWall2,60.072489457162355,1540978333098
SoundWindow0,66.07688524273239,1540978336173
SoundC,54.210802194865956,1540978336380
Present,115,1540978336383
SoundCenter0,62.80494034726728,1540978341044
SoundCenter1,56.51828804580005,1540978341045
SoundCenter2,54.867765595578234,1540978341047
SoundWindow2,58.20497723516389,1540978342281
SoundWall0,59.77039214301042,1540978343092
SoundWall1,63.26506401616085,1540978343095
SoundWall2,59.6795345520887,1540978343098
SoundWindow0,64.45766604923634,1540978346173
SoundC,52.96571415471127,1540978346387
Present,100,1540978346390
SoundCenter0,63.06024806676915,1540978351044
SoundCenter1,56.43718589665526,1540978351046
SoundCenter2,54.04836558258952,1540978351047
SoundWindow2,58.20497723516389,1540978352281
SoundWall0,59.6982462933943,1540978353092
SoundWall1,63.11960716229997,1540978353095
SoundWall2,59.73410280640811,1540978353099
SoundWindow0,64.00094577564768,1540978356173
SoundC,54.210802194865956,1540978356396
Present,100,1540978356399
SoundCenter0,61.91122754381542,1540978361044
SoundCenter1,56.29996574478928,1540978361046
SoundCenter2,54.18877930808967,1540978361048
SoundWindow2,58.20497723516389,1540978362281
SoundWall0,59.52283027291716,1540978363092
SoundWall1,63.5064285745194,1540978363095
SoundWall2,59.91502125134683,1540978363098
SoundWindow0,63.274193904203216,1540978366173
SoundC,65.24535518573873,1540978366405
Present,82,1540978366407
SoundCenter0,61.581496638182784,1540978371044
SoundCenter1,56.1581163594639,1540978371045
SoundCenter2,53.87908300401266,1540978371047
SoundWindow2,58.20497723516389,1540978372281
SoundWall0,59.09515327099294,1540978373092
SoundWall1,62.912453892643015,1540978373095
SoundWall2,59.44052713974585,1540978373098
SoundWindow0,63.80769826238353,1540978376173
SoundC,55.369951428718224,1540978376411
Present,94,1540978376414
SoundCenter0,62.4843335660449,1540978381044
SoundCenter1,56.23355664204931,1540978381045
SoundCenter2,53.84952978672591,1540978381047
SoundWindow2,58.20497723516389,1540978382281
SoundWall0,59.130712428237125,1540978383092
SoundWall1,62.8031095323979,1540978383096
SoundWall2,59.517175904874804,1540978383099
SoundWindow0,63.852471705536765,1540978386173
SoundC,59.341519288975356,1540978386419
Present,122,1540978386422
SoundCenter0,62.8119981686223,1540978391044
SoundCenter1,56.427106689122624,1540978391047
SoundCenter2,53.74752915770253,1540978391048
SoundWindow2,58.20497723516389,1540978392281
SoundWall0,58.6841818574521,1540978393092
SoundWall1,63.15064769996891,1540978393095
SoundWall2,60.97904764759536,1540978393098
SoundWindow0,64.59222285016115,1540978396173
SoundC,57.472817393488484,1540978396429
Present,99,1540978396432
SoundCenter0,62.245434265815774,1540978401044
SoundCenter1,56.28556559812481,1540978401045
SoundCenter2,53.82571905661643,1540978401047
SoundWindow2,58.20497723516389,1540978402281
SoundWall0,58.463253354822655,1540978403092
SoundWall1,63.415394164589564,1540978403096
SoundWall2,61.384301660930795,1540978403098
SoundWindow0,65.46619653695737,1540978406173
SoundC,52.96571415471127,1540978406437
Present,99,1540978406443
TurnOnLightGroup2,null,1540978407945
Color,white,1540978407959
LightGroup2,On,1540978407967
SoundCenter0,61.51289250442006,1540978411044
SoundCenter1,55.862632071030944,1540978411045
SoundCenter2,53.729820630296025,1540978411047
SoundWindow2,58.20497723516389,1540978412281
TurnOnLightGroup1,null,1540978412285
TurnOnLightGroup3,null,1540978412290
Color,white,1540978412303
LightGroup1,On,1540978412308
Color,white,1540978412328
LightGroup3,On,1540978412333
SoundWall0,58.2427486977363,1540978413092
SoundWall1,63.73473509696735,1540978413095
SoundWall2,61.287399537698306,1540978413098
SoundWindow0,66.0463348863956,1540978416173
SoundC,57.472817393488484,1540978416448
Present,122,1540978416455
SoundCenter0,61.506987237615384,1540978421044
SoundCenter1,55.59544024145724,1540978421045
SoundCenter2,53.763476462692125,1540978421047
SoundWindow2,58.20497723516389,1540978422281
SoundWall0,58.064956927030295,1540978423092
SoundWall1,63.86025012178133,1540978423097
SoundWall2,61.64436993252956,1540978423099
SoundWindow0,67.00578268759037,1540978426173
SoundC,56.45426312235056,1540978426461
Present,105,1540978426468
SoundCenter0,61.687374877743224,1540978431044
SoundCenter1,55.973335008557896,1540978431045
SoundCenter2,53.50465887662491,1540978431047
SoundWindow2,58.20497723516389,1540978432281
SoundWall0,58.2504212206071,1540978433092
SoundWall1,64.43943061429393,1540978433097
SoundWall2,62.049021648656435,1540978433098
SoundWindow0,66.52747565273349,1540978436173
SoundC,58.433135904413454,1540978436473
Present,96,1540978436478
SoundCenter0,60.951974588831,1540978441044
SoundCenter1,55.728469047704785,1540978441045
SoundCenter2,53.06351611737141,1540978441047
SoundWindow2,58.20497723516389,1540978442281
SoundWall0,57.847425543720995,1540978443092
SoundWall1,64.14720851274359,1540978443097
SoundWall2,60.49090090782148,1540978443099
SoundWindow0,66.19233251902959,1540978446173
SoundC,54.210802194865956,1540978446481
Present,132,1540978446488
SoundCenter0,60.49386765353821,1540978451044
SoundCenter1,55.42168272100533,1540978451045
SoundCenter2,52.68087605163302,1540978451047
SoundWindow2,58.20497723516389,1540978452281
SoundWall0,57.523176965855164,1540978453092
SoundWall1,63.56530684913374,1540978453096
SoundWall2,59.449494985974994,1540978453099
SoundWindow0,65.19951484246822,1540978456173
SoundC,55.369951428718224,1540978456491
Present,98,1540978456498
SoundCenter0,60.383644510898236,1540978461044
SoundCenter1,55.31544515894259,1540978461045
SoundCenter2,52.779341293775126,1540978461047
SoundWindow2,58.20497723516389,1540978462281
SoundWall0,57.57866400649808,1540978463092
SoundWall1,63.21160282678294,1540978463097
SoundWall2,59.240535082851174,1540978463099
SoundWindow0,65.09278481813854,1540978466173
SoundC,57.472817393488484,1540978466502
Present,86,1540978466509
SoundCenter0,60.85635987509407,1540978471044
SoundCenter1,55.37663285451932,1540978471045
SoundCenter2,52.68533705242349,1540978471047
SoundWindow2,58.20497723516389,1540978472281
SoundWall0,57.54852789953314,1540978473092
SoundWall1,62.960958793824005,1540978473097
SoundWall2,58.798610693794444,1540978473098
SoundWindow0,63.81929306357243,1540978476173
SoundC,58.433135904413454,1540978476512
Present,91,1540978476520
SoundCenter0,61.31954862631655,1540978481044
SoundCenter1,55.66060032780313,1540978481045
SoundCenter2,52.95289618222193,1540978481047
SoundWindow2,58.20497723516389,1540978482281
SoundWall0,57.676380528777436,1540978483092
SoundWall1,62.55403032082973,1540978483097
SoundWall2,58.164812563585755,1540978483099
SoundWindow0,63.621163129939184,1540978486172
SoundC,58.433135904413454,1540978486524
Present,121,1540978486531
SoundCenter0,62.143985245659145,1540978491044
SoundCenter1,55.67060152064481,1540978491045
SoundCenter2,53.325172115559084,1540978491047
SoundWindow2,58.20497723516389,1540978492281
SoundWall0,57.42239316207465,1540978493092
SoundWall1,61.994316217789255,1540978493095
SoundWall2,57.231585227309516,1540978493098
SoundWindow0,63.02959852719508,1540978496173
SoundC,55.369951428718224,1540978496535
Present,88,1540978496539
