SetColor,null,1490609040138
Color,cyan,1490609040169
SoundC,60.20329792798059,1490609040870
Present,105,1490609040873
SoundC,51.62091662308819,1490609050876
Present,112,1490609050878
Entrance,null,1490609053003
UserCount,7,1490609053003
Entrance,null,1490609054329
UserCount,8,1490609054330
SoundLeft,61.023021476191225,1490609056807
SoundRight,75.59789851419828,1490609058208
Entrance,null,1490609058244
UserCount,9,1490609058245
SoundC,48.55773214739296,1490609060880
Present,178,1490609060883
SoundC,83.28309336929843,1490609070885
Present,171,1490609070888
MoveFocus,GoTour,1490609071663
SoundC,46.78757012382582,1490609080890
Present,176,1490609080893
SoundC,67.01551720930587,1490609090895
Present,188,1490609090898
ProjectorPower,On,1490609097653
SoundC,59.341519288975356,1490609100900
Present,169,1490609100914
SoundC,63.26648240367583,1490609110918
Present,165,1490609110921
SoundLeft,59.341519288975356,1490609116811
SoundRight,69.11838317407611,1490609118226
SoundC,44.808697341762915,1490609120923
Present,131,1490609120926
SoundC,71.42349921662418,1490609130928
Present,173,1490609130931
MoveFocus,GoTour,1490609131768
SoundC,48.55773214739296,1490609140933
Present,199,1490609140936
SoundC,48.55773214739296,1490609150945
Present,192,1490609150948
SoundC,46.78757012382582,1490609160950
Present,199,1490609160952
SoundC,56.45426312235056,1490609170960
Present,187,1490609170963
SoundLeft,65.8563679754536,1490609176816
SoundRight,78.37870659506,1490609178257
SoundC,70.0787016850011,1490609180965
Present,198,1490609180968
SoundC,51.62091662308819,1490609190971
Present,215,1490609190973
MoveFocus,GoTour,1490609191873
SoundC,46.78757012382582,1490609200976
Present,167,1490609200979
SoundC,58.433135904413454,1490609210981
Present,137,1490609210984
SoundC,48.55773214739296,1490609220986
Present,137,1490609220989
SoundC,50.159038478285424,1490609230991
Present,120,1490609230994
SoundLeft,46.78757012382582,1490609236820
SoundRight,56.45426312235056,1490609238297
SoundC,46.78757012382582,1490609241005
Present,172,1490609241008
SoundC,56.45426312235056,1490609251010
Present,199,1490609251013
MoveFocus,GoTour,1490609251943
SoundC,58.433135904413454,1490609261016
Present,125,1490609261018
SoundC,50.159038478285424,1490609271020
Present,96,1490609271023
SoundC,54.210802194865956,1490609281026
Present,156,1490609281035
SoundC,61.023021476191225,1490609291045
Present,158,1490609291048
SoundLeft,64.61127993529891,1490609296824
SoundRight,52.96571415471127,1490609298330
SoundC,52.96571415471127,1490609301050
Present,137,1490609301053
SoundC,54.210802194865956,1490609311055
Present,93,1490609311058
MoveFocus,GoTour,1490609311525
SoundC,65.8563679754536,1490609321060
Present,208,1490609321063
SoundC,55.369951428718224,1490609331065
Present,247,1490609331068
SoundC,50.159038478285424,1490609341071
Present,147,1490609341073
SoundC,72.66858725677886,1490609351075
Present,186,1490609351078
SoundLeft,62.551438321825636,1490609356829
SoundRight,57.472817393488484,1490609358349
SoundC,54.210802194865956,1490609361081
Present,171,1490609361083
SoundC,44.808697341762915,1490609371085
Present,113,1490609371088
MoveFocus,GoTour,1490609371610
SoundC,55.369951428718224,1490609381090
Present,141,1490609381094
SoundC,48.55773214739296,1490609391097
Present,195,1490609391099
SoundC,51.62091662308819,1490609401101
Present,188,1490609401104
SoundC,42.56523641427832,1490609411114
Present,119,1490609411117
SoundLeft,56.45426312235056,1490609416833
SoundRight,62.551438321825636,1490609418375
SoundC,46.78757012382582,1490609421120
Present,134,1490609421123
SoundC,44.808697341762915,1490609431125
Present,144,1490609431128
MoveFocus,GoTour,1490609431710
SoundC,50.159038478285424,1490609441130
Present,162,1490609441133
SoundC,48.55773214739296,1490609451135
Present,146,1490609451138
SoundC,59.341519288975356,1490609461140
Present,156,1490609461143
SoundC,61.023021476191225,1490609471145
Present,183,1490609471148
SoundLeft,50.159038478285424,1490609476837
SoundRight,59.341519288975356,1490609478408
SoundC,56.45426312235056,1490609481151
Present,112,1490609481154
SoundC,56.45426312235056,1490609491155
Present,154,1490609491158
MoveFocus,GoTour,1490609491805
SoundC,57.472817393488484,1490609501160
Present,118,1490609501163
User04Location,Unknown,1490609503926
SoundC,48.55773214739296,1490609511166
Present,101,1490609511168
SoundC,51.62091662308819,1490609521170
Present,159,1490609521173
SoundC,55.369951428718224,1490609531176
Present,173,1490609531178
SoundLeft,48.55773214739296,1490609536842
SoundRight,58.433135904413454,1490609538442
User04Location,N1SeminarRoom825,1490609538648
SoundC,63.26648240367583,1490609541189
Present,188,1490609541191
SoundC,46.78757012382582,1490609551194
Present,166,1490609551197
MoveFocus,GoTour,1490609551950
SoundC,48.55773214739296,1490609561199
Present,164,1490609561202
SoundC,54.210802194865956,1490609571204
Present,164,1490609571207
SoundC,50.159038478285424,1490609581209
Present,155,1490609581212
SoundC,48.55773214739296,1490609591222
Present,120,1490609591225
SoundLeft,65.8563679754536,1490609596846
SoundRight,64.61127993529891,1490609598475
SoundC,63.95233273361063,1490609601228
Present,165,1490609601230
SoundC,57.472817393488484,1490609611233
Present,109,1490609611236
MoveFocus,GoTour,1490609612050
SoundC,54.210802194865956,1490609621238
Present,143,1490609621240
SoundC,69.11838317407611,1490609631243
Present,198,1490609631246
SoundC,50.159038478285424,1490609641256
Present,195,1490609641259
SoundC,64.61127993529891,1490609651261
Present,166,1490609651264
SoundLeft,50.159038478285424,1490609656850
SoundRight,70.0787016850011,1490609658509
SoundC,44.808697341762915,1490609661266
Present,209,1490609661269
SoundC,55.369951428718224,1490609671272
Present,194,1490609671274
MoveFocus,GoTour,1490609672155
SoundC,67.01551720930587,1490609681284
Present,176,1490609681286
SoundC,48.55773214739296,1490609691289
Present,130,1490609691292
SoundC,61.80460425887306,1490609701294
Present,155,1490609701297
SoundC,68.0998289029382,1490609711299
Present,157,1490609711302
SoundLeft,54.210802194865956,1490609716855
SoundRight,58.433135904413454,1490609718542
SoundC,50.159038478285424,1490609721304
Present,152,1490609721307
SoundC,69.60540278108363,1490609731309
Present,163,1490609731312
MoveFocus,GoTour,1490609732245
SoundC,54.210802194865956,1490609741314
Present,162,1490609741317
SoundC,59.341519288975356,1490609751319
Present,156,1490609751322
SoundC,51.62091662308819,1490609761324
Present,164,1490609761327
SoundC,61.023021476191225,1490609771329
Present,173,1490609771332
SoundLeft,67.56641902255494,1490609776859
SoundRight,56.45426312235056,1490609778575
SoundC,68.61682354019833,1490609781335
Present,175,1490609781337
SoundC,71.84886370856825,1490609791347
Present,173,1490609791350
MoveFocus,GoTour,1490609792365
SoundC,42.56523641427832,1490609801352
Present,160,1490609801355
SoundC,54.210802194865956,1490609811358
Present,164,1490609811360
SoundC,50.159038478285424,1490609821363
Present,170,1490609821366
SoundC,50.159038478285424,1490609831368
Present,150,1490609831371
SoundLeft,52.96571415471127,1490609837346
SoundRight,54.210802194865956,1490609838608
SoundC,48.55773214739296,1490609841373
Present,163,1490609841376
SoundC,39.975350842500546,1490609851378
Present,134,1490609851381
MoveFocus,GoTour,1490609852480
SoundC,63.26648240367583,1490609861383
Present,166,1490609861386
SoundC,46.78757012382582,1490609871389
Present,122,1490609871391
SoundC,51.62091662308819,1490609881394
Present,118,1490609881397
SoundC,44.808697341762915,1490609891399
Present,188,1490609891401
SoundLeft,46.78757012382582,1490609897350
SoundRight,89.29684274218603,1490609898641
SoundC,51.62091662308819,1490609901403
Present,123,1490609901406
SoundC,42.56523641427832,1490609911409
Present,119,1490609911411
MoveFocus,GoTour,1490609912590
SoundC,55.369951428718224,1490609921413
Present,118,1490609921416
SoundC,56.45426312235056,1490609931419
Present,114,1490609931421
SoundC,51.62091662308819,1490609941423
Present,172,1490609941432
SoundC,50.159038478285424,1490609951436
Present,196,1490609951439
SoundLeft,63.26648240367583,1490609957354
SoundRight,56.45426312235056,1490609958675
SoundC,51.62091662308819,1490609961441
Present,152,1490609961444
SoundC,67.01551720930587,1490609971446
Present,133,1490609971449
MoveFocus,GoTour,1490609972801
SoundC,48.55773214739296,1490609981451
Present,171,1490609981454
SoundC,58.433135904413454,1490609991457
Present,166,1490609991459
SoundC,42.56523641427832,1490610001461
Present,146,1490610001464
SoundC,58.433135904413454,1490610011466
Present,146,1490610011469
SoundLeft,65.8563679754536,1490610017358
SoundRight,55.369951428718224,1490610018708
SoundC,67.56641902255494,1490610021471
Present,142,1490610021474
SoundC,68.0998289029382,1490610031476
Present,151,1490610031479
MoveFocus,GoTour,1490610032906
SoundC,67.01551720930587,1490610041487
Present,182,1490610041490
SoundC,52.96571415471127,1490610051492
Present,226,1490610051495
SoundC,59.341519288975356,1490610061497
Present,298,1490610061500
SoundC,58.433135904413454,1490610071502
Present,254,1490610071505
SoundLeft,52.96571415471127,1490610077363
SoundRight,61.80460425887306,1490610078742
SoundC,54.210802194865956,1490610081508
Present,181,1490610081511
SoundC,66.44593723960276,1490610091513
Present,168,1490610091516
MoveFocus,GoTour,1490610093011
SoundC,44.808697341762915,1490610101524
Present,139,1490610101527
SoundC,54.210802194865956,1490610111530
Present,144,1490610111534
SoundC,67.56641902255494,1490610121536
Present,156,1490610121539
SoundC,51.62091662308819,1490610131550
Present,180,1490610131552
SoundLeft,70.0787016850011,1490610137367
SoundRight,72.26372429269907,1490610138775
SoundC,61.023021476191225,1490610141562
Present,141,1490610141565
SoundC,52.96571415471127,1490610151568
Present,129,1490610151570
MoveFocus,GoTour,1490610153111
SoundC,67.01551720930587,1490610161572
Present,168,1490610161575
SoundC,66.44593723960276,1490610171578
Present,131,1490610171580
SoundC,61.023021476191225,1490610181583
Present,179,1490610181585
SoundC,66.44593723960276,1490610191588
Present,135,1490610191590
SoundLeft,51.62091662308819,1490610197372
SoundRight,64.61127993529891,1490610198808
SoundC,50.159038478285424,1490610201592
Present,134,1490610201595
SoundC,44.808697341762915,1490610211600
Present,167,1490610211602
MoveFocus,GoTour,1490610213266
SoundC,69.60540278108363,1490610221604
Present,179,1490610221607
SoundC,70.0787016850011,1490610231610
Present,154,1490610231612
SoundC,73.45017003946069,1490610241614
Present,148,1490610241619
SoundC,73.45017003946069,1490610251627
Present,150,1490610251630
SoundLeft,51.62091662308819,1490610257377
SoundRight,59.341519288975356,1490610258842
SoundC,46.78757012382582,1490610261632
Present,147,1490610261635
SoundC,71.42349921662418,1490610271637
Present,156,1490610271640
MoveFocus,GoTour,1490610273361
SoundC,50.159038478285424,1490610281642
Present,147,1490610281645
SoundC,54.210802194865956,1490610291647
Present,173,1490610291650
SoundC,56.45426312235056,1490610301660
Present,171,1490610301663
SoundC,55.369951428718224,1490610311665
Present,175,1490610311668
SoundLeft,72.26372429269907,1490610317385
SoundRight,70.987085069563,1490610318875
SoundC,68.61682354019833,1490610321670
Present,144,1490610321673
SoundC,63.95233273361063,1490610331676
Present,257,1490610331679
MoveFocus,GoTour,1490610333471
SoundC,68.0998289029382,1490610341682
Present,137,1490610341684
SoundC,65.24535518573873,1490610351692
Present,189,1490610351701
SoundC,52.96571415471127,1490610361703
Present,150,1490610361706
SoundC,46.78757012382582,1490610371720
Present,231,1490610371723
SoundLeft,63.95233273361063,1490610377389
SoundRight,68.0998289029382,1490610378909
SoundC,71.42349921662418,1490610381725
Present,254,1490610381728
SoundC,70.5390318503356,1490610391730
Present,235,1490610391733
MoveFocus,GoTour,1490610393596
SoundC,66.44593723960276,1490610401736
Present,210,1490610401738
SoundC,51.62091662308819,1490610411741
Present,152,1490610411745
SoundC,63.95233273361063,1490610421747
Present,163,1490610421750
SoundC,48.55773214739296,1490610431752
Present,181,1490610431761
SoundLeft,67.01551720930587,1490610437394
SoundRight,69.60540278108363,1490610438942
SoundC,71.42349921662418,1490610441765
Present,180,1490610441768
SoundC,51.62091662308819,1490610451770
Present,169,1490610451773
MoveFocus,GoTour,1490610453686
SoundC,54.210802194865956,1490610461775
Present,186,1490610461778
SoundC,56.45426312235056,1490610471780
Present,193,1490610471783
SoundC,56.45426312235056,1490610481785
Present,180,1490610481788
SoundC,50.159038478285424,1490610491790
Present,188,1490610491793
SoundLeft,75.59789851419828,1490610497399
SoundRight,76.57687443958919,1490610498975
SoundC,63.95233273361063,1490610501795
Present,211,1490610501798
SoundC,65.8563679754536,1490610511800
Present,173,1490610511803
MoveFocus,GoTour,1490610514391
SoundC,46.78757012382582,1490610521805
Present,204,1490610521808
User04Location,Unknown,1490610522677
SoundC,65.24535518573873,1490610531810
Present,222,1490610531813
SoundC,71.42349921662418,1490610541815
Present,192,1490610541819
SoundC,50.159038478285424,1490610551821
Present,224,1490610551823
SoundLeft,61.023021476191225,1490610557403
SoundRight,72.26372429269907,1490610558989
SoundC,63.26648240367583,1490610561826
Present,210,1490610561829
User04Location,N1SeminarRoom825,1490610570821
SoundC,69.11838317407611,1490610571838
Present,200,1490610571841
MoveFocus,GoTour,1490610574536
SoundC,78.09150302019039,1490610581843
Present,235,1490610581847
SoundC,67.01551720930587,1490610591850
Present,238,1490610591853
SoundC,56.45426312235056,1490610601855
Present,197,1490610601858
SoundC,62.551438321825636,1490610611860
Present,178,1490610611863
SoundLeft,51.62091662308819,1490610617408
SoundRight,81.00922338373856,1490610619005
SoundC,58.433135904413454,1490610621865
Present,186,1490610621868
SoundC,76.89092096632638,1490610631870
Present,171,1490610631873
MoveFocus,GoTour,1490610634636
SoundC,54.210802194865956,1490610641875
Present,194,1490610641878
SoundC,62.551438321825636,1490610651880
Present,185,1490610651883
SoundC,51.62091662308819,1490610661885
Present,182,1490610661888
SoundC,51.62091662308819,1490610671891
Present,176,1490610671893
SoundLeft,51.62091662308819,1490610677412
SoundRight,68.0998289029382,1490610679041
SoundC,74.91204818426347,1490610681895
Present,183,1490610681898
SoundC,50.159038478285424,1490610691901
Present,188,1490610691903
MoveFocus,GoTour,1490610694722
SoundC,44.808697341762915,1490610701905
Present,217,1490610701908
SoundC,84.90372230151566,1490610711911
Present,205,1490610711914
SoundC,71.84886370856825,1490610721916
Present,156,1490610721918
SoundC,51.62091662308819,1490610731921
Present,153,1490610731924
SoundLeft,61.023021476191225,1490610737418
SoundRight,72.66858725677886,1490610739073
SoundC,48.55773214739296,1490610741926
Present,157,1490610741929
SoundC,46.78757012382582,1490610751931
Present,153,1490610751934
MoveFocus,GoTour,1490610754837
SoundC,51.62091662308819,1490610761936
Present,152,1490610761939
SoundC,68.61682354019833,1490610771941
Present,162,1490610771944
SoundC,72.26372429269907,1490610781954
Present,181,1490610781957
SoundC,54.210802194865956,1490610791960
Present,193,1490610791963
SoundLeft,65.8563679754536,1490610797423
SoundRight,55.369951428718224,1490610799104
SoundC,50.159038478285424,1490610801965
Present,93,1490610801968
SoundC,64.61127993529891,1490610811970
Present,98,1490610811973
MoveFocus,GoTour,1490610815202
SoundC,63.26648240367583,1490610821975
Present,110,1490610821978
SoundC,48.55773214739296,1490610831980
Present,92,1490610831983
SoundC,54.210802194865956,1490610841985
Present,101,1490610841988
SoundC,70.987085069563,1490610851990
Present,99,1490610851993
SoundLeft,50.159038478285424,1490610857428
SoundRight,54.210802194865956,1490610859139
SoundC,61.023021476191225,1490610861995
Present,98,1490610861998
SoundC,50.159038478285424,1490610872000
Present,103,1490610872003
Screen,Up,1490610872005
MoveFocus,GoTour,1490610875297
SoundC,58.433135904413454,1490610882015
Present,98,1490610882018
Screen,Down,1490610882020
SoundC,52.96571415471127,1490610892022
Present,116,1490610892025
SoundC,62.551438321825636,1490610902027
Present,139,1490610902030
SoundC,66.44593723960276,1490610912032
Present,129,1490610912035
SoundLeft,73.82773649063114,1490610918664
SoundRight,60.20329792798059,1490610919173
SoundC,54.210802194865956,1490610922037
Present,164,1490610922040
SoundC,52.96571415471127,1490610932048
Present,155,1490610932051
MoveFocus,GoTour,1490610935377
SoundC,70.0787016850011,1490610942054
Present,106,1490610942056
SoundC,57.472817393488484,1490610952059
Present,101,1490610952062
SoundC,67.01551720930587,1490610962064
Present,99,1490610962067
Screen,Up,1490610962069
SoundC,51.62091662308819,1490610972071
Present,88,1490610972074
Screen,Down,1490610972085
SoundLeft,77.19920484509075,1490610978668
SoundRight,84.11294105159064,1490610979208
SoundC,65.24535518573873,1490610982094
Present,231,1490610982097
SoundC,70.987085069563,1490610992099
Present,206,1490610992102
MoveFocus,GoTour,1490610995482
SoundC,51.62091662308819,1490611002104
Present,145,1490611002110
SoundC,78.6610829898935,1490611012112
Present,141,1490611012114
SoundC,52.96571415471127,1490611022117
Present,104,1490611022120
SoundC,73.45017003946069,1490611032122
Present,207,1490611032125
SoundLeft,48.55773214739296,1490611038673
SoundRight,89.73706880077802,1490611039239
SoundC,69.11838317407611,1490611042127
Present,233,1490611042130
SoundC,70.987085069563,1490611052132
Present,149,1490611052135
MoveFocus,GoTour,1490611055752
SoundC,63.95233273361063,1490611062137
Present,267,1490611062140
SoundC,62.551438321825636,1490611072142
Present,152,1490611072145
SoundC,63.26648240367583,1490611082147
Present,194,1490611082150
SoundC,63.26648240367583,1490611092153
Present,120,1490611092155
SoundRight,85.65895056898958,1490611099273
SoundLeft,52.96571415471127,1490611101417
SoundC,63.95233273361063,1490611102157
Present,111,1490611102160
SoundC,63.95233273361063,1490611112162
Present,196,1490611112165
MoveFocus,GoTour,1490611115852
SoundC,48.55773214739296,1490611122167
Present,193,1490611122170
SoundC,50.159038478285424,1490611132173
Present,206,1490611132175
SoundC,71.42349921662418,1490611142177
Present,185,1490611142180
SoundC,65.8563679754536,1490611152183
Present,81,1490611152185
SoundRight,59.341519288975356,1490611159303
SoundLeft,50.159038478285424,1490611161421
SoundC,44.808697341762915,1490611162188
Present,101,1490611162190
SoundC,51.62091662308819,1490611172193
Present,151,1490611172195
MoveFocus,GoTour,1490611175927
SoundC,62.551438321825636,1490611182198
Present,215,1490611182200
SoundC,48.55773214739296,1490611192203
Present,206,1490611192206
SoundC,61.023021476191225,1490611202216
Present,165,1490611202219
SoundC,65.8563679754536,1490611212221
Present,229,1490611212224
SoundRight,70.0787016850011,1490611219339
SoundLeft,55.369951428718224,1490611221427
SoundC,74.19700410241327,1490611222226
Present,201,1490611222229
SoundC,82.41011779552353,1490611232231
Present,212,1490611232234
MoveFocus,GoTour,1490611236047
SoundC,65.8563679754536,1490611242236
Present,223,1490611242239
SoundC,79.48080653810413,1490611252241
Present,159,1490611252244
SoundC,52.96571415471127,1490611262258
Present,171,1490611262261
SoundC,69.11838317407611,1490611272263
Present,125,1490611272274
SoundRight,74.55832985633069,1490611279373
SoundLeft,55.369951428718224,1490611281434
SoundC,61.80460425887306,1490611282284
Present,104,1490611282288
SoundC,50.159038478285424,1490611292298
Present,161,1490611292300
MoveFocus,GoTour,1490611296172
SoundC,81.00922338373856,1490611302302
Present,174,1490611302305
SoundC,78.09150302019039,1490611312308
Present,174,1490611312324
SoundC,63.26648240367583,1490611322334
Present,188,1490611322338
SoundC,71.42349921662418,1490611332347
Present,165,1490611332350
SoundRight,75.93060245540138,1490611339404
SoundLeft,46.78757012382582,1490611341438
SoundC,69.60540278108363,1490611342358
Present,213,1490611342361
SoundC,72.26372429269907,1490611352369
Present,212,1490611352372
MoveFocus,GoTour,1490611356247
SoundC,72.66858725677886,1490611362377
Present,220,1490611362380
SoundC,81.48928461417114,1490611372385
Present,205,1490611372395
SoundC,52.96571415471127,1490611382402
Present,237,1490611382405
SoundC,61.80460425887306,1490611392410
Present,97,1490611392412
SoundRight,62.551438321825636,1490611399438
SoundLeft,64.61127993529891,1490611401443
SoundC,48.55773214739296,1490611402415
Present,139,1490611402423
SoundC,70.5390318503356,1490611412427
Present,179,1490611412430
MoveFocus,GoTour,1490611416343
SoundC,78.09150302019039,1490611422433
Present,189,1490611422435
SoundC,68.61682354019833,1490611432438
Present,173,1490611432440
SoundC,67.56641902255494,1490611442442
Present,186,1490611442445
SoundC,44.808697341762915,1490611452448
Present,193,1490611452450
SoundRight,76.25684571588656,1490611459472
SoundLeft,50.159038478285424,1490611461447
SoundC,57.472817393488484,1490611462453
Present,208,1490611462455
SoundC,72.66858725677886,1490611472458
Present,211,1490611472467
MoveFocus,GoTour,1490611476493
SoundC,74.19700410241327,1490611482469
Present,215,1490611482472
SoundC,60.20329792798059,1490611492474
Present,203,1490611492477
SoundC,56.45426312235056,1490611502480
Present,207,1490611502482
SoundC,50.159038478285424,1490611512485
Present,206,1490611512488
SoundRight,82.63265085015064,1490611519503
SoundLeft,68.0998289029382,1490611521451
SoundC,54.210802194865956,1490611522490
Present,189,1490611522499
SoundC,50.159038478285424,1490611532505
Present,198,1490611532508
MoveFocus,GoTour,1490611536623
SoundC,64.61127993529891,1490611542510
Present,200,1490611542513
SoundC,67.56641902255494,1490611552515
Present,185,1490611552518
SoundC,42.56523641427832,1490611562520
Present,185,1490611562523
SoundC,48.55773214739296,1490611572525
Present,193,1490611572528
SoundRight,54.210802194865956,1490611579539
SoundLeft,48.55773214739296,1490611581459
SoundC,61.023021476191225,1490611582530
Present,193,1490611582533
SoundC,59.341519288975356,1490611592536
Present,203,1490611592539
MoveFocus,GoTour,1490611596828
SoundC,50.159038478285424,1490611602541
Present,197,1490611602543
SoundC,65.8563679754536,1490611612546
Present,187,1490611612549
SoundC,46.78757012382582,1490611622551
Present,184,1490611622553
SoundC,61.80460425887306,1490611632556
Present,169,1490611632559
SoundRight,85.84256988300092,1490611639573
SoundLeft,70.5390318503356,1490611641463
SoundC,56.45426312235056,1490611642561
Present,199,1490611642564
SoundC,50.159038478285424,1490611652566
Present,211,1490611652569
MoveFocus,GoTour,1490611657078
SoundC,51.62091662308819,1490611662571
Present,159,1490611662574
SoundC,64.61127993529891,1490611672576
Present,165,1490611672579
SoundC,58.433135904413454,1490611682581
Present,170,1490611682584
SoundC,48.55773214739296,1490611692586
Present,171,1490611692589
SoundRight,68.0998289029382,1490611699608
SoundLeft,51.62091662308819,1490611701469
SoundC,44.808697341762915,1490611702591
Present,200,1490611702594
SoundC,55.369951428718224,1490611712596
Present,190,1490611712599
MoveFocus,GoTour,1490611717188
SoundC,69.60540278108363,1490611722601
Present,187,1490611722604
SoundC,48.55773214739296,1490611732606
Present,197,1490611732609
SoundC,63.26648240367583,1490611742611
Present,195,1490611742614
SoundC,62.551438321825636,1490611752616
Present,198,1490611752619
SoundRight,76.25684571588656,1490611759642
SoundLeft,51.62091662308819,1490611761473
SoundC,48.55773214739296,1490611762630
Present,196,1490611762632
SoundC,63.95233273361063,1490611772635
Present,196,1490611772638
MoveFocus,GoTour,1490611777273
SoundC,60.20329792798059,1490611782640
Present,180,1490611782642
SoundC,52.96571415471127,1490611792645
Present,177,1490611792648
SoundC,51.62091662308819,1490611802650
Present,174,1490611802653
SoundC,51.62091662308819,1490611812655
Present,175,1490611812658
SoundRight,55.369951428718224,1490611819676
SoundLeft,60.20329792798059,1490611821477
SoundC,66.44593723960276,1490611822660
Present,204,1490611822663
SoundC,51.62091662308819,1490611832665
Present,195,1490611832668
MoveFocus,GoTour,1490611837378
SoundC,46.78757012382582,1490611842670
Present,204,1490611842673
SoundC,64.61127993529891,1490611852675
Present,211,1490611852678
SoundC,58.433135904413454,1490611862680
Present,183,1490611862683
SoundC,67.01551720930587,1490611872685
Present,178,1490611872688
SoundRight,56.45426312235056,1490611879711
SoundLeft,50.159038478285424,1490611881487
SoundC,62.551438321825636,1490611882691
Present,182,1490611882693
SoundC,50.159038478285424,1490611892696
Present,198,1490611892699
MoveFocus,GoTour,1490611897448
SoundC,55.369951428718224,1490611902701
Present,192,1490611902704
SoundC,48.55773214739296,1490611912706
Present,191,1490611912709
SoundC,57.472817393488484,1490611922711
Present,205,1490611922714
SoundC,51.62091662308819,1490611932716
Present,208,1490611932725
SoundRight,57.472817393488484,1490611939743
SoundLeft,61.80460425887306,1490611941492
SoundC,61.023021476191225,1490611942728
Present,207,1490611942731
SoundC,52.96571415471127,1490611952734
Present,209,1490611952737
MoveFocus,GoTour,1490611957513
SoundC,63.26648240367583,1490611962739
Present,201,1490611962742
SoundC,56.45426312235056,1490611972745
Present,165,1490611972748
SoundC,65.24535518573873,1490611982758
Present,146,1490611982761
SoundC,57.472817393488484,1490611992763
Present,151,1490611992765
SoundRight,75.59789851419828,1490611999778
SoundLeft,52.96571415471127,1490612001498
SoundC,63.26648240367583,1490612002768
Present,157,1490612002771
SoundC,54.210802194865956,1490612012779
Present,146,1490612012782
MoveFocus,GoTour,1490612017608
SoundC,57.472817393488484,1490612022784
Present,147,1490612022787
SoundC,58.433135904413454,1490612032789
Present,112,1490612032792
Exit,null,1490612033248
UserCount,8,1490612033248
SoundC,51.62091662308819,1490612042794
Present,111,1490612042797
SoundC,51.62091662308819,1490612052799
Present,153,1490612052802
Exit,null,1490612056390
UserCount,7,1490612056390
SoundRight,73.82773649063114,1490612059813
SoundC,65.24535518573873,1490612062804
Present,146,1490612062813
SoundLeft,50.159038478285424,1490612064363
SoundC,51.62091662308819,1490612072817
Present,184,1490612072819
MoveFocus,GoTour,1490612077698
SoundC,56.45426312235056,1490612082822
Present,187,1490612082825
SoundC,66.44593723960276,1490612092826
Present,172,1490612092829
SoundC,61.80460425887306,1490612102832
Present,169,1490612102834
SoundC,55.369951428718224,1490612112837
Present,158,1490612112839
SoundRight,65.8563679754536,1490612119847
SoundC,60.20329792798059,1490612122842
Present,158,1490612122845
SoundLeft,58.433135904413454,1490612124368
SoundC,52.96571415471127,1490612132853
Present,167,1490612132856
MoveFocus,GoTour,1490612138070
SoundC,65.24535518573873,1490612142858
Present,173,1490612142860
SoundC,63.26648240367583,1490612152868
Present,161,1490612152870
SoundC,52.96571415471127,1490612162874
Present,166,1490612162877
SoundC,71.42349921662418,1490612172880
Present,161,1490612172883
SoundRight,81.72426746558874,1490612179882
SoundC,71.42349921662418,1490612182886
Present,172,1490612182889
SoundLeft,68.0998289029382,1490612184373
SoundC,50.159038478285424,1490612192894
Present,146,1490612192897
MoveFocus,GoTour,1490612198255
SoundC,60.20329792798059,1490612202899
Present,165,1490612202902
SoundC,51.62091662308819,1490612212906
Present,161,1490612212909
SoundC,50.159038478285424,1490612222913
Present,158,1490612222916
SoundC,67.01551720930587,1490612232920
Present,170,1490612232922
SoundRight,63.95233273361063,1490612239917
SoundC,67.56641902255494,1490612242931
Present,155,1490612242933
SoundLeft,55.369951428718224,1490612244381
SoundC,56.45426312235056,1490612252936
Present,168,1490612252938
MoveFocus,GoTour,1490612258405
SoundC,65.8563679754536,1490612262942
Present,167,1490612262944
SoundC,46.78757012382582,1490612272950
Present,163,1490612272952
SoundC,44.808697341762915,1490612282954
Present,162,1490612282957
SoundC,50.159038478285424,1490612292960
Present,150,1490612292962
SoundRight,55.369951428718224,1490612299951
SoundC,65.8563679754536,1490612302964
Present,148,1490612302967
SoundLeft,59.341519288975356,1490612305105
SoundC,50.159038478285424,1490612312970
Present,149,1490612312972
MoveFocus,GoTour,1490612318505
SoundC,54.210802194865956,1490612322974
Present,182,1490612322977
SoundC,51.62091662308819,1490612332988
Present,169,1490612332991
SoundC,48.55773214739296,1490612342994
Present,168,1490612342996
SoundC,65.8563679754536,1490612352998
Present,180,1490612353001
SoundRight,58.433135904413454,1490612359983
SoundC,67.56641902255494,1490612363003
Present,175,1490612363006
SoundLeft,46.78757012382582,1490612366566
SoundC,70.987085069563,1490612373009
Present,165,1490612373011
MoveFocus,GoTour,1490612378735
SoundC,46.78757012382582,1490612383013
Present,159,1490612383016
SoundC,52.96571415471127,1490612393019
Present,182,1490612393021
SoundC,48.55773214739296,1490612403023
Present,181,1490612403026
SoundC,46.78757012382582,1490612413028
Present,161,1490612413031
SoundRight,68.0998289029382,1490612420016
SoundC,44.808697341762915,1490612423033
Present,157,1490612423036
SoundLeft,63.26648240367583,1490612426571
SoundC,74.55832985633069,1490612433044
Present,156,1490612433047
MoveFocus,GoTour,1490612438815
SoundC,67.01551720930587,1490612443049
Present,172,1490612443052
User04Location,Unknown,1490612445205
SoundC,68.61682354019833,1490612453054
Present,182,1490612453057
SoundC,54.210802194865956,1490612463059
Present,162,1490612463062
SoundC,75.93060245540138,1490612473064
Present,199,1490612473068
SoundRight,73.45017003946069,1490612480046
SoundC,79.74539468352583,1490612483070
Present,187,1490612483073
User04Location,N1SeminarRoom825,1490612483378
SoundLeft,50.159038478285424,1490612486576
SoundC,50.159038478285424,1490612493075
Present,127,1490612493078
MoveFocus,GoTour,1490612498910
SoundC,55.369951428718224,1490612503080
Present,124,1490612503083
SoundC,73.45017003946069,1490612513085
Present,119,1490612513088
SoundC,55.369951428718224,1490612523090
Present,123,1490612523093
SoundC,58.433135904413454,1490612533095
Present,159,1490612533098
SoundRight,68.61682354019833,1490612540081
SoundC,63.26648240367583,1490612543100
Present,144,1490612543103
SoundLeft,61.023021476191225,1490612546582
SoundC,50.159038478285424,1490612553105
Present,157,1490612553108
MoveFocus,GoTour,1490612558995
SoundC,61.023021476191225,1490612563111
Present,174,1490612563113
SoundC,61.023021476191225,1490612573115
Present,145,1490612573118
SoundC,58.433135904413454,1490612583121
Present,160,1490612583123
SoundC,63.95233273361063,1490612593126
Present,126,1490612593129
SoundRight,59.341519288975356,1490612600113
SoundC,73.06392314376754,1490612603134
Present,128,1490612603137
SoundLeft,50.159038478285424,1490612606587
SoundC,60.20329792798059,1490612613140
Present,130,1490612613142
MoveFocus,GoTour,1490612622205
SoundC,50.159038478285424,1490612623144
Present,164,1490612623147
SoundC,58.433135904413454,1490612633150
Present,147,1490612633153
SoundC,52.96571415471127,1490612643155
Present,176,1490612643158
SoundC,50.159038478285424,1490612653160
Present,161,1490612653164
SoundRight,54.210802194865956,1490612660144
SoundC,80.76394895466376,1490612663172
Present,167,1490612663174
SoundLeft,50.159038478285424,1490612666595
SoundC,74.19700410241327,1490612673177
Present,133,1490612673180
MoveFocus,GoTour,1490612682291
SoundC,64.61127993529891,1490612683182
Present,152,1490612683185
SoundC,65.8563679754536,1490612693195
Present,155,1490612693198
SoundC,72.26372429269907,1490612703200
Present,144,1490612703203
SoundC,74.19700410241327,1490612713205
Present,168,1490612713208
SoundRight,74.55832985633069,1490612720181
SoundC,51.62091662308819,1490612723210
Present,145,1490612723213
SoundLeft,58.433135904413454,1490612726600
SoundC,42.56523641427832,1490612733215
Present,163,1490612733218
MoveFocus,GoTour,1490612742391
SoundC,57.472817393488484,1490612743220
Present,155,1490612743223
SoundC,60.20329792798059,1490612753225
Present,185,1490612753228
SoundC,78.09150302019039,1490612763230
Present,179,1490612763233
SoundC,59.341519288975356,1490612773235
Present,189,1490612773238
SoundRight,51.62091662308819,1490612780213
SoundC,54.210802194865956,1490612783240
Present,190,1490612783243
SoundLeft,60.20329792798059,1490612786604
SoundC,72.66858725677886,1490612793245
Present,217,1490612793248
MoveFocus,GoTour,1490612802506
SoundC,66.44593723960276,1490612803250
Present,205,1490612803253
SoundC,69.60540278108363,1490612813255
Present,204,1490612813258
SoundC,50.159038478285424,1490612823260
Present,208,1490612823263
SoundC,54.210802194865956,1490612833265
Present,198,1490612833268
SoundRight,57.472817393488484,1490612840246
SoundC,71.84886370856825,1490612843271
Present,198,1490612843273
SoundLeft,73.06392314376754,1490612846609
SoundC,51.62091662308819,1490612853275
Present,180,1490612853278
MoveFocus,GoTour,1490612862626
SoundC,70.987085069563,1490612863281
Present,185,1490612863283
SoundC,52.96571415471127,1490612873286
Present,185,1490612873289
SoundC,76.89092096632638,1490612883291
Present,186,1490612883294
User04Location,Unknown,1490612887835
SoundC,55.369951428718224,1490612893296
Present,188,1490612893299
SoundRight,56.45426312235056,1490612900283
User04Location,N1SeminarRoom825,1490612900368
SoundC,63.95233273361063,1490612903314
Present,182,1490612903317
SoundLeft,50.159038478285424,1490612906623
SoundC,55.369951428718224,1490612913320
Present,178,1490612913322
MoveFocus,GoTour,1490612922716
SoundC,55.369951428718224,1490612923324
Present,183,1490612923328
SoundC,56.45426312235056,1490612933330
Present,177,1490612933333
SoundC,46.78757012382582,1490612943350
Present,173,1490612943353
SoundC,64.61127993529891,1490612953364
Present,171,1490612953372
SoundRight,56.45426312235056,1490612960313
SoundC,63.26648240367583,1490612963377
Present,169,1490612963380
SoundLeft,80.26238932078596,1490612966628
SoundC,69.11838317407611,1490612973382
Present,170,1490612973385
MoveFocus,GoTour,1490612982891
SoundC,44.808697341762915,1490612983387
Present,191,1490612983390
SoundC,75.93060245540138,1490612993392
Present,198,1490612993395
SoundC,46.78757012382582,1490613003397
Present,149,1490613003400
SoundC,51.62091662308819,1490613013402
Present,158,1490613013405
SoundRight,57.472817393488484,1490613020348
SoundC,65.8563679754536,1490613023407
Present,154,1490613023410
SoundLeft,48.55773214739296,1490613026633
SoundC,60.20329792798059,1490613033412
Present,179,1490613033415
MoveFocus,GoTour,1490613042991
SoundC,51.62091662308819,1490613043418
Present,200,1490613043420
SoundC,74.55832985633069,1490613053423
Present,197,1490613053425
SoundC,70.987085069563,1490613063427
Present,194,1490613063430
SoundC,55.369951428718224,1490613073432
Present,182,1490613073435
SoundRight,76.25684571588656,1490613080379
SoundC,51.62091662308819,1490613083437
Present,185,1490613083440
SoundLeft,52.96571415471127,1490613086638
SoundC,69.60540278108363,1490613093442
Present,183,1490613093445
MoveFocus,GoTour,1490613103046
SoundC,39.975350842500546,1490613103448
Present,191,1490613103451
SoundC,65.24535518573873,1490613113453
Present,221,1490613113456
SoundC,61.023021476191225,1490613123458
Present,221,1490613123461
SoundC,73.45017003946069,1490613133463
Present,189,1490613133466
SoundRight,88.53648674691401,1490613140413
SoundC,55.369951428718224,1490613143468
Present,189,1490613143471
SoundLeft,54.210802194865956,1490613146648
SoundC,48.55773214739296,1490613153473
Present,175,1490613153476
MoveFocus,GoTour,1490613163146
SoundC,44.808697341762915,1490613163478
Present,200,1490613163481
SoundC,52.96571415471127,1490613173483
Present,178,1490613173486
SoundC,71.84886370856825,1490613183489
Present,179,1490613183491
SoundC,60.20329792798059,1490613193494
Present,176,1490613193496
SoundRight,74.55832985633069,1490613200443
SoundC,55.369951428718224,1490613203499
Present,179,1490613203502
SoundLeft,71.42349921662418,1490613206660
SoundC,65.24535518573873,1490613213504
Present,159,1490613213507
MoveFocus,GoTour,1490613223221
SoundC,65.8563679754536,1490613223509
Present,166,1490613223512
SoundC,63.26648240367583,1490613233514
Present,168,1490613233517
SoundC,50.159038478285424,1490613243519
Present,165,1490613243522
SoundC,59.341519288975356,1490613253524
Present,162,1490613253527
SoundRight,54.210802194865956,1490613260479
SoundC,50.159038478285424,1490613263530
Present,184,1490613263533
SoundLeft,52.96571415471127,1490613266669
SoundC,48.55773214739296,1490613273535
Present,192,1490613273538
MoveFocus,GoTour,1490613283326
SoundC,70.987085069563,1490613283540
Present,193,1490613283543
SoundC,68.61682354019833,1490613293545
Present,211,1490613293548
SoundC,70.5390318503356,1490613303550
Present,185,1490613303553
SoundC,60.20329792798059,1490613313555
Present,184,1490613313558
SoundRight,54.210802194865956,1490613320511
SoundC,46.78757012382582,1490613323560
Present,187,1490613323563
SoundLeft,64.61127993529891,1490613326673
SoundC,63.26648240367583,1490613333565
Present,177,1490613333568
MoveFocus,GoTour,1490613343436
SoundC,51.62091662308819,1490613343571
Present,187,1490613343573
User04Location,Unknown,1490613343739
SoundC,42.56523641427832,1490613353576
Present,216,1490613353578
SoundC,48.55773214739296,1490613363580
Present,191,1490613363583
SoundC,60.20329792798059,1490613373586
Present,186,1490613373588
SoundRight,59.341519288975356,1490613380543
SoundC,50.159038478285424,1490613383591
Present,144,1490613383593
SoundLeft,51.62091662308819,1490613386678
SoundC,52.96571415471127,1490613393596
Present,158,1490613393598
User04Location,N1SeminarRoom825,1490613398290
MoveFocus,GoTour,1490613403507
SoundC,56.45426312235056,1490613403601
Present,190,1490613403603
SoundC,67.56641902255494,1490613413606
Present,90,1490613413609
SoundC,46.78757012382582,1490613423611
Present,103,1490613423614
SoundC,54.210802194865956,1490613433616
Present,107,1490613433619
SoundRight,80.76394895466376,1490613440574
SoundC,52.96571415471127,1490613443621
Present,89,1490613443623
SoundLeft,61.023021476191225,1490613446683
SoundC,51.62091662308819,1490613453625
Present,100,1490613453628
MoveFocus,GoTour,1490613463607
SoundC,44.808697341762915,1490613463631
Present,97,1490613463634
SoundC,65.24535518573873,1490613473636
Present,102,1490613473638
SoundC,51.62091662308819,1490613483641
Present,109,1490613483644
SoundC,46.78757012382582,1490613493646
Present,105,1490613493649
SoundRight,83.06906499721183,1490613500609
SoundC,65.24535518573873,1490613503651
Present,107,1490613503654
SoundLeft,63.26648240367583,1490613506688
SoundC,59.341519288975356,1490613513656
Present,97,1490613513659
SoundC,46.78757012382582,1490613523661
Present,101,1490613523664
MoveFocus,GoTour,1490613523722
SoundC,48.55773214739296,1490613533666
Present,103,1490613533669
SoundC,52.96571415471127,1490613543671
Present,100,1490613543674
SoundC,48.55773214739296,1490613553676
Present,102,1490613553679
SoundRight,76.25684571588656,1490613560643
SoundC,61.023021476191225,1490613563689
Present,107,1490613563692
SoundLeft,61.023021476191225,1490613566693
SoundC,50.159038478285424,1490613573694
Present,86,1490613573699
SoundC,52.96571415471127,1490613583701
Present,100,1490613583704
MoveFocus,GoTour,1490613583797
SoundC,46.78757012382582,1490613593706
Present,119,1490613593708
SoundC,55.369951428718224,1490613603710
Present,99,1490613603713
TurnOffLightGroup1,null,1490613605243
TurnOffLightGroup3,null,1490613605250
LightGroup1,Off,1490613605273
LightGroup3,Off,1490613605313
TurnOnLightGroup1,null,1490613613093
TurnOnLightGroup3,null,1490613613111
Color,cyan,1490613613149
LightGroup1,On,1490613613169
Color,cyan,1490613613229
LightGroup3,On,1490613613268
SoundC,54.210802194865956,1490613613716
Present,104,1490613613718
SoundRight,69.11838317407611,1490613620676
SoundC,48.55773214739296,1490613623721
Present,88,1490613623723
SoundLeft,55.369951428718224,1490613626705
SoundC,51.62091662308819,1490613633726
Present,111,1490613633729
SoundC,60.20329792798059,1490613643731
Present,115,1490613643734
MoveFocus,GoTour,1490613643932
Exit,null,1490613647682
UserCount,6,1490613647683
Exit,null,1490613650325
UserCount,5,1490613650325
SoundC,65.8563679754536,1490613653736
Present,94,1490613653739
ProjectorPower,Off,1490613660147
SoundC,51.62091662308819,1490613663741
Present,94,1490613663744
Exit,null,1490613672313
UserCount,4,1490613672313
SoundC,65.24535518573873,1490613673746
Present,88,1490613673749
Exit,null,1490613674261
UserCount,3,1490613674261
SoundRight,82.85227489256374,1490613680709
SoundC,57.472817393488484,1490613683765
Present,99,1490613683768
SoundLeft,51.62091662308819,1490613686711
SoundC,48.55773214739296,1490613693770
Present,101,1490613693773
Exit,null,1490613695592
UserCount,2,1490613695592
SoundC,55.369951428718224,1490613703775
Present,103,1490613703778
MoveFocus,GoTour,1490613704052
Exit,null,1490613707628
UserCount,1,1490613707628
Exit,null,1490613712995
UserCount,0,1490613712995
LightGroup2,Off,1490613713300
SoundC,51.62091662308819,1490613713780
Present,100,1490613713783
