SoundWall0,54.082220880663684,1529234360191
SoundWall1,56.93534096636908,1529234360202
SoundWall2,70.52683594647277,1529234360217
SoundC,74.55832985633069,1529234362468
Present,99,1529234362471
Mtest1,true,1529234362897
SeminarNumber,46,1529234362961
InferredPresence,true,1529234363942
TurnOnLightGroup2,null,1529234364278
Color,yellow,1529234364310
LightGroup2,On,1529234364336
SoundCenter0,57.7315056964335,1529234366174
SoundCenter1,51.713091679882474,1529234366176
SoundCenter2,51.315325004814106,1529234366177
tiltAircon1_Pitch,162.78,1529234366617
tiltAircon1_Roll,179.76,1529234366617
SoundWall0,55.85431472122683,1529234370191
SoundWall1,58.09160394419086,1529234370202
SoundWall2,70.7083828017999,1529234370209
SoundC,72.26372429269907,1529234372473
Present,93,1529234372475
SoundCenter0,59.65614102092217,1529234376174
SoundCenter1,52.86076253139266,1529234376177
SoundCenter2,52.503700889686776,1529234376178
SoundWall0,56.55914337767865,1529234380191
SoundWall1,58.83318097683814,1529234380202
SoundWall2,71.12389199535532,1529234380214
SoundC,73.06392314376754,1529234382480
Present,100,1529234382482
tiltAircon0_Pitch,163.18,1529234382617
tiltAircon0_Roll,177.14,1529234382617
seat5AOccupied,true,1529234384617
totalSeatCount,1,1529234384617
SoundCenter0,60.14400280601742,1529234386174
SoundCenter1,53.33671072294448,1529234386177
SoundCenter2,53.23203321723272,1529234386178
SoundWall0,56.70220399957141,1529234390191
SoundWall1,59.210197022187046,1529234390202
SoundWall2,71.20975880620696,1529234390217
SoundC,74.91204818426347,1529234392486
Present,87,1529234392489
Mtest1,true,1529234393168
SoundCenter0,59.66846167606261,1529234396174
SoundCenter1,53.299556642447556,1529234396177
SoundCenter2,53.246214306484184,1529234396178
tiltTest_Pitch,2.28,1529234396454
tiltTest_Roll,-0.29,1529234396454
SoundWall0,57.283697037130906,1529234400191
SoundWall1,59.48026140117572,1529234400202
SoundWall2,71.01287534303668,1529234400217
SoundC,73.82773649063114,1529234402490
Present,98,1529234402493
SoundCenter0,60.32650004224554,1529234406174
SoundCenter1,54.34494034725165,1529234406177
SoundCenter2,54.03889928479864,1529234406178
SoundWall0,58.54780644985861,1529234410191
SoundWall1,60.27787722727393,1529234410210
SoundWall2,71.40564572311742,1529234410230
SoundC,74.19700410241327,1529234412494
Present,109,1529234412497
SoundCenter0,59.79331169433083,1529234416174
SoundCenter1,54.92243498894159,1529234416176
SoundCenter2,54.36116811594239,1529234416177
SoundWall0,58.88608805920897,1529234420191
SoundWall1,60.670163543362875,1529234420201
SoundWall2,71.940102171542,1529234420223
SoundC,73.06392314376754,1529234422498
Present,103,1529234422501
SoundCenter0,59.49785581216538,1529234426174
SoundCenter1,55.95623064080282,1529234426176
SoundCenter2,54.80207175838684,1529234426176
tiltAircon1_Pitch,-151.77,1529234426454
tiltAircon1_Roll,178.02,1529234426454
Mtest1,false,1529234429454
SoundWall0,58.09031416870468,1529234430191
SoundWall1,61.15808260569329,1529234430201
SoundWall2,72.3393595533018,1529234430221
SoundC,72.66858725677886,1529234432505
Present,92,1529234432507
SoundCenter0,59.611112528002735,1529234436174
SoundCenter1,56.31647445923825,1529234436176
SoundCenter2,55.24628924621339,1529234436177
seat5BOccupied,false,1529234439454
totalSeatCount,1,1529234439454
SoundWall0,58.756816117526746,1529234440191
SoundWall1,61.737741254561335,1529234440201
SoundWall2,72.77601439864159,1529234440213
SoundC,73.45017003946069,1529234442509
Present,101,1529234442511
tiltAircon0_Pitch,163.18,1529234443454
tiltAircon0_Roll,177.26,1529234443454
SoundCenter0,61.23402156016048,1529234446174
SoundCenter1,57.53987070435901,1529234446176
SoundCenter2,56.223075044960105,1529234446177
SoundWall0,60.176283120961244,1529234450191
SoundWall1,63.00446075911518,1529234450201
SoundWall2,73.35230201114989,1529234450220
SoundC,73.06392314376754,1529234452513
Present,106,1529234452516
SoundCenter0,63.67231677312243,1529234456174
SoundCenter1,59.36242542719513,1529234456176
SoundCenter2,57.92358310802021,1529234456178
tiltTest_Pitch,2.21,1529234457454
tiltTest_Roll,0.05,1529234457454
SoundWall0,61.39768260055808,1529234460192
SoundWall1,64.75716818196244,1529234460204
SoundWall2,74.32839634303613,1529234460218
SoundC,73.06392314376754,1529234462520
Present,88,1529234462524
SoundCenter0,63.80204088937138,1529234466174
SoundCenter1,59.99688398781461,1529234466176
SoundCenter2,58.319799455257616,1529234466177
SoundWall0,61.915240237894764,1529234470191
SoundWall1,65.52217531333935,1529234470202
SoundWall2,74.63043059897441,1529234470217
SoundC,72.66858725677886,1529234472528
Present,102,1529234472532
SoundCenter0,64.77163643499081,1529234476174
SoundCenter1,60.8018295290491,1529234476177
SoundCenter2,58.905381390741155,1529234476177
seat5AOccupied,false,1529234479454
totalSeatCount,0,1529234479454
SoundWall0,62.33446804462067,1529234480191
SoundWall1,66.05211069396118,1529234480201
SoundWall2,74.55224840058477,1529234480217
SoundC,74.55832985633069,1529234482536
Present,99,1529234482538
seat5AOccupied,true,1529234484454
totalSeatCount,1,1529234484454
InferredPresence,false,1529234485465
SoundCenter0,64.490062114327,1529234486174
SoundCenter1,60.26981829066653,1529234486176
SoundCenter2,58.771384420041734,1529234486179
tiltAircon1_Pitch,-154.23,1529234489132
tiltAircon1_Roll,177.56,1529234489132
SoundWall0,62.73924731921567,1529234490191
SoundWall1,66.31409349963911,1529234490203
SoundWall2,74.67545074303221,1529234490220
SoundC,73.82773649063114,1529234492540
Present,112,1529234492542
SoundCenter0,64.69823719338333,1529234496174
SoundCenter1,60.3638261202051,1529234496176
SoundCenter2,58.6992383507918,1529234496179
SoundWall0,62.66345072435407,1529234500191
SoundWall1,66.69744543490307,1529234500217
SoundWall2,74.85774514162556,1529234500228
SoundC,73.06392314376754,1529234502550
Present,105,1529234502552
tiltAircon0_Pitch,163.25,1529234504132
tiltAircon0_Roll,177.26,1529234504132
SoundCenter0,64.77230542320147,1529234506174
SoundCenter1,60.19902000872275,1529234506176
SoundCenter2,58.45125987889894,1529234506178
SoundWall0,62.414018550394104,1529234510191
SoundWall1,66.68283800188058,1529234510201
SoundWall2,74.85209055436827,1529234510214
SoundC,73.45017003946069,1529234512554
Present,96,1529234512557
SoundCenter0,63.68616911565879,1529234516174
SoundCenter1,59.51425654759607,1529234516176
SoundCenter2,57.551649503436394,1529234516178
tiltTest_Pitch,2.16,1529234517132
tiltTest_Roll,0.0,1529234517132
SoundWall0,61.50887837304036,1529234520191
SoundWall1,66.42855391947074,1529234520215
SoundWall2,74.64712358250397,1529234520228
SoundC,72.66858725677886,1529234522558
Present,124,1529234522561
SoundCenter0,63.76382947661137,1529234526174
SoundCenter1,58.96755525368879,1529234526176
SoundCenter2,57.33424882553368,1529234526177
SoundWall0,60.952440417559714,1529234530191
SoundWall1,65.88623299302097,1529234530202
SoundWall2,74.40321944049933,1529234530218
SoundC,74.19700410241327,1529234532562
Present,94,1529234532567
SoundCenter0,64.53559784585794,1529234536174
SoundCenter1,59.09127578820612,1529234536176
SoundCenter2,57.96298914941851,1529234536177
SoundWall0,61.47709235975869,1529234540191
SoundWall1,66.52705579889282,1529234540201
SoundWall2,74.6384362975865,1529234540216
SoundC,72.26372429269907,1529234542569
Present,108,1529234542571
SoundCenter0,65.88547461055114,1529234546174
SoundCenter1,60.03004216640151,1529234546176
SoundCenter2,59.10648158860628,1529234546177
tiltAircon1_Pitch,-153.72,1529234549132
tiltAircon1_Roll,178.28,1529234549132
SoundWall0,61.785421267299846,1529234550191
SoundWall1,66.56144855070613,1529234550201
SoundWall2,74.83118383715674,1529234550216
SoundC,73.45017003946069,1529234552573
Present,102,1529234552576
SoundCenter0,65.4651208230727,1529234556174
SoundCenter1,60.37086693469778,1529234556176
SoundCenter2,59.35820762411168,1529234556177
SoundWall0,61.72305478883607,1529234560191
SoundWall1,66.30776085341121,1529234560201
SoundWall2,74.71606719231441,1529234560223
SoundC,72.66858725677886,1529234562580
Present,80,1529234562583
tiltAircon0_Pitch,163.06,1529234564133
tiltAircon0_Roll,179.76,1529234564133
SoundCenter0,64.65827433748163,1529234566175
SoundCenter1,60.01374041376231,1529234566175
SoundCenter2,58.86803382584218,1529234566176
SoundWall0,61.25469254460049,1529234570191
SoundWall1,65.74387462799746,1529234570201
SoundWall2,74.68400647837557,1529234570223
SoundC,73.82773649063114,1529234572585
Present,96,1529234572587
SoundCenter0,63.91040222454178,1529234576174
SoundCenter1,59.47473004667952,1529234576176
SoundCenter2,58.43222694754973,1529234576176
tiltTest_Pitch,4.83,1529234577133
tiltTest_Roll,-0.05,1529234577133
SoundWall0,61.313206427816354,1529234580191
SoundWall1,64.87860882758119,1529234580201
SoundWall2,74.35829883282248,1529234580213
SoundC,72.66858725677886,1529234582592
Present,93,1529234582595
SoundCenter0,63.90462848047022,1529234586174
SoundCenter1,59.44569174771171,1529234586177
SoundCenter2,58.281551476778716,1529234586178
seat2AOccupied,false,1529234588133
totalSeatCount,1,1529234588133
SoundWall0,61.08545097986935,1529234590191
SoundWall1,64.72179177953191,1529234590201
SoundWall2,74.37137209781112,1529234590213
SoundC,75.59789851419828,1529234592599
Present,106,1529234592601
SoundCenter0,62.770683069716966,1529234596174
SoundCenter1,59.19486480328381,1529234596177
SoundCenter2,57.104705284185144,1529234596177
SoundWall0,60.46033193508128,1529234600191
SoundWall1,63.887202059200376,1529234600201
SoundWall2,74.15295860669364,1529234600213
SoundC,73.82773649063114,1529234602605
Present,86,1529234602607
SoundCenter0,61.865099750572455,1529234606174
SoundCenter1,58.35880208943562,1529234606177
SoundCenter2,55.84352741640363,1529234606178
tiltAircon1_Pitch,199.98,1529234610133
tiltAircon1_Roll,199.98,1529234610133
SoundWall0,59.78921775239142,1529234610191
SoundWall1,63.35529710066947,1529234610201
SoundWall2,73.67018777576315,1529234610213
SoundC,71.84886370856825,1529234612609
Present,119,1529234612612
SoundCenter0,61.85857072816162,1529234616174
SoundCenter1,57.87928173080547,1529234616176
SoundCenter2,55.35526740323395,1529234616177
SoundWall0,59.44719848694929,1529234620191
SoundWall1,62.88350089755379,1529234620201
SoundWall2,73.68510538897435,1529234620216
SoundC,73.82773649063114,1529234622616
Present,102,1529234622619
tiltAircon0_Pitch,163.04,1529234624512
tiltAircon0_Roll,179.94,1529234624512
SoundCenter0,62.09326394542324,1529234626174
SoundCenter1,57.82683002857814,1529234626177
SoundCenter2,55.37495302432162,1529234626178
seat4BOccupied,true,1529234627512
totalSeatCount,2,1529234627512
SoundWall0,59.44392028956802,1529234630191
SoundWall1,63.04675904598917,1529234630201
SoundWall2,73.49608076928432,1529234630213
SoundC,74.19700410241327,1529234632622
Present,123,1529234632625
SoundCenter0,63.53564359894206,1529234636174
SoundCenter1,58.46494976848765,1529234636177
SoundCenter2,56.255205078052676,1529234636178
tiltTest_Pitch,2.44,1529234637565
tiltTest_Roll,0.0,1529234637565
SoundWall0,59.93572132382109,1529234640192
SoundWall1,63.890115973843855,1529234640201
SoundWall2,73.8422286974052,1529234640213
SoundC,72.66858725677886,1529234642629
Present,111,1529234642631
SoundCenter0,63.74026606917739,1529234646174
SoundCenter1,58.698478960506215,1529234646176
SoundCenter2,56.53845900363709,1529234646177
SoundWall0,60.66777718216121,1529234650191
SoundWall1,64.3808807284406,1529234650201
SoundWall2,74.04132146668488,1529234650213
SoundC,72.26372429269907,1529234652633
Present,101,1529234652636
SoundCenter0,63.94537359985987,1529234656174
SoundCenter1,58.62428532226799,1529234656176
SoundCenter2,56.932845780172585,1529234656177
SoundWall0,61.115315449943665,1529234660191
SoundWall1,64.93344509968902,1529234660201
SoundWall2,74.28304782086066,1529234660213
SoundC,72.66858725677886,1529234662638
Present,67,1529234662640
SoundCenter0,64.14965212776679,1529234666174
SoundCenter1,58.78407208563646,1529234666177
SoundCenter2,57.04385535789748,1529234666178
SoundWall0,61.155775650835764,1529234670191
SoundWall1,64.97227872774005,1529234670201
SoundWall2,74.65008682571157,1529234670213
tiltAircon1_Pitch,-152.39,1529234670565
tiltAircon1_Roll,177.9,1529234670565
SoundC,74.19700410241327,1529234672643
Present,93,1529234672646
SoundCenter0,63.234919208206975,1529234676174
SoundCenter1,58.8168424450676,1529234676176
SoundCenter2,56.86844750917847,1529234676177
SoundWall0,61.403192484776035,1529234680191
SoundWall1,65.24577519101436,1529234680202
SoundWall2,74.41787649501619,1529234680213
SoundC,74.19700410241327,1529234682649
Present,109,1529234682651
tiltAircon0_Pitch,163.14,1529234685565
tiltAircon0_Roll,179.94,1529234685565
SoundCenter0,63.576834774162904,1529234686174
SoundCenter1,59.26348332339998,1529234686177
SoundCenter2,57.258217911560926,1529234686177
SoundWall0,61.630773528755846,1529234690191
SoundWall1,65.56234950739533,1529234690202
SoundWall2,74.67599302086388,1529234690219
SoundC,71.42349921662418,1529234692653
Present,97,1529234692657
SoundCenter0,62.549237507390146,1529234696174
SoundCenter1,58.86850857239277,1529234696177
SoundCenter2,56.706818088363676,1529234696177
tiltTest_Pitch,2.22,1529234697565
tiltTest_Roll,-0.05,1529234697565
SoundWall0,61.12181470191852,1529234700191
SoundWall1,65.21799227202372,1529234700215
SoundWall2,74.60430892491603,1529234700230
SoundC,73.82773649063114,1529234702661
Present,95,1529234702664
SoundCenter0,62.3293357724599,1529234706174
SoundCenter1,58.7246707627642,1529234706176
SoundCenter2,56.535601325755216,1529234706177
SoundWall0,60.859439864387085,1529234710191
SoundWall1,65.0386419748264,1529234710215
SoundWall2,74.4466178639723,1529234710226
SoundC,73.45017003946069,1529234712669
Present,96,1529234712672
SoundCenter0,61.95937238258927,1529234716174
SoundCenter1,58.39194811376323,1529234716176
SoundCenter2,56.02123136390421,1529234716177
SoundWall0,60.408942114077654,1529234720191
SoundWall1,64.60745741802882,1529234720201
SoundWall2,74.22582003157387,1529234720215
SoundC,72.26372429269907,1529234722677
Present,95,1529234722680
SoundCenter0,60.86886004163683,1529234726174
SoundCenter1,57.7320656818898,1529234726177
SoundCenter2,55.510987522819555,1529234726178
SoundWall0,60.19007591608863,1529234730191
SoundWall1,64.15376019261842,1529234730201
SoundWall2,74.0431844162035,1529234730221
tiltAircon1_Pitch,-153.86,1529234730565
tiltAircon1_Roll,177.71,1529234730565
SoundC,74.19700410241327,1529234732685
Present,84,1529234732688
SoundCenter0,61.01817047776912,1529234736174
SoundCenter1,57.13747199186944,1529234736176
SoundCenter2,54.782467776449224,1529234736177
SoundWall0,59.839582336954976,1529234740191
SoundWall1,63.84247772947583,1529234740201
SoundWall2,73.92697976764771,1529234740213
SoundC,73.45017003946069,1529234742692
Present,100,1529234742696
tiltAircon0_Pitch,163.03,1529234745565
tiltAircon0_Roll,180.0,1529234745565
SoundCenter0,60.77229918360355,1529234746174
SoundCenter1,56.86650499407326,1529234746176
SoundCenter2,54.258178547106574,1529234746177
SoundWall0,59.28381479820871,1529234750191
SoundWall1,62.99611884998065,1529234750201
SoundWall2,73.79520632930702,1529234750215
SoundC,73.06392314376754,1529234752700
Present,110,1529234752703
SoundCenter0,61.38090464163339,1529234756174
SoundCenter1,56.92167082091653,1529234756177
SoundCenter2,54.080482998437766,1529234756177
tiltTest_Pitch,2.26,1529234757565
tiltTest_Roll,-0.17,1529234757565
SoundWall0,58.995119826728946,1529234760191
SoundWall1,62.824359232677814,1529234760201
SoundWall2,73.67625684729882,1529234760213
SoundC,73.06392314376754,1529234762708
Present,111,1529234762710
SoundCenter0,60.945064853781716,1529234766174
SoundCenter1,56.77019644327928,1529234766176
SoundCenter2,53.754032068946714,1529234766177
SoundWall0,58.73853151154528,1529234770191
SoundWall1,62.87910830859842,1529234770201
SoundWall2,73.78876753825088,1529234770213
SoundC,72.26372429269907,1529234772712
Present,107,1529234772714
SoundCenter0,61.59018549005775,1529234776174
SoundCenter1,57.19540842297384,1529234776176
SoundCenter2,54.13602931837394,1529234776178
SoundWall0,58.64934299759072,1529234780191
SoundWall1,62.76969429073292,1529234780201
SoundWall2,73.80126043877482,1529234780220
SoundC,72.26372429269907,1529234782716
Present,118,1529234782719
SoundCenter0,61.08309623298518,1529234786174
SoundCenter1,57.07393776938566,1529234786177
SoundCenter2,54.18172195378905,1529234786177
SoundWall0,58.737544753862544,1529234790191
SoundWall1,62.68412187173568,1529234790202
SoundWall2,73.71762320153547,1529234790223
tiltAircon1_Pitch,-152.94,1529234790565
tiltAircon1_Roll,177.51,1529234790565
SoundC,72.66858725677886,1529234792724
Present,103,1529234792727
SoundCenter0,61.4196440521706,1529234796174
SoundCenter1,57.21982173083538,1529234796176
SoundCenter2,54.916313327440896,1529234796176
SoundWall0,58.85392616610002,1529234800191
SoundWall1,62.561566498573285,1529234800201
SoundWall2,73.88278093350024,1529234800223
SoundC,73.06392314376754,1529234802731
Present,127,1529234802735
tiltAircon0_Pitch,163.25,1529234805565
tiltAircon0_Roll,179.53,1529234805565
SoundCenter0,60.24118104783674,1529234806174
SoundCenter1,56.89805768087157,1529234806176
SoundCenter2,54.69771983309644,1529234806177
SoundWall0,58.891376376033165,1529234810191
SoundWall1,62.93174379688512,1529234810202
SoundWall2,73.8151661931418,1529234810218
SoundC,73.82773649063114,1529234812739
Present,71,1529234812741
SoundCenter0,59.5226064196948,1529234816174
SoundCenter1,56.7926376862996,1529234816176
SoundCenter2,54.436031390831616,1529234816177
tiltTest_Pitch,2.15,1529234818565
tiltTest_Roll,-0.23,1529234818565
SoundWall0,59.26572045379598,1529234820191
SoundWall1,62.69618026404386,1529234820203
SoundWall2,73.89514897217249,1529234820217
SoundC,73.45017003946069,1529234822743
Present,78,1529234822747
SoundCenter0,60.36731947979592,1529234826174
SoundCenter1,57.26392621016638,1529234826176
SoundCenter2,54.715495207656545,1529234826177
SoundWall0,59.73110536794552,1529234830191
SoundWall1,62.738138568199766,1529234830202
SoundWall2,74.09827010875095,1529234830216
SoundC,73.45017003946069,1529234832750
Present,99,1529234832754
SoundCenter0,60.23426605148318,1529234836174
SoundCenter1,56.927300826677346,1529234836176
SoundCenter2,54.70818558276923,1529234836177
SoundWall0,59.50422792613577,1529234840191
SoundWall1,63.038630515811406,1529234840201
SoundWall2,74.40193529354194,1529234840224
SoundC,73.82773649063114,1529234842758
Present,103,1529234842762
SoundCenter0,61.17491066788124,1529234846174
SoundCenter1,57.19803765888789,1529234846176
SoundCenter2,54.685502612751876,1529234846177
SoundWall0,59.24816699521555,1529234850191
SoundWall1,63.321218078623474,1529234850202
SoundWall2,74.65419687395165,1529234850224
tiltAircon1_Pitch,-152.74,1529234851565
tiltAircon1_Roll,178.03,1529234851565
SoundC,73.06392314376754,1529234852766
Present,106,1529234852769
SoundCenter0,61.598093803340284,1529234856174
SoundCenter1,57.23062552627797,1529234856177
SoundCenter2,54.45669844005938,1529234856178
SoundWall0,59.06466318874239,1529234860191
SoundWall1,63.564973675762126,1529234860202
SoundWall2,74.88761223093151,1529234860214
SoundC,72.66858725677886,1529234862773
Present,84,1529234862777
tiltAircon0_Pitch,163.32,1529234865565
tiltAircon0_Roll,179.53,1529234865565
SoundCenter0,62.89356706069835,1529234866174
SoundCenter1,57.69204874070137,1529234866176
SoundCenter2,55.20118743917551,1529234866177
SoundWall0,59.405792023648026,1529234870191
SoundWall1,63.35061905266873,1529234870202
SoundWall2,75.12335440811749,1529234870220
SoundC,73.82773649063114,1529234872781
Present,99,1529234872784
SoundCenter0,63.586746389257904,1529234876174
SoundCenter1,57.89373049574777,1529234876176
SoundCenter2,55.74708738172269,1529234876177
tiltTest_Pitch,2.09,1529234878565
tiltTest_Roll,-0.17,1529234878565
SoundWall0,59.13164726898827,1529234880191
SoundWall1,63.320203446224745,1529234880201
SoundWall2,75.17496806203098,1529234880213
SoundC,72.26372429269907,1529234882788
Present,99,1529234882792
SoundCenter0,62.97544587186449,1529234886174
SoundCenter1,57.422316610842955,1529234886176
SoundCenter2,55.5156993190878,1529234886177
SoundWall0,58.550470957118186,1529234890191
SoundWall1,63.10283585353111,1529234890202
SoundWall2,74.92353080493767,1529234890216
SoundC,73.45017003946069,1529234892796
Present,94,1529234892799
SoundCenter0,62.856723188044725,1529234896174
SoundCenter1,57.30713729162221,1529234896176
SoundCenter2,55.11677418309022,1529234896177
SoundWall0,58.7373471402578,1529234900191
SoundWall1,63.01636666994821,1529234900202
SoundWall2,75.01409372878926,1529234900222
SoundC,73.45017003946069,1529234902803
Present,67,1529234902807
SoundCenter0,62.898955079586024,1529234906174
SoundCenter1,57.38308941394194,1529234906175
SoundCenter2,55.25874054115876,1529234906177
SoundWall0,58.900315377079856,1529234910191
SoundWall1,62.82986018414514,1529234910202
SoundWall2,74.73499902923122,1529234910218
tiltAircon1_Pitch,-153.77,1529234911566
tiltAircon1_Roll,177.63,1529234911566
SoundC,72.26372429269907,1529234912811
Present,85,1529234912814
SoundCenter0,62.45872166838972,1529234916174
SoundCenter1,57.50948955423465,1529234916176
SoundCenter2,55.20793999927298,1529234916177
SoundWall0,59.313669842726696,1529234920191
SoundWall1,62.504889966811184,1529234920215
SoundWall2,74.5814773259191,1529234920230
SoundC,73.45017003946069,1529234922818
Present,104,1529234922822
tiltAircon0_Pitch,163.19,1529234925566
tiltAircon0_Roll,179.88,1529234925566
SoundCenter0,61.65575898632619,1529234926174
SoundCenter1,57.1505300322744,1529234926176
SoundCenter2,54.460907489969415,1529234926177
SoundWall0,58.83492850815297,1529234930191
SoundWall1,62.38952990696749,1529234930215
SoundWall2,74.38897592290634,1529234930238
SoundC,72.26372429269907,1529234932826
Present,96,1529234932829
SoundCenter0,61.63779487113145,1529234936174
SoundCenter1,57.02580284598389,1529234936177
SoundCenter2,54.47729450538244,1529234936178
tiltTest_Pitch,2.09,1529234938616
tiltTest_Roll,-0.17,1529234938616
SoundWall0,58.821036077413936,1529234940192
SoundWall1,62.427454275277036,1529234940202
SoundWall2,74.2504343588652,1529234940217
seat3AOccupied,false,1529234940616
totalSeatCount,2,1529234940616
SoundC,73.06392314376754,1529234942833
Present,102,1529234942837
SoundCenter0,61.50609984931652,1529234946174
SoundCenter1,56.991620665343774,1529234946176
SoundCenter2,54.444610922159384,1529234946177
SoundWall0,59.13661815463646,1529234950191
SoundWall1,62.769753122413725,1529234950201
SoundWall2,74.44586459849414,1529234950214
SoundC,73.45017003946069,1529234952840
Present,107,1529234952844
SoundCenter0,61.9750872106794,1529234956174
SoundCenter1,57.39880344998844,1529234956176
SoundCenter2,55.0129976406325,1529234956176
SoundWall0,59.436759577355105,1529234960191
SoundWall1,63.10406197533584,1529234960201
SoundWall2,74.28448366947336,1529234960216
SoundC,73.06392314376754,1529234962848
Present,101,1529234962851
SoundCenter0,61.88906814379322,1529234966174
SoundCenter1,57.653460633305016,1529234966176
SoundCenter2,55.14152215625243,1529234966176
SoundWall0,59.636317844560345,1529234970191
SoundWall1,63.280391609122624,1529234970201
SoundWall2,74.46954286977669,1529234970216
tiltAircon1_Pitch,-153.05,1529234971616
tiltAircon1_Roll,177.65,1529234971616
SoundC,73.82773649063114,1529234972855
Present,100,1529234972859
SoundCenter0,61.740072823241505,1529234976174
SoundCenter1,57.78593573285918,1529234976176
SoundCenter2,55.52561330276723,1529234976176
SoundWall0,59.58405346504422,1529234980191
SoundWall1,63.5714960812307,1529234980215
SoundWall2,74.62528410506289,1529234980228
SoundC,74.19700410241327,1529234982863
Present,97,1529234982867
tiltAircon0_Pitch,163.03,1529234985616
tiltAircon0_Roll,177.26,1529234985616
SoundCenter0,62.14982994640686,1529234986174
SoundCenter1,58.24595908691333,1529234986176
SoundCenter2,56.28696194753832,1529234986176
SoundWall0,60.15202210778376,1529234990191
SoundWall1,64.04238542632281,1529234990201
SoundWall2,74.97483297616415,1529234990213
SoundC,72.26372429269907,1529234992870
Present,99,1529234992874
SoundCenter0,62.37676211908366,1529234996174
SoundCenter1,58.4169829900503,1529234996176
SoundCenter2,56.195541596129075,1529234996176
tiltTest_Pitch,2.37,1529234998616
tiltTest_Roll,0.0,1529234998616
SoundWall0,60.421532581135196,1529235000192
SoundWall1,64.3828188212312,1529235000202
SoundWall2,75.09085510477603,1529235000212
SoundC,71.84886370856825,1529235002878
Present,94,1529235002881
SoundCenter0,62.88068254032314,1529235006174
SoundCenter1,58.76397878591512,1529235006176
SoundCenter2,56.78548058096555,1529235006177
SoundWall0,60.74606226338171,1529235010191
SoundWall1,64.39414694669242,1529235010202
SoundWall2,74.78120370512782,1529235010216
SoundC,71.42349921662418,1529235012885
Present,100,1529235012889
SoundCenter0,62.82359770070246,1529235016174
SoundCenter1,58.581803424269495,1529235016176
SoundCenter2,56.80181125512086,1529235016177
SoundWall0,60.78314488411183,1529235020191
SoundWall1,64.37487279882491,1529235020202
SoundWall2,74.65006789830731,1529235020218
SoundC,72.66858725677886,1529235022892
Present,100,1529235022896
seat3BOccupied,false,1529235023616
totalSeatCount,2,1529235023616
SoundCenter0,63.27820220383246,1529235026174
SoundCenter1,58.41131203814104,1529235026176
SoundCenter2,56.34788812206015,1529235026177
SoundWall0,60.63594979011224,1529235030191
SoundWall1,64.01176001374135,1529235030202
SoundWall2,74.72075456162548,1529235030218
tiltAircon1_Pitch,-152.51,1529235031616
tiltAircon1_Roll,177.34,1529235031616
SoundC,72.66858725677886,1529235032900
Present,101,1529235032904
SoundCenter0,63.144743668591076,1529235036174
SoundCenter1,58.21256550016378,1529235036176
SoundCenter2,56.213646457021696,1529235036177
SoundWall0,60.452586947754774,1529235040191
SoundWall1,63.46962393088304,1529235040202
SoundWall2,74.43503556586238,1529235040218
SoundC,73.06392314376754,1529235042908
Present,100,1529235042911
SoundCenter0,62.73807481893234,1529235046174
SoundCenter1,58.150091957916324,1529235046176
SoundCenter2,55.887159078024105,1529235046177
tiltAircon0_Pitch,163.02,1529235046616
tiltAircon0_Roll,179.53,1529235046616
SoundWall0,60.58265137018065,1529235050191
SoundWall1,63.42834268201947,1529235050203
SoundWall2,74.18281003079422,1529235050217
SoundC,73.06392314376754,1529235052915
Present,105,1529235052919
SoundCenter0,61.95905189129273,1529235056174
SoundCenter1,58.452314904406755,1529235056176
SoundCenter2,57.08944961912413,1529235056177
tiltTest_Pitch,2.15,1529235058616
tiltTest_Roll,-0.4,1529235058616
SoundWall0,61.31694490800458,1529235060191
SoundWall1,63.8764680409364,1529235060202
SoundWall2,74.28717275823738,1529235060217
SoundC,73.82773649063114,1529235062922
Present,91,1529235062926
SoundCenter0,61.04996631294026,1529235066174
SoundCenter1,58.16876066502087,1529235066176
SoundCenter2,56.94926679041066,1529235066177
SoundWall0,61.02909448626824,1529235070192
SoundWall1,63.836648293058985,1529235070204
SoundWall2,74.43426878481301,1529235070220
SoundC,72.66858725677886,1529235072930
Present,88,1529235072933
SoundCenter0,60.49808442468338,1529235076174
SoundCenter1,58.199553172699524,1529235076176
SoundCenter2,56.72511292231818,1529235076177
SoundWall0,60.63226652611933,1529235080191
SoundWall1,63.06285198741158,1529235080201
SoundWall2,74.5828840047125,1529235080214
SoundC,71.84886370856825,1529235082937
Present,65,1529235082941
SoundCenter0,59.628274951726745,1529235086174
SoundCenter1,57.91922255645673,1529235086176
SoundCenter2,57.075949505852016,1529235086177
SoundWall0,60.84218976229683,1529235090191
SoundWall1,63.21513053054187,1529235090201
SoundWall2,74.54892961510154,1529235090214
tiltAircon1_Pitch,-154.51,1529235091616
tiltAircon1_Roll,178.11,1529235091616
SoundC,73.45017003946069,1529235092945
Present,84,1529235092949
SoundCenter0,60.3325789846138,1529235096174
SoundCenter1,57.93167344905987,1529235096176
SoundCenter2,56.347971810886015,1529235096177
SoundWall0,60.91369359583173,1529235100191
SoundWall1,63.65472722058597,1529235100201
SoundWall2,74.7817859532864,1529235100207
SoundC,72.26372429269907,1529235102952
Present,91,1529235102956
SoundCenter0,60.80482455130588,1529235106174
SoundCenter1,57.29796037853796,1529235106176
SoundCenter2,55.85253590226602,1529235106177
tiltAircon0_Pitch,162.85,1529235106616
tiltAircon0_Roll,177.26,1529235106616
SoundWall0,60.26858461484473,1529235110191
SoundWall1,63.39797049165516,1529235110202
SoundWall2,74.8436404171036,1529235110209
SoundC,71.42349921662418,1529235112960
Present,97,1529235112964
SoundCenter0,61.16438114015425,1529235116174
SoundCenter1,56.799620630941476,1529235116176
SoundCenter2,54.43468183989681,1529235116177
tiltTest_Pitch,2.04,1529235118616
tiltTest_Roll,-0.35,1529235118616
SoundWall0,59.61191471352399,1529235120191
SoundWall1,62.953910341169085,1529235120202
SoundWall2,74.79772296029782,1529235120209
SoundC,71.84886370856825,1529235122968
Present,99,1529235122972
SoundCenter0,61.398533687629495,1529235126174
SoundCenter1,56.749252244493434,1529235126176
SoundCenter2,54.09127924098121,1529235126177
SoundWall0,59.24786401945529,1529235130191
SoundWall1,62.26072096524338,1529235130202
SoundWall2,74.78526592364105,1529235130208
SoundC,72.26372429269907,1529235132976
Present,98,1529235132981
SoundCenter0,60.93714897369954,1529235136174
SoundCenter1,56.508680876571894,1529235136176
SoundCenter2,54.03083925390393,1529235136177
SoundWall0,59.30254033124619,1529235140191
SoundWall1,62.36171803228756,1529235140202
SoundWall2,74.46419010146285,1529235140209
SoundC,72.66858725677886,1529235142984
Present,103,1529235142990
SoundCenter0,61.381141403002204,1529235146174
SoundCenter1,56.26296831096818,1529235146176
SoundCenter2,53.65650635850439,1529235146177
SoundWall0,59.01642263896779,1529235150191
SoundWall1,62.47490571264091,1529235150202
SoundWall2,74.60970145897367,1529235150209
SoundC,73.06392314376754,1529235152993
Present,91,1529235152999
tiltAircon1_Pitch,-153.93,1529235153616
tiltAircon1_Roll,178.27,1529235153616
SoundCenter0,61.776058109033364,1529235156174
SoundCenter1,56.015395400297244,1529235156176
SoundCenter2,53.78111085120467,1529235156177
SoundWall0,58.940204497045016,1529235160191
SoundWall1,62.53432930416789,1529235160202
SoundWall2,74.40832535703926,1529235160209
SoundC,73.82773649063114,1529235163002
Present,94,1529235163004
SoundCenter0,61.58962375507496,1529235166174
SoundCenter1,56.50036171690589,1529235166176
SoundCenter2,54.35144851863631,1529235166176
tiltAircon0_Pitch,163.35,1529235166616
tiltAircon0_Roll,179.76,1529235166616
SoundWall0,59.29408417460382,1529235170191
SoundWall1,62.448346724879194,1529235170215
SoundWall2,74.34545102199519,1529235170228
SoundC,72.66858725677886,1529235173010
Present,84,1529235173012
SoundCenter0,61.9002875256913,1529235176174
SoundCenter1,56.682873448122606,1529235176176
SoundCenter2,54.402250288151166,1529235176177
tiltTest_Pitch,2.28,1529235178616
tiltTest_Roll,-0.11,1529235178616
SoundWall0,59.280642318980924,1529235180191
SoundWall1,62.75853298435058,1529235180201
SoundWall2,74.51265585537301,1529235180221
SoundC,72.66858725677886,1529235183014
Present,89,1529235183016
SoundCenter0,61.857621224588215,1529235186174
SoundCenter1,57.050412417143846,1529235186176
SoundCenter2,54.833483091354914,1529235186177
SoundWall0,59.91828352310844,1529235190191
SoundWall1,63.31317629797278,1529235190202
SoundWall2,74.63607304765507,1529235190224
SoundC,71.84886370856825,1529235193018
Present,102,1529235193021
SoundCenter0,62.20598097527519,1529235196174
SoundCenter1,57.29128951865865,1529235196176
SoundCenter2,54.737257434032166,1529235196177
SoundWall0,59.85674163401329,1529235200191
SoundWall1,63.677613158907306,1529235200201
SoundWall2,74.76870825289348,1529235200214
SoundC,71.84886370856825,1529235203024
Present,95,1529235203027
SoundCenter0,62.16723348129556,1529235206174
SoundCenter1,58.16519408180935,1529235206176
SoundCenter2,55.56568129227255,1529235206177
SoundWall0,60.39821538575436,1529235210191
SoundWall1,63.795991849331116,1529235210201
SoundWall2,74.76427985836182,1529235210216
SoundC,71.84886370856825,1529235213030
Present,102,1529235213033
tiltAircon1_Pitch,-153.91,1529235213616
tiltAircon1_Roll,177.98,1529235213616
SoundCenter0,61.02580622622542,1529235216174
SoundCenter1,58.86877332463264,1529235216176
SoundCenter2,56.2921059613083,1529235216177
SoundWall0,60.508649453719435,1529235220191
SoundWall1,63.44474133058793,1529235220202
SoundWall2,74.69744633463263,1529235220214
SoundC,73.45017003946069,1529235223036
Present,83,1529235223040
SoundCenter0,61.43789304569337,1529235226174
SoundCenter1,58.866420385928414,1529235226176
SoundCenter2,56.059419775415954,1529235226177
tiltAircon0_Pitch,163.36,1529235226616
tiltAircon0_Roll,179.58,1529235226616
SoundWall0,60.578141450603376,1529235230191
SoundWall1,63.411499376542075,1529235230215
SoundWall2,74.7613082191581,1529235230231
SoundC,73.45017003946069,1529235233042
Present,103,1529235233045
SoundCenter0,60.99882835601613,1529235236174
SoundCenter1,59.27310671270223,1529235236177
SoundCenter2,56.48373713241131,1529235236178
tiltTest_Pitch,2.15,1529235239656
tiltTest_Roll,-0.11,1529235239656
SoundWall0,61.13853658357014,1529235240191
SoundWall1,63.32618637226655,1529235240202
SoundWall2,74.70291260175797,1529235240217
SoundC,73.82773649063114,1529235243048
Present,114,1529235243051
SoundCenter0,61.545443280633116,1529235246174
SoundCenter1,59.214882340860406,1529235246176
SoundCenter2,56.05231847507157,1529235246176
SoundWall0,60.833424178199316,1529235250191
SoundWall1,63.36380917979484,1529235250215
SoundWall2,74.55964642256001,1529235250228
SoundC,73.82773649063114,1529235253054
Present,109,1529235253058
SoundCenter0,62.328079795858294,1529235256174
SoundCenter1,58.85187901807831,1529235256176
SoundCenter2,55.91466062490268,1529235256177
SoundWall0,61.13438004168576,1529235260191
SoundWall1,63.12617483995678,1529235260201
SoundWall2,74.59184372470216,1529235260213
SoundC,74.19700410241327,1529235263060
Present,107,1529235263063
SoundCenter0,61.79178960591551,1529235266174
SoundCenter1,58.516876451157025,1529235266177
SoundCenter2,55.55975669407278,1529235266177
SoundWall0,60.55788298216528,1529235270191
SoundWall1,62.91215865208004,1529235270201
SoundWall2,74.39948455790083,1529235270214
SoundC,72.26372429269907,1529235273068
Present,100,1529235273070
tiltAircon1_Pitch,-152.39,1529235273656
tiltAircon1_Roll,178.32,1529235273656
SoundCenter0,61.8459825639019,1529235276174
SoundCenter1,58.200160101444254,1529235276177
SoundCenter2,55.20867266481607,1529235276178
SoundWall0,60.600788798421185,1529235280191
SoundWall1,62.91717357957896,1529235280215
SoundWall2,74.62638165773713,1529235280228
SoundC,73.82773649063114,1529235283076
Present,103,1529235283078
SoundCenter0,60.886533857650235,1529235286174
SoundCenter1,58.2951175803342,1529235286177
SoundCenter2,55.148092076993294,1529235286178
tiltAircon0_Pitch,163.45,1529235286656
tiltAircon0_Roll,179.53,1529235286656
SoundWall0,60.52695001946612,1529235290191
SoundWall1,63.111509271859056,1529235290201
SoundWall2,74.49962693682623,1529235290215
SoundC,73.45017003946069,1529235293083
Present,95,1529235293086
SoundCenter0,60.69982602202206,1529235296174
SoundCenter1,58.03718501280915,1529235296177
SoundCenter2,54.98326137381246,1529235296177
tiltTest_Pitch,2.09,1529235299656
tiltTest_Roll,-0.17,1529235299656
SoundWall0,59.73034752145475,1529235300191
SoundWall1,62.46219170152565,1529235300201
SoundWall2,74.27000048073683,1529235300214
SoundC,73.45017003946069,1529235303090
Present,106,1529235303092
SoundCenter0,59.78009921065929,1529235306174
SoundCenter1,58.18443147608799,1529235306177
SoundCenter2,55.218896631114156,1529235306177
SoundWall0,59.535470528587595,1529235310191
SoundWall1,61.929578691119026,1529235310201
SoundWall2,74.32318466640923,1529235310213
seat5AOccupied,false,1529235312656
totalSeatCount,1,1529235312656
SoundC,72.66858725677886,1529235313096
Present,88,1529235313099
SoundCenter0,59.40763315481777,1529235316174
SoundCenter1,58.242237602485176,1529235316177
SoundCenter2,55.25469210569312,1529235316177
SoundWall0,59.43034940189348,1529235320191
SoundWall1,61.79714738819595,1529235320202
SoundWall2,74.19065510720093,1529235320214
SoundC,73.45017003946069,1529235323104
Present,103,1529235323106
SoundCenter0,59.848991921732015,1529235326174
SoundCenter1,58.317248311786166,1529235326176
SoundCenter2,55.35246329660332,1529235326177
SoundWall0,59.65394944425578,1529235330191
SoundWall1,62.01141886479713,1529235330212
SoundWall2,74.19237871642125,1529235330231
SoundC,73.82773649063114,1529235333110
Present,113,1529235333113
tiltAircon1_Pitch,-154.07,1529235333656
tiltAircon1_Roll,177.67,1529235333656
SoundCenter0,60.43534567649476,1529235336174
SoundCenter1,58.11680957370608,1529235336177
SoundCenter2,55.12580896502165,1529235336178
SoundWall0,59.58510459086847,1529235340191
SoundWall1,62.33970573162799,1529235340202
SoundWall2,74.090491443342,1529235340217
SoundC,74.55832985633069,1529235343118
Present,90,1529235343120
SoundCenter0,61.39690644028124,1529235346174
SoundCenter1,58.337388821537864,1529235346176
SoundCenter2,55.701836285792325,1529235346178
tiltAircon0_Pitch,163.3,1529235347656
tiltAircon0_Roll,179.58,1529235347656
SoundWall0,60.452939766178005,1529235350191
SoundWall1,63.04561253595217,1529235350202
SoundWall2,74.50092472181299,1529235350217
SoundC,74.55832985633069,1529235353123
Present,102,1529235353126
SoundCenter0,62.031842447323676,1529235356174
SoundCenter1,58.925211507574204,1529235356177
SoundCenter2,56.66503314246463,1529235356177
tiltTest_Pitch,2.16,1529235359656
tiltTest_Roll,-0.05,1529235359656
SoundWall0,61.26586067850567,1529235360191
SoundWall1,63.77910460647274,1529235360202
SoundWall2,74.65612447435375,1529235360217
SoundC,72.66858725677886,1529235363129
Present,88,1529235363131
SoundCenter0,62.31861671122827,1529235366174
SoundCenter1,58.880452900382814,1529235366177
SoundCenter2,56.83333788020616,1529235366177
SoundWall0,62.1018933161596,1529235370191
SoundWall1,64.84221254757418,1529235370203
SoundWall2,74.87584572041268,1529235370217
SoundC,73.45017003946069,1529235373136
Present,112,1529235373138
SoundCenter0,62.8810093609175,1529235376174
SoundCenter1,59.40528962479812,1529235376176
SoundCenter2,57.504411755753104,1529235376177
SoundWall0,62.375489961786485,1529235380191
SoundWall1,65.48954957836926,1529235380202
SoundWall2,75.12420068504834,1529235380217
SoundC,73.06392314376754,1529235383142
Present,100,1529235383145
SoundCenter0,63.16727954608236,1529235386174
SoundCenter1,59.42606325324098,1529235386176
SoundCenter2,57.43846600921055,1529235386176
SoundWall0,62.483225655678,1529235390191
SoundWall1,65.64051813018482,1529235390202
SoundWall2,75.43726114032032,1529235390216
SoundC,74.55832985633069,1529235393149
Present,93,1529235393152
tiltAircon1_Pitch,-154.05,1529235393656
tiltAircon1_Roll,177.6,1529235393656
SoundCenter0,63.81208904807949,1529235396174
SoundCenter1,60.212006055957424,1529235396177
SoundCenter2,58.62423296950566,1529235396178
SoundWall0,63.518583268092925,1529235400191
SoundWall1,66.46766421244202,1529235400201
SoundWall2,75.71155779356955,1529235400216
SoundC,73.45017003946069,1529235403155
Present,97,1529235403158
SoundCenter0,64.29411370432545,1529235406174
SoundCenter1,60.628254060656744,1529235406177
SoundCenter2,59.3926164669625,1529235406177
tiltAircon0_Pitch,162.92,1529235408656
tiltAircon0_Roll,179.88,1529235408656
SoundWall0,64.4803488237689,1529235410191
SoundWall1,67.431821928455,1529235410201
SoundWall2,75.89075980248049,1529235410216
SoundC,72.26372429269907,1529235413162
Present,92,1529235413165
SoundCenter0,64.1791841181658,1529235416174
SoundCenter1,61.03162308429759,1529235416176
SoundCenter2,59.38644894144759,1529235416176
tiltTest_Pitch,2.2,1529235419657
tiltTest_Roll,-0.05,1529235419657
SoundWall0,64.65824265780151,1529235420191
SoundWall1,67.54991073727255,1529235420201
SoundWall2,75.87307141916318,1529235420216
SoundC,74.55832985633069,1529235423169
Present,90,1529235423172
SoundCenter0,64.65472844171305,1529235426174
SoundCenter1,61.57992712797969,1529235426176
SoundCenter2,60.193884297164296,1529235426176
SoundWall0,65.04806971204818,1529235430191
SoundWall1,67.92373458452106,1529235430202
SoundWall2,76.05716232651702,1529235430217
SoundC,73.06392314376754,1529235433178
Present,91,1529235433181
SoundCenter0,64.94579370669096,1529235436174
SoundCenter1,62.073000006475745,1529235436176
SoundCenter2,60.61683873996002,1529235436176
SoundWall0,64.75627527736104,1529235440191
SoundWall1,67.8579576227914,1529235440202
SoundWall2,75.97006962075605,1529235440217
SoundC,74.19700410241327,1529235443186
Present,82,1529235443189
SoundCenter0,64.76107478040645,1529235446174
SoundCenter1,62.40793878056625,1529235446176
SoundCenter2,61.45131644088999,1529235446176
SoundWall0,65.45627409333922,1529235450191
SoundWall1,68.66006597739528,1529235450202
SoundWall2,76.05143153292816,1529235450217
SoundC,73.06392314376754,1529235453193
Present,113,1529235453196
tiltAircon1_Pitch,-155.05,1529235453657
tiltAircon1_Roll,177.49,1529235453657
SoundCenter0,63.89816261952875,1529235456174
SoundCenter1,62.124943623121524,1529235456177
SoundCenter2,60.73471722891991,1529235456178
SoundWall0,64.64735467532489,1529235460191
SoundWall1,68.08414960991999,1529235460202
SoundWall2,75.75972506943167,1529235460214
SoundC,73.82773649063114,1529235463201
Present,107,1529235463203
SoundCenter0,63.28146797327892,1529235466174
SoundCenter1,62.17287370383433,1529235466177
SoundCenter2,60.33488069375939,1529235466178
tiltAircon0_Pitch,163.04,1529235468657
tiltAircon0_Roll,177.14,1529235468657
SoundWall0,64.01323438085144,1529235470191
SoundWall1,67.5150286068727,1529235470202
SoundWall2,75.51016678401548,1529235470215
SoundC,74.91204818426347,1529235473208
Present,103,1529235473210
SoundCenter0,62.665505054089884,1529235476174
SoundCenter1,61.59622372643701,1529235476177
SoundCenter2,59.5898496266955,1529235476178
tiltTest_Pitch,2.1,1529235479657
tiltTest_Roll,-0.29,1529235479657
SoundWall0,63.99866695056312,1529235480191
SoundWall1,67.70836758656209,1529235480202
SoundWall2,75.45645969994312,1529235480214
SoundC,72.26372429269907,1529235483214
Present,104,1529235483216
SoundCenter0,63.418758762719335,1529235486174
SoundCenter1,61.365340525183925,1529235486177
SoundCenter2,59.304254845784236,1529235486178
SoundWall0,63.74161508053967,1529235490191
SoundWall1,67.3100012567953,1529235490203
SoundWall2,75.15778892544131,1529235490215
SoundC,72.66858725677886,1529235493221
Present,99,1529235493223
SoundCenter0,63.15002167645619,1529235496174
SoundCenter1,61.20643608716405,1529235496177
SoundCenter2,59.19801131513346,1529235496178
SoundWall0,64.60818441115222,1529235500191
SoundWall1,68.0631378176158,1529235500203
SoundWall2,75.33415279889599,1529235500217
SoundC,73.82773649063114,1529235503227
Present,94,1529235503229
SoundCenter0,63.440786272334364,1529235506174
SoundCenter1,61.001256649249186,1529235506177
SoundCenter2,58.75760804640469,1529235506178
SoundWall0,63.974263183352875,1529235510192
SoundWall1,67.5837490763581,1529235510212
SoundWall2,75.18538120470807,1529235510236
SoundC,72.66858725677886,1529235513233
Present,96,1529235513236
tiltAircon1_Pitch,-152.34,1529235513657
tiltAircon1_Roll,177.68,1529235513657
SoundCenter0,63.37528127686612,1529235516174
SoundCenter1,60.881292285723184,1529235516177
SoundCenter2,58.917333391407205,1529235516178
SoundWall0,64.09793904922348,1529235520192
SoundWall1,67.53533481249809,1529235520214
SoundWall2,75.19823001911021,1529235520238
SoundC,73.45017003946069,1529235523240
Present,98,1529235523242
SoundCenter0,63.414428102337205,1529235526174
SoundCenter1,60.96806585236551,1529235526177
SoundCenter2,59.104995116720026,1529235526178
tiltAircon0_Pitch,162.93,1529235528657
tiltAircon0_Roll,179.94,1529235528657
SoundWall0,64.45226034344134,1529235530191
SoundWall1,67.63501969669154,1529235530202
SoundWall2,75.36828652652827,1529235530216
SoundC,71.84886370856825,1529235533244
Present,98,1529235533246
SoundCenter0,64.45778163429381,1529235536174
SoundCenter1,61.20512939036884,1529235536176
SoundCenter2,59.84273369526034,1529235536176
tiltTest_Pitch,2.32,1529235539705
tiltTest_Roll,-0.23,1529235539705
SoundWall0,64.40415912311553,1529235540191
SoundWall1,67.69927628871314,1529235540202
SoundWall2,75.59043304722404,1529235540216
SoundC,73.06392314376754,1529235543248
Present,106,1529235543251
SoundCenter0,64.3055058435075,1529235546174
SoundCenter1,61.34142533536321,1529235546177
SoundCenter2,59.78715763723,1529235546178
SoundWall0,64.8513237167147,1529235550191
SoundWall1,68.23552589049413,1529235550215
SoundWall2,75.80541516829479,1529235550228
SoundC,73.45017003946069,1529235553255
Present,95,1529235553258
SoundCenter0,64.69638477228537,1529235556174
SoundCenter1,61.76289094071464,1529235556177
SoundCenter2,60.37513010883966,1529235556178
SoundWall0,65.02556297568339,1529235560191
SoundWall1,68.10307913454001,1529235560215
SoundWall2,75.66346158072457,1529235560228
SoundC,72.66858725677886,1529235563262
Present,89,1529235563265
SoundCenter0,63.77240402227503,1529235566174
SoundCenter1,61.57222768162504,1529235566176
SoundCenter2,60.20243325170049,1529235566177
SoundWall0,65.07371272115589,1529235570192
SoundWall1,68.06502985721099,1529235570201
SoundWall2,75.55656126825245,1529235570223
SoundC,75.93060245540138,1529235573269
Present,120,1529235573272
tiltAircon1_Pitch,-156.02,1529235574705
tiltAircon1_Roll,177.59,1529235574705
SoundCenter0,63.90531664016852,1529235576174
SoundCenter1,61.80867137058561,1529235576177
SoundCenter2,60.57217291299384,1529235576178
SoundWall0,65.02703814432705,1529235580191
SoundWall1,68.02541356162038,1529235580201
SoundWall2,75.50894923364876,1529235580215
SoundC,74.91204818426347,1529235583275
Present,98,1529235583278
SoundCenter0,63.88054711475103,1529235586174
SoundCenter1,61.399322314371474,1529235586176
SoundCenter2,59.64099422438718,1529235586177
tiltAircon0_Pitch,163.13,1529235588705
tiltAircon0_Roll,177.14,1529235588705
SoundWall0,63.9925944612542,1529235590191
SoundWall1,67.55156570228806,1529235590201
SoundWall2,75.0996707750044,1529235590221
SoundC,73.82773649063114,1529235593280
Present,128,1529235593284
SoundCenter0,63.74152934302553,1529235596174
SoundCenter1,60.64876906709743,1529235596177
SoundCenter2,59.03358665032262,1529235596178
tiltTest_Pitch,2.16,1529235599705
tiltTest_Roll,-0.23,1529235599705
SoundWall0,63.43214670319536,1529235600191
SoundWall1,66.80210051450213,1529235600201
SoundWall2,74.83691847825733,1529235600213
SoundC,74.91204818426347,1529235603286
Present,95,1529235603289
SoundCenter0,63.310565938104574,1529235606174
SoundCenter1,60.35364353969562,1529235606177
SoundCenter2,58.77764040858668,1529235606178
SoundWall0,62.8795434609765,1529235610191
SoundWall1,66.26933962429072,1529235610201
SoundWall2,74.76339284699701,1529235610221
SoundC,71.84886370856825,1529235613291
Present,87,1529235613294
SoundCenter0,62.923985841803045,1529235616175
SoundCenter1,59.675178170328806,1529235616176
SoundCenter2,57.7862994720982,1529235616177
SoundWall0,62.154125631529496,1529235620191
SoundWall1,65.62114308188433,1529235620201
SoundWall2,74.82080505458002,1529235620214
SoundC,71.84886370856825,1529235623296
Present,110,1529235623300
SoundCenter0,63.6812886024657,1529235626174
SoundCenter1,59.65691514251413,1529235626176
SoundCenter2,57.64759101538855,1529235626177
SoundWall0,62.219195356014126,1529235630191
SoundWall1,65.86813290014133,1529235630201
SoundWall2,74.88867302107728,1529235630214
SoundC,73.82773649063114,1529235633302
Present,86,1529235633305
tiltAircon1_Pitch,-152.57,1529235634705
tiltAircon1_Roll,175.23,1529235634705
SoundCenter0,64.30914665522715,1529235636174
SoundCenter1,59.59545502597463,1529235636177
SoundCenter2,57.63155764929932,1529235636178
SoundWall0,62.20793688817327,1529235640191
SoundWall1,66.11486305171914,1529235640201
SoundWall2,75.15103163852059,1529235640214
SoundC,74.19700410241327,1529235643307
Present,90,1529235643311
SoundCenter0,64.94030636606891,1529235646174
SoundCenter1,59.40972159019613,1529235646177
SoundCenter2,57.92131103485023,1529235646178
tiltAircon0_Pitch,162.9,1529235648705
tiltAircon0_Roll,179.94,1529235648705
SoundWall0,61.933297146589716,1529235650191
SoundWall1,65.25369895600353,1529235650202
SoundWall2,75.07207623958325,1529235650208
SoundC,74.91204818426347,1529235653314
Present,105,1529235653317
SoundCenter0,65.31960038437443,1529235656174
SoundCenter1,59.95215414801349,1529235656177
SoundCenter2,58.40463484800848,1529235656178
SoundWall0,62.52698241637772,1529235660191
SoundWall1,66.10162281849615,1529235660202
SoundWall2,75.3573818878953,1529235660208
tiltTest_Pitch,2.32,1529235660705
tiltTest_Roll,-0.23,1529235660705
SoundC,76.57687443958919,1529235663319
Present,93,1529235663322
SoundCenter0,65.40683754743851,1529235666174
SoundCenter1,59.94300126535391,1529235666177
SoundCenter2,58.46680214125436,1529235666178
SoundWall0,62.7970766699535,1529235670191
SoundWall1,66.70812977442965,1529235670202
SoundWall2,75.33231562152199,1529235670208
SoundC,73.45017003946069,1529235673328
Present,86,1529235673331
SoundCenter0,65.54817554420946,1529235676174
SoundCenter1,60.22077688507108,1529235676177
SoundCenter2,58.734047560331526,1529235676178
SoundWall0,62.91663091184685,1529235680191
SoundWall1,66.88585091840346,1529235680202
SoundWall2,75.43719232097719,1529235680214
SoundC,73.82773649063114,1529235683333
Present,88,1529235683339
SoundCenter0,65.6630454032625,1529235686174
SoundCenter1,60.14502660669602,1529235686176
SoundCenter2,58.81647557253179,1529235686177
SoundWall0,62.722540878325596,1529235690191
SoundWall1,66.42300658571236,1529235690202
SoundWall2,75.38615896473078,1529235690213
SoundC,73.06392314376754,1529235693342
Present,104,1529235693345
tiltAircon1_Pitch,-155.08,1529235694705
tiltAircon1_Roll,178.0,1529235694705
SoundCenter0,65.49802944617217,1529235696174
SoundCenter1,59.91555814652632,1529235696176
SoundCenter2,58.480577922682535,1529235696177
SoundWall0,62.71582296155383,1529235700191
SoundWall1,66.2729550743738,1529235700201
SoundWall2,75.02683939650495,1529235700213
SoundC,72.66858725677886,1529235703347
Present,99,1529235703350
SoundCenter0,64.99910327358165,1529235706174
SoundCenter1,59.84519710773463,1529235706177
SoundCenter2,58.34312428979002,1529235706177
tiltAircon0_Pitch,163.26,1529235709705
tiltAircon0_Roll,179.53,1529235709705
SoundWall0,62.71284874055164,1529235710192
SoundWall1,66.52734137876443,1529235710201
SoundWall2,75.06488872643004,1529235710213
SoundC,73.45017003946069,1529235713356
Present,111,1529235713359
SoundCenter0,63.725682777183565,1529235716174
SoundCenter1,59.269135765312065,1529235716176
SoundCenter2,57.632785625028994,1529235716177
SoundWall0,62.34461424051141,1529235720191
SoundWall1,65.74761664447767,1529235720202
SoundWall2,74.89126152416546,1529235720216
tiltTest_Pitch,2.09,1529235720705
tiltTest_Roll,-0.11,1529235720705
SoundC,76.57687443958919,1529235723363
Present,108,1529235723366
SoundCenter0,63.27352121267328,1529235726174
SoundCenter1,58.99100832007851,1529235726176
SoundCenter2,56.860055206641455,1529235726177
SoundWall0,61.25347963297347,1529235730191
SoundWall1,64.25878450263427,1529235730202
SoundWall2,74.83527219845305,1529235730216
SoundC,74.55832985633069,1529235733370
Present,91,1529235733374
SoundCenter0,62.73523831543009,1529235736174
SoundCenter1,59.024973612642285,1529235736177
SoundCenter2,57.03568261126584,1529235736177
SoundWall0,61.626578098839914,1529235740191
SoundWall1,64.44512499171523,1529235740202
SoundWall2,74.55247231253402,1529235740215
SoundC,76.25684571588656,1529235743378
Present,104,1529235743381
SoundCenter0,62.81206593554677,1529235746174
SoundCenter1,59.350672742398245,1529235746176
SoundCenter2,57.208577389694476,1529235746177
SoundWall0,61.89846991381288,1529235750191
SoundWall1,64.77499424520191,1529235750202
SoundWall2,74.5261177426451,1529235750214
SoundC,73.06392314376754,1529235753385
Present,63,1529235753388
tiltAircon1_Pitch,-153.19,1529235755705
tiltAircon1_Roll,177.61,1529235755705
SoundCenter0,62.669254959380964,1529235756174
SoundCenter1,59.20685861745762,1529235756176
SoundCenter2,56.94544260808849,1529235756177
SoundWall0,61.61581359242962,1529235760191
SoundWall1,64.4606792139318,1529235760201
SoundWall2,74.54307651042882,1529235760214
SoundC,73.06392314376754,1529235763392
Present,107,1529235763395
SoundCenter0,62.4339839821578,1529235766174
SoundCenter1,59.04733619779674,1529235766176
SoundCenter2,56.8315239131688,1529235766177
tiltAircon0_Pitch,165.84,1529235769705
tiltAircon0_Roll,179.76,1529235769705
SoundWall0,61.88986640489331,1529235770191
SoundWall1,64.86943510566931,1529235770202
SoundWall2,74.80535609736036,1529235770220
Mtest3,false,1529235771705
SoundC,73.45017003946069,1529235773399
Present,104,1529235773403
SoundCenter0,63.95270380282683,1529235776174
SoundCenter1,59.92331727231495,1529235776176
SoundCenter2,57.65464779184435,1529235776177
SoundWall0,62.570537174027,1529235780191
SoundWall1,65.90308012071583,1529235780202
SoundWall2,74.94760981627863,1529235780214
tiltTest_Pitch,2.21,1529235780705
tiltTest_Roll,-0.34,1529235780705
SoundC,72.26372429269907,1529235783406
Present,97,1529235783410
Mtest5,false,1529235785705
SoundCenter0,63.802676590810364,1529235786174
SoundCenter1,59.95236008968611,1529235786177
SoundCenter2,57.8970655401368,1529235786177
Mtest4,false,1529235787706
SoundWall0,62.786628696709705,1529235790191
SoundWall1,66.41903023797786,1529235790202
SoundWall2,75.03401030515232,1529235790217
SoundC,74.55832985633069,1529235793413
Present,113,1529235793417
SoundCenter0,62.70064403301392,1529235796174
SoundCenter1,59.10383778882954,1529235796176
SoundCenter2,56.98810755841337,1529235796177
SoundWall0,61.728014717873876,1529235800191
SoundWall1,65.7296277467701,1529235800202
SoundWall2,75.44269321673977,1529235800218
SoundC,72.66858725677886,1529235803421
Present,75,1529235803424
SoundCenter0,62.31032253693444,1529235806174
SoundCenter1,58.65401735232544,1529235806177
SoundCenter2,56.58815973741844,1529235806178
SoundWall0,61.53164394423995,1529235810191
SoundWall1,65.63141421749505,1529235810201
SoundWall2,75.60554013457913,1529235810223
SoundC,72.66858725677886,1529235813428
Present,99,1529235813432
tiltAircon1_Pitch,-154.0,1529235815706
tiltAircon1_Roll,177.45,1529235815706
SoundCenter0,61.99538115678824,1529235816174
SoundCenter1,59.11700036839636,1529235816177
SoundCenter2,56.73008632367724,1529235816177
SoundWall0,61.93102976523786,1529235820192
SoundWall1,66.11329604621369,1529235820201
SoundWall2,75.9068920187707,1529235820216
SoundC,74.55832985633069,1529235823435
Present,89,1529235823439
SoundCenter0,62.359717418955135,1529235826174
SoundCenter1,59.35177849858721,1529235826176
SoundCenter2,57.11332208368063,1529235826177
tiltAircon0_Pitch,162.91,1529235829706
tiltAircon0_Roll,176.91,1529235829706
SoundWall0,61.58613057907961,1529235830191
SoundWall1,65.68752447889823,1529235830202
SoundWall2,75.73848317578351,1529235830214
SoundC,73.45017003946069,1529235833443
Present,94,1529235833446
SoundCenter0,61.716194876268396,1529235836174
SoundCenter1,58.551189345922815,1529235836177
SoundCenter2,56.53615962608723,1529235836177
SoundWall0,61.25520156354538,1529235840191
SoundWall1,65.12781386907976,1529235840215
SoundWall2,75.44519858616759,1529235840226
tiltTest_Pitch,2.38,1529235840730
tiltTest_Roll,-0.05,1529235840730
SoundC,72.66858725677886,1529235843450
Present,103,1529235843453
SoundCenter0,62.60346012089048,1529235846174
SoundCenter1,59.201483194668455,1529235846177
SoundCenter2,57.620229347855826,1529235846177
SoundWall0,62.250919162591124,1529235850192
SoundWall1,65.96590293621861,1529235850214
SoundWall2,75.58377544976457,1529235850222
SoundC,73.82773649063114,1529235853456
Present,100,1529235853459
SoundCenter0,63.7753407849609,1529235856174
SoundCenter1,60.12075581891833,1529235856176
SoundCenter2,58.19591553967036,1529235856177
SoundWall0,63.31191569702699,1529235860191
SoundWall1,66.97036544032814,1529235860214
SoundWall2,75.43990683734816,1529235860224
SoundC,72.26372429269907,1529235863464
Present,101,1529235863467
SoundCenter0,64.09523334987084,1529235866174
SoundCenter1,61.0179812065791,1529235866177
SoundCenter2,58.83254125501763,1529235866177
SoundWall0,64.17957083630702,1529235870191
SoundWall1,67.22802753010465,1529235870214
SoundWall2,75.21112998125291,1529235870224
seat4AOccupied,false,1529235870730
totalSeatCount,1,1529235870730
SoundC,73.82773649063114,1529235873471
Present,104,1529235873474
tiltAircon1_Pitch,-152.46,1529235875730
tiltAircon1_Roll,177.6,1529235875730
SoundCenter0,65.12816635827703,1529235876174
SoundCenter1,61.48304079995532,1529235876176
SoundCenter2,59.982758451817716,1529235876177
SoundWall0,64.76551718239314,1529235880191
SoundWall1,67.91361748706193,1529235880214
SoundWall2,75.07637684612949,1529235880223
SoundC,75.93060245540138,1529235883477
Present,108,1529235883481
SoundCenter0,65.6768419753653,1529235886174
SoundCenter1,62.10737592929377,1529235886176
SoundCenter2,60.4292706215499,1529235886177
SoundWall0,65.41186852644485,1529235890191
SoundWall1,68.54396538693207,1529235890202
SoundWall2,75.23698761691064,1529235890223
tiltAircon0_Pitch,163.21,1529235890730
tiltAircon0_Roll,179.76,1529235890730
SoundC,73.45017003946069,1529235893484
Present,96,1529235893488
SoundCenter0,65.20511260466924,1529235896174
SoundCenter1,62.42173160233258,1529235896177
SoundCenter2,60.281523349719464,1529235896177
SoundWall0,65.02603134791602,1529235900192
SoundWall1,68.57630588800619,1529235900201
SoundWall2,75.53527512941726,1529235900223
tiltTest_Pitch,2.33,1529235900730
tiltTest_Roll,-0.05,1529235900730
SoundC,72.26372429269907,1529235903492
Present,86,1529235903496
SoundCenter0,64.61608889911624,1529235906174
SoundCenter1,61.51446773150567,1529235906176
SoundCenter2,59.261440499460264,1529235906177
SoundWall0,64.41141668962585,1529235910191
SoundWall1,67.78946136825996,1529235910201
SoundWall2,75.02641067561939,1529235910223
SoundC,73.45017003946069,1529235913500
Present,80,1529235913503
SoundCenter0,64.61154675862825,1529235916174
SoundCenter1,61.31952304241942,1529235916176
SoundCenter2,59.56491026594771,1529235916177
SoundWall0,64.08840231808743,1529235920191
SoundWall1,67.23617506842008,1529235920202
SoundWall2,74.77960866566826,1529235920224
SoundC,73.82773649063114,1529235923506
Present,112,1529235923509
SoundCenter0,64.88528154168678,1529235926174
SoundCenter1,60.57538443578855,1529235926176
SoundCenter2,59.30310355214848,1529235926177
SoundWall0,63.05980029609146,1529235930191
SoundWall1,66.49018510276758,1529235930201
SoundWall2,74.66864111087156,1529235930216
SoundC,72.66858725677886,1529235933513
Present,91,1529235933517
tiltAircon1_Pitch,-153.19,1529235935730
tiltAircon1_Roll,177.82,1529235935730
SoundCenter0,64.43609225245615,1529235936174
SoundCenter1,59.940870822091334,1529235936176
SoundCenter2,58.46284915683087,1529235936177
SoundWall0,62.244562257872374,1529235940191
SoundWall1,65.74803455244502,1529235940201
SoundWall2,74.64838421001765,1529235940213
SoundC,73.06392314376754,1529235943521
Present,105,1529235943525
SoundCenter0,62.83082127531281,1529235946174
SoundCenter1,58.714936556608606,1529235946176
SoundCenter2,57.30568130999987,1529235946177
SoundWall0,61.70928944297204,1529235950191
SoundWall1,65.58274393135515,1529235950202
SoundWall2,74.54222426138435,1529235950214
tiltAircon0_Pitch,163.09,1529235950730
tiltAircon0_Roll,179.53,1529235950730
SoundC,72.66858725677886,1529235953529
Present,124,1529235953532
SoundCenter0,62.67479409267134,1529235956174
SoundCenter1,58.61431835397018,1529235956177
SoundCenter2,57.259000808379746,1529235956178
SoundWall0,61.640760205659355,1529235960191
SoundWall1,65.40864555089557,1529235960201
SoundWall2,74.45046687121037,1529235960214
tiltTest_Pitch,2.15,1529235960730
tiltTest_Roll,0.05,1529235960730
SoundC,73.45017003946069,1529235963537
Present,96,1529235963540
SoundCenter0,62.009440390191024,1529235966174
SoundCenter1,58.38204814041738,1529235966176
SoundCenter2,56.60780804293172,1529235966177
SoundWall0,60.94631778092568,1529235970191
SoundWall1,64.966661060527,1529235970202
SoundWall2,74.61463382748295,1529235970224
SoundC,72.26372429269907,1529235973545
Present,104,1529235973549
SoundCenter0,62.09713507852721,1529235976174
SoundCenter1,57.772887562295516,1529235976177
SoundCenter2,55.776477951663146,1529235976178
SoundWall0,60.131078151707335,1529235980191
SoundWall1,64.20693771339612,1529235980202
SoundWall2,74.6588405166015,1529235980217
SoundC,74.19700410241327,1529235983553
Present,79,1529235983557
SoundCenter0,61.920974660466285,1529235986174
SoundCenter1,57.711154537785966,1529235986176
SoundCenter2,55.388015263721826,1529235986177
SoundWall0,60.06823572077641,1529235990191
SoundWall1,64.29776025459094,1529235990202
SoundWall2,74.59681513173354,1529235990214
SoundC,71.42349921662418,1529235993561
Present,82,1529235993564
tiltAircon1_Pitch,-154.64,1529235995730
tiltAircon1_Roll,178.01,1529235995730
SoundCenter0,61.73919055552113,1529235996174
SoundCenter1,57.40044131297416,1529235996176
SoundCenter2,55.11072415331707,1529235996177
SoundWall0,60.20395982155273,1529236000191
SoundWall1,64.27442292714714,1529236000201
SoundWall2,74.40930183472342,1529236000214
SoundC,73.45017003946069,1529236003569
Present,96,1529236003572
SoundCenter0,62.94145626318179,1529236006174
SoundCenter1,57.75296785178885,1529236006176
SoundCenter2,55.70342123264297,1529236006177
SoundWall0,60.29463390428125,1529236010191
SoundWall1,63.88743260952879,1529236010202
SoundWall2,74.3558366078818,1529236010214
tiltAircon0_Pitch,163.37,1529236010730
tiltAircon0_Roll,179.53,1529236010730
SoundC,73.06392314376754,1529236013577
Present,86,1529236013580
SoundCenter0,63.432204402249184,1529236016174
SoundCenter1,57.63697993637623,1529236016176
SoundCenter2,55.918360005117364,1529236016177
SoundWall0,60.260538815841734,1529236020191
SoundWall1,63.97324066751339,1529236020199
SoundWall2,74.34987273966735,1529236020215
tiltTest_Pitch,2.1,1529236020731
tiltTest_Roll,-0.05,1529236020731
SoundC,72.26372429269907,1529236023584
Present,90,1529236023588
SoundCenter0,64.0312087305362,1529236026174
SoundCenter1,58.10176151364795,1529236026176
SoundCenter2,56.80516796190615,1529236026177
SoundWall0,60.80925285059675,1529236030191
SoundWall1,64.20405421116125,1529236030202
SoundWall2,74.47211591047103,1529236030214
SoundC,73.06392314376754,1529236033592
Present,100,1529236033596
SoundCenter0,64.32645197271236,1529236036174
SoundCenter1,58.57919803269506,1529236036176
SoundCenter2,57.73540503618232,1529236036177
SoundWall0,61.06830138790213,1529236040191
SoundWall1,64.58823914847088,1529236040202
SoundWall2,74.35553921061955,1529236040214
SoundC,74.19700410241327,1529236043600
Present,98,1529236043603
SoundCenter0,64.29405904855743,1529236046174
SoundCenter1,58.636481948559464,1529236046177
SoundCenter2,57.76609299888509,1529236046177
SoundWall0,61.48685267069359,1529236050191
SoundWall1,64.92851307428626,1529236050202
SoundWall2,74.38273415455451,1529236050223
SoundC,72.66858725677886,1529236053608
Present,91,1529236053611
seat4BOccupied,false,1529236055731
totalSeatCount,0,1529236055731
SoundCenter0,64.14546932418708,1529236056174
SoundCenter1,58.97094925533309,1529236056176
SoundCenter2,57.98306077152343,1529236056177
tiltAircon1_Pitch,-156.02,1529236056731
tiltAircon1_Roll,177.5,1529236056731
SoundWall0,61.610178166349264,1529236060191
SoundWall1,64.7677474882427,1529236060201
SoundWall2,74.46159343064473,1529236060223
SoundC,73.45017003946069,1529236063615
Present,98,1529236063619
Mtest9,true,1529236063731
InferredPresence,true,1529236064768
Mtest3,true,1529236065165
SoundCenter0,64.23114420045394,1529236066174
SoundCenter1,59.268731677879025,1529236066177
SoundCenter2,57.98365776235384,1529236066177
SoundWall0,61.759022626599645,1529236070191
SoundWall1,65.14579091564518,1529236070201
SoundWall2,74.3925496076733,1529236070220
tiltAircon0_Pitch,163.0,1529236070978
tiltAircon0_Roll,179.64,1529236070978
SoundC,72.66858725677886,1529236073623
Present,104,1529236073627
SoundCenter0,64.73461103913569,1529236076174
SoundCenter1,59.94755001471556,1529236076177
SoundCenter2,58.34978230211643,1529236076177
SoundWall0,62.2855610067298,1529236080191
SoundWall1,65.41188901401709,1529236080201
SoundWall2,74.22630925076423,1529236080215
tiltTest_Pitch,2.39,1529236081978
tiltTest_Roll,-0.05,1529236081978
Mtest1,false,1529236082979
SoundC,74.19700410241327,1529236083631
Present,97,1529236083634
seat5AOccupied,true,1529236085979
totalSeatCount,1,1529236085979
SoundCenter0,65.81369152239976,1529236086174
SoundCenter1,61.20862921919948,1529236086176
SoundCenter2,59.28373905989027,1529236086177
Mtest4,true,1529236088268
SoundWall0,62.940438383891085,1529236090191
SoundWall1,66.0645764467982,1529236090203
SoundWall2,74.25539848560688,1529236090224
seat5AOccupied,false,1529236091980
totalSeatCount,0,1529236091980
SoundC,73.45017003946069,1529236093638
Present,99,1529236093642
Mtest9,true,1529236093980
Mtest3,true,1529236095435
SoundCenter0,65.95747494741832,1529236096174
SoundCenter1,61.319735557249054,1529236096177
SoundCenter2,59.102343696073966,1529236096177
SoundWall0,63.59358626684859,1529236100191
SoundWall1,66.8593857549179,1529236100201
SoundWall2,74.42126795724405,1529236100214
Mtest5,true,1529236102451
SoundC,73.45017003946069,1529236103646
Present,104,1529236103649
Mtest1,true,1529236104343
SoundCenter0,66.29868528288013,1529236106174
SoundCenter1,62.00998632233672,1529236106179
SoundCenter2,60.119602118589576,1529236106182
SoundWall0,63.791746293218424,1529236110191
SoundWall1,67.29747251596199,1529236110202
SoundWall2,74.77182348202702,1529236110209
TurnOffLightGroup2,null,1529236112048
LightGroup2,Off,1529236112065
TurnOnLightGroup2,null,1529236113099
Color,yellow,1529236113130
LightGroup2,On,1529236113144
SoundC,71.84886370856825,1529236113653
Present,82,1529236113657
