SoundCenter0,70.7725226191386,1514956664769
SoundCenter1,67.14452376505699,1514956664770
SoundCenter2,65.43794939634172,1514956664771
SoundWall0,70.37355978249282,1514956664996
SoundWall1,70.8936230513886,1514956665008
SoundWall2,71.10381238965832,1514956665029
sensor0_Temperature,27.07,1514956665084
sensor0_Brightness,82.0,1514956665088
sensor1_Temperature,27.18,1514956665091
sensor1_Brightness,0.0,1514956665094
SoundC,60.20329792798059,1514956668865
Present,101,1514956668869
sensor0_Temperature,27.07,1514956671818
sensor0_Brightness,82.0,1514956671821
sensor1_Temperature,27.18,1514956671824
sensor1_Brightness,0.0,1514956671827
SoundCenter0,69.32400321123444,1514956674769
SoundCenter1,66.05143109421826,1514956674770
SoundCenter2,63.35986112613202,1514956674771
SoundWall0,68.44223021016518,1514956674996
SoundWall1,69.02317280401466,1514956675007
SoundWall2,69.2983045637283,1514956675018
sensor0_Temperature,27.07,1514956678578
sensor0_Brightness,82.0,1514956678582
sensor1_Temperature,27.18,1514956678585
sensor1_Brightness,0.0,1514956678588
SoundC,60.20329792798059,1514956678871
Present,102,1514956678874
SoundCenter0,67.19012254228862,1514956684769
SoundCenter1,63.46662770217733,1514956684770
SoundCenter2,61.13527937150795,1514956684771
SoundWall0,65.76446852311342,1514956684996
sensor0_Temperature,27.07,1514956685002
sensor0_Brightness,82.0,1514956685007
SoundWall1,65.59297454589198,1514956685007
sensor1_Temperature,27.18,1514956685009
sensor1_Brightness,0.0,1514956685012
SoundWall2,65.74853695557935,1514956685020
SoundC,59.341519288975356,1514956688877
Present,103,1514956688880
sensor0_Temperature,27.07,1514956691433
sensor0_Brightness,82.0,1514956691437
sensor1_Temperature,27.18,1514956691440
sensor1_Brightness,0.0,1514956691443
MoveFocus,GoTour,1514956691577
SoundCenter0,65.82545753222074,1514956694769
SoundCenter1,61.366575622452736,1514956694770
SoundCenter2,59.83650806131966,1514956694771
SoundWall0,64.71286741962894,1514956694996
SoundWall1,64.18633116383562,1514956695005
SoundWall2,64.80919950151586,1514956695015
sensor0_Temperature,27.07,1514956698139
sensor0_Brightness,82.0,1514956698143
sensor1_Temperature,27.18,1514956698146
sensor1_Brightness,0.0,1514956698149
SoundC,58.433135904413454,1514956698883
Present,109,1514956698886
sensor0_Temperature,27.07,1514956704557
sensor0_Brightness,82.0,1514956704561
sensor1_Temperature,27.18,1514956704564
sensor1_Brightness,0.0,1514956704567
SoundCenter0,65.03695512259343,1514956704769
SoundCenter1,59.90841265621092,1514956704770
SoundCenter2,58.965843523226425,1514956704771
SoundWall0,62.34353484914725,1514956704996
SoundWall1,62.23300889368233,1514956705006
SoundWall2,63.22144468084914,1514956705018
Entrance,null,1514956708847
UserCount,7,1514956708848
CorrectedUserCount,6,1514956708855
SoundC,61.023021476191225,1514956708889
Present,101,1514956708892
sensor0_Temperature,27.07,1514956711273
sensor0_Brightness,82.0,1514956711278
sensor1_Temperature,27.18,1514956711280
sensor1_Brightness,0.0,1514956711283
SoundCenter0,63.774851529272446,1514956714769
SoundCenter1,58.69108309065507,1514956714770
SoundCenter2,57.364515551823715,1514956714771
SoundWall0,60.675800193040935,1514956714996
SoundWall1,60.222626363848995,1514956715025
SoundWall2,61.40194894388858,1514956715037
Exit,null,1514956716599
UserCount,6,1514956716599
CorrectedUserCount,5,1514956716605
sensor0_Temperature,27.07,1514956717829
sensor0_Brightness,82.0,1514956717833
sensor1_Temperature,27.18,1514956717836
sensor1_Brightness,0.0,1514956717839
SoundC,56.45426312235056,1514956718895
Present,104,1514956718898
sensor0_Temperature,27.07,1514956724563
sensor0_Brightness,82.0,1514956724568
sensor1_Temperature,27.18,1514956724571
sensor1_Brightness,0.0,1514956724573
SoundCenter0,62.70361940738615,1514956724769
SoundCenter1,57.167066063757495,1514956724770
SoundCenter2,56.07566058828063,1514956724771
SoundWall0,59.777131173230664,1514956724996
SoundWall1,58.78405740305901,1514956725008
SoundWall2,60.504672334514105,1514956725020
SoundC,61.023021476191225,1514956728901
Present,104,1514956728904
sensor0_Temperature,27.07,1514956730952
sensor0_Brightness,82.0,1514956730957
sensor1_Temperature,27.18,1514956730959
sensor1_Brightness,0.0,1514956730962
SoundCenter0,62.78602039950294,1514956734769
SoundCenter1,56.37974637475284,1514956734770
SoundCenter2,56.181992958611524,1514956734771
SoundWall0,58.85403554161505,1514956734996
SoundWall1,58.24613252069373,1514956735007
SoundWall2,59.52800238309954,1514956735019
sensor0_Temperature,27.07,1514956737661
sensor0_Brightness,82.0,1514956737665
sensor1_Temperature,27.18,1514956737668
sensor1_Brightness,0.0,1514956737672
SoundC,62.551438321825636,1514956738907
Present,90,1514956738922
sensor0_Temperature,27.07,1514956744115
sensor0_Brightness,82.0,1514956744119
sensor1_Temperature,27.18,1514956744122
sensor1_Brightness,0.0,1514956744125
SoundCenter0,63.69394882274116,1514956744769
SoundCenter1,56.977877732805446,1514956744770
SoundCenter2,56.99987668909966,1514956744771
SoundWall0,58.998973372698806,1514956744996
SoundWall1,58.33635580294216,1514956745007
SoundWall2,59.77410685452882,1514956745019
SoundC,60.20329792798059,1514956748925
Present,104,1514956748928
sensor0_Temperature,27.07,1514956750769
sensor0_Brightness,82.0,1514956750773
sensor1_Temperature,27.18,1514956750776
sensor1_Brightness,0.0,1514956750779
MoveFocus,GoTour,1514956751679
SoundCenter0,64.39083637101234,1514956754769
SoundCenter1,57.234361826445515,1514956754770
SoundCenter2,57.25675041571197,1514956754771
SoundWall0,58.51288564997569,1514956754996
SoundWall1,58.436370104943826,1514956755008
SoundWall2,59.74797276329439,1514956755029
sensor0_Temperature,27.07,1514956757182
sensor0_Brightness,82.0,1514956757186
sensor1_Temperature,27.18,1514956757189
sensor1_Brightness,0.0,1514956757192
SoundC,60.20329792798059,1514956758931
Present,102,1514956758934
sensor0_Temperature,27.07,1514956763876
sensor0_Brightness,82.0,1514956763880
sensor1_Temperature,27.18,1514956763883
sensor1_Brightness,0.0,1514956763886
SoundCenter0,64.3193107340406,1514956764769
SoundCenter1,57.12880245875713,1514956764770
SoundCenter2,57.224165232312046,1514956764771
SoundWall0,58.45127701131357,1514956764996
SoundWall1,58.64462451092801,1514956765008
SoundWall2,59.29826728258339,1514956765020
SoundC,60.20329792798059,1514956768936
Present,105,1514956768946
sensor0_Temperature,27.07,1514956770294
sensor0_Brightness,82.0,1514956770298
sensor1_Temperature,27.18,1514956770301
sensor1_Brightness,0.0,1514956770304
SoundCenter0,62.37877519558974,1514956774769
SoundCenter1,55.950156490767,1514956774770
SoundCenter2,56.00504413384579,1514956774771
SoundWall0,58.00449743661108,1514956774996
SoundWall1,57.78615181675186,1514956775010
SoundWall2,58.634717159498905,1514956775021
sensor0_Temperature,27.07,1514956776904
sensor0_Brightness,82.0,1514956776908
sensor1_Temperature,27.18,1514956776915
sensor1_Brightness,0.0,1514956776919
SoundC,61.023021476191225,1514956778951
Present,127,1514956778954
sensor0_Temperature,27.07,1514956783435
sensor0_Brightness,82.0,1514956783439
sensor1_Temperature,27.18,1514956783442
sensor1_Brightness,0.0,1514956783445
SoundCenter0,61.91172377945202,1514956784769
SoundCenter1,55.87454271177922,1514956784770
SoundCenter2,55.851503203163425,1514956784771
SoundWall0,57.3350358540815,1514956784996
SoundWall1,57.38280988813004,1514956785006
SoundWall2,58.851490329734276,1514956785018
SoundC,59.341519288975356,1514956788956
Present,105,1514956788966
sensor0_Temperature,27.07,1514956790091
sensor0_Brightness,82.0,1514956790095
sensor1_Temperature,27.18,1514956790098
sensor1_Brightness,0.0,1514956790101
SoundCenter0,61.56806091162157,1514956794769
SoundCenter1,55.741525629174554,1514956794770
SoundCenter2,55.57528967705668,1514956794771
SoundWall0,57.158402600736345,1514956794996
SoundWall1,56.84244716088627,1514956795005
SoundWall2,58.71562829442766,1514956795017
sensor0_Temperature,27.07,1514956796564
sensor0_Brightness,82.0,1514956796568
sensor1_Temperature,27.18,1514956796571
sensor1_Brightness,0.0,1514956796574
SoundC,58.433135904413454,1514956798969
Present,106,1514956798972
sensor0_Temperature,27.07,1514956802961
sensor0_Brightness,82.0,1514956802965
sensor1_Temperature,27.18,1514956802968
sensor1_Brightness,0.0,1514956802970
SoundCenter0,61.082315622987615,1514956804769
SoundCenter1,55.391334482017626,1514956804770
SoundCenter2,55.12113425404453,1514956804771
SoundWall0,56.76012884946,1514956804996
SoundWall1,56.76026026537242,1514956805011
SoundWall2,59.17836547976121,1514956805023
SoundC,59.341519288975356,1514956808975
Present,108,1514956808978
sensor0_Temperature,27.07,1514956809372
sensor0_Brightness,82.0,1514956809376
sensor1_Temperature,27.18,1514956809379
sensor1_Brightness,0.0,1514956809382
MoveFocus,GoTour,1514956811747
SoundCenter0,60.83366532450463,1514956814769
SoundCenter1,55.59948120998983,1514956814770
SoundCenter2,54.631919669235565,1514956814772
SoundWall0,56.83287664335193,1514956814996
SoundWall1,56.784414883358856,1514956815007
SoundWall2,58.7921507435717,1514956815018
sensor0_Temperature,27.07,1514956815794
sensor0_Brightness,82.0,1514956815798
sensor1_Temperature,27.18,1514956815801
sensor1_Brightness,0.0,1514956815804
SoundC,61.80460425887306,1514956818981
Present,104,1514956818984
sensor0_Temperature,27.07,1514956822246
sensor0_Brightness,82.0,1514956822250
sensor1_Temperature,27.18,1514956822253
sensor1_Brightness,0.0,1514956822255
SoundCenter0,60.72937674580744,1514956824769
SoundCenter1,55.57111812392207,1514956824771
SoundCenter2,54.285374448486884,1514956824772
SoundWall0,56.76548021062743,1514956824996
SoundWall1,56.11862133681479,1514956825007
SoundWall2,58.82908491561173,1514956825031
SoundC,60.20329792798059,1514956828987
Present,108,1514956828990
sensor0_Temperature,27.07,1514956830691
sensor0_Brightness,82.0,1514956830695
sensor1_Temperature,27.18,1514956830698
sensor1_Brightness,0.0,1514956830701
SoundCenter0,61.749728285006725,1514956834769
SoundCenter1,55.721363869846876,1514956834770
SoundCenter2,54.477260057706054,1514956834772
SoundWall0,56.31970978080665,1514956834996
SoundWall1,56.05931121418051,1514956835008
SoundWall2,59.02705944926499,1514956835029
sensor0_Temperature,27.07,1514956837141
sensor0_Brightness,82.0,1514956837145
sensor1_Temperature,27.18,1514956837148
sensor1_Brightness,0.0,1514956837151
SoundC,59.341519288975356,1514956838993
Present,111,1514956838996
sensor0_Temperature,27.07,1514956843749
sensor0_Brightness,82.0,1514956843753
sensor1_Temperature,27.18,1514956843755
sensor1_Brightness,0.0,1514956843758
SoundCenter0,61.833842134127295,1514956844769
SoundCenter1,55.44412724974427,1514956844770
SoundCenter2,54.24193443244255,1514956844772
SoundWall0,56.82593781310501,1514956844996
SoundWall1,56.24151613827045,1514956845012
SoundWall2,58.756517026248034,1514956845024
SoundC,58.433135904413454,1514956849005
Present,98,1514956849013
sensor0_Temperature,27.07,1514956850411
sensor0_Brightness,82.0,1514956850415
sensor1_Temperature,27.18,1514956850418
sensor1_Brightness,0.0,1514956850421
SoundCenter0,62.01320455237568,1514956854769
SoundCenter1,55.173578442689504,1514956854771
SoundCenter2,54.331960731410604,1514956854772
SoundWall0,56.94731509824377,1514956854996
SoundWall1,56.20336181656493,1514956855007
SoundWall2,58.835487004133746,1514956855019
sensor0_Temperature,27.07,1514956856857
sensor0_Brightness,82.0,1514956856861
sensor1_Temperature,27.18,1514956856864
sensor1_Brightness,0.0,1514956856867
SoundC,57.472817393488484,1514956859025
Present,104,1514956859029
sensor0_Temperature,27.07,1514956863313
sensor0_Brightness,82.0,1514956863318
sensor1_Temperature,27.18,1514956863320
sensor1_Brightness,0.0,1514956863323
SoundCenter0,62.158344387199776,1514956864769
SoundCenter1,55.16216626448181,1514956864771
SoundCenter2,54.50533434310538,1514956864772
SoundWall0,56.892780827017106,1514956864996
SoundWall1,55.84812503599702,1514956865008
SoundWall2,58.73340989220372,1514956865020
SoundC,58.433135904413454,1514956869038
Present,157,1514956869055
sensor0_Temperature,27.07,1514956869759
sensor0_Brightness,82.0,1514956869763
sensor1_Temperature,27.18,1514956869766
sensor1_Brightness,0.0,1514956869769
MoveFocus,GoTour,1514956871919
SoundCenter0,62.20682442645428,1514956874769
SoundCenter1,54.918730735271794,1514956874771
SoundCenter2,54.55662975148149,1514956874772
SoundWall0,57.24402372304939,1514956874996
SoundWall1,55.724035815887696,1514956875007
SoundWall2,59.14581487303221,1514956875014
sensor0_Temperature,27.07,1514956876211
sensor0_Brightness,82.0,1514956876214
sensor1_Temperature,27.18,1514956876217
sensor1_Brightness,0.0,1514956876220
SoundC,58.433135904413454,1514956879062
Present,87,1514956879065
sensor0_Temperature,27.07,1514956882663
sensor0_Brightness,82.0,1514956882666
sensor1_Temperature,27.18,1514956882669
sensor1_Brightness,0.0,1514956882672
SoundCenter0,61.71436705204386,1514956884769
SoundCenter1,54.97096215077722,1514956884771
SoundCenter2,54.41802363452013,1514956884772
SoundWall0,57.25240940355036,1514956884996
SoundWall1,55.73975246589068,1514956885006
SoundWall2,59.102243493154035,1514956885018
SoundC,60.20329792798059,1514956889066
Present,104,1514956889069
sensor0_Temperature,27.07,1514956889085
sensor0_Brightness,82.0,1514956889090
sensor1_Temperature,27.18,1514956889092
sensor1_Brightness,0.0,1514956889095
SoundCenter0,61.327310447076556,1514956894769
SoundCenter1,54.972000258388526,1514956894771
SoundCenter2,54.31184696014982,1514956894772
SoundWall0,57.63730776088979,1514956894996
SoundWall1,56.19976737893821,1514956895007
SoundWall2,59.851913229531796,1514956895019
sensor0_Temperature,27.07,1514956895769
sensor0_Brightness,82.0,1514956895773
sensor1_Temperature,27.18,1514956895775
sensor1_Brightness,0.0,1514956895778
SoundC,56.45426312235056,1514956899071
Present,104,1514956899075
sensor0_Temperature,27.07,1514956902203
sensor0_Brightness,82.0,1514956902206
sensor1_Temperature,27.18,1514956902209
sensor1_Brightness,0.0,1514956902212
SoundCenter0,61.27668805934415,1514956904769
SoundCenter1,54.85383271563254,1514956904770
SoundCenter2,54.39240273513753,1514956904771
SoundWall0,57.19226955936207,1514956904996
SoundWall1,55.73828768486962,1514956905007
SoundWall2,59.490888696563246,1514956905019
sensor0_Temperature,27.07,1514956908888
sensor0_Brightness,82.0,1514956908892
sensor1_Temperature,27.18,1514956908895
sensor1_Brightness,0.0,1514956908898
SoundC,61.80460425887306,1514956909078
Present,111,1514956909081
SoundCenter0,61.34998463290522,1514956914769
SoundCenter1,55.11881237658425,1514956914770
SoundCenter2,54.34901826852196,1514956914772
SoundWall0,57.105920594025726,1514956914996
SoundWall1,56.14947761059073,1514956915008
SoundWall2,58.98656613823748,1514956915020
sensor0_Temperature,27.07,1514956915332
sensor0_Brightness,82.0,1514956915336
sensor1_Temperature,27.18,1514956915339
sensor1_Brightness,0.0,1514956915342
SoundC,60.20329792798059,1514956919090
Present,103,1514956919093
sensor0_Temperature,27.07,1514956921985
sensor0_Brightness,82.0,1514956921989
sensor1_Temperature,27.18,1514956921992
sensor1_Brightness,0.0,1514956921995
SoundCenter0,61.37844754331157,1514956924769
SoundCenter1,55.240476880416715,1514956924770
SoundCenter2,54.15031911440257,1514956924771
SoundWall0,57.31735147479294,1514956924996
SoundWall1,56.73468764351016,1514956925007
SoundWall2,59.132297020984,1514956925019
sensor0_Temperature,27.07,1514956928643
sensor0_Brightness,82.0,1514956928647
sensor1_Temperature,27.18,1514956928650
sensor1_Brightness,0.0,1514956928653
SoundC,59.341519288975356,1514956929102
Present,105,1514956929106
MoveFocus,GoTour,1514956932011
SoundCenter0,60.8747296549102,1514956934769
SoundCenter1,55.40326367115002,1514956934770
SoundCenter2,53.921619416652284,1514956934771
SoundWall0,57.1429359185563,1514956934996
SoundWall1,56.48619549294064,1514956935005
SoundWall2,58.6346663759032,1514956935018
sensor0_Temperature,27.07,1514956935051
sensor0_Brightness,82.0,1514956935054
sensor1_Temperature,27.18,1514956935057
sensor1_Brightness,0.0,1514956935059
SoundC,60.20329792798059,1514956939114
Present,149,1514956939118
sensor0_Temperature,27.07,1514956941748
sensor0_Brightness,82.0,1514956941752
sensor1_Temperature,27.18,1514956941755
sensor1_Brightness,0.0,1514956941758
SoundCenter0,61.22118615050276,1514956944769
SoundCenter1,55.3055242467364,1514956944770
SoundCenter2,53.63628819029853,1514956944771
SoundWall0,57.11509812160594,1514956944996
SoundWall1,56.47853708388925,1514956945009
SoundWall2,59.22107836456118,1514956945023
sensor0_Temperature,27.07,1514956948404
sensor0_Brightness,82.0,1514956948408
sensor1_Temperature,27.18,1514956948411
sensor1_Brightness,0.0,1514956948414
SoundC,61.023021476191225,1514956949126
Present,109,1514956949130
SoundCenter0,62.3855919184506,1514956954769
SoundCenter1,55.79969704148321,1514956954770
SoundCenter2,54.24557887041739,1514956954771
sensor0_Temperature,27.07,1514956954859
sensor0_Brightness,82.0,1514956954863
sensor1_Temperature,27.18,1514956954866
sensor1_Brightness,0.0,1514956954869
SoundWall0,57.096093176172545,1514956954996
SoundWall1,56.89049300511166,1514956955009
SoundWall2,59.20294163776948,1514956955023
Entrance,null,1514956958448
UserCount,7,1514956958448
CorrectedUserCount,6,1514956958462
SoundC,58.433135904413454,1514956959135
Present,114,1514956959138
sensor0_Temperature,27.07,1514956961266
sensor0_Brightness,82.0,1514956961269
sensor1_Temperature,27.18,1514956961272
sensor1_Brightness,0.0,1514956961275
SoundCenter0,62.72428272071671,1514956964769
SoundCenter1,56.71038901646308,1514956964770
SoundCenter2,54.8877202195971,1514956964771
SoundWall0,57.48432549251167,1514956964996
SoundWall1,57.64562445855406,1514956965008
SoundWall2,59.704433780208966,1514956965028
sensor0_Temperature,27.07,1514956967962
sensor0_Brightness,82.0,1514956967966
sensor1_Temperature,27.18,1514956967969
sensor1_Brightness,0.0,1514956967971
SoundC,61.80460425887306,1514956969142
Present,112,1514956969145
sensor0_Temperature,27.07,1514956974619
sensor0_Brightness,82.0,1514956974623
sensor1_Temperature,27.18,1514956974626
sensor1_Brightness,0.0,1514956974629
SoundCenter0,62.17287233522131,1514956974769
SoundCenter1,56.772021222189935,1514956974770
SoundCenter2,54.592126805995946,1514956974771
SoundWall0,58.1380327308873,1514956974996
SoundWall1,58.007688273724426,1514956975006
SoundWall2,60.426427247754845,1514956975018
SoundC,62.551438321825636,1514956979150
Present,111,1514956979153
sensor0_Temperature,27.07,1514956981019
sensor0_Brightness,82.0,1514956981023
sensor1_Temperature,27.18,1514956981026
sensor1_Brightness,0.0,1514956981029
SoundCenter0,61.67756459611463,1514956984769
SoundCenter1,56.61403010932891,1514956984770
SoundCenter2,54.20481332336239,1514956984771
SoundWall0,58.12424248833479,1514956984996
SoundWall1,57.98922450633832,1514956985013
SoundWall2,60.29329394391349,1514956985033
sensor0_Temperature,27.07,1514956987524
sensor0_Brightness,82.0,1514956987527
sensor1_Temperature,27.18,1514956987530
sensor1_Brightness,0.0,1514956987533
SoundC,61.023021476191225,1514956989168
Present,116,1514956989171
MoveFocus,GoTour,1514956992078
Exit,null,1514956992525
UserCount,6,1514956992525
CorrectedUserCount,5,1514956992536
Exit,null,1514956992688
UserCount,5,1514956992688
CorrectedUserCount,4,1514956992689
sensor0_Temperature,27.07,1514956994185
sensor0_Brightness,82.0,1514956994189
sensor1_Temperature,27.18,1514956994192
sensor1_Brightness,0.0,1514956994194
SoundCenter0,62.17009334537421,1514956994769
SoundCenter1,57.6296136856811,1514956994770
SoundCenter2,55.0557236173857,1514956994771
SoundWall0,58.76216158550426,1514956994996
SoundWall1,58.3869822142325,1514956995005
SoundWall2,60.331454899971796,1514956995017
SoundC,60.20329792798059,1514956999174
Present,110,1514956999177
sensor0_Temperature,27.07,1514957000569
sensor0_Brightness,82.0,1514957000574
sensor1_Temperature,27.18,1514957000576
sensor1_Brightness,0.0,1514957000579
SoundCenter0,62.951832268673925,1514957004769
SoundCenter1,58.96809274030143,1514957004770
SoundCenter2,57.250252483287184,1514957004771
SoundWall0,59.81041057127981,1514957004996
SoundWall1,59.276847906792405,1514957005005
SoundWall2,60.31179063056822,1514957005017
sensor0_Temperature,27.07,1514957006983
sensor0_Brightness,82.0,1514957006987
sensor1_Temperature,27.18,1514957006990
sensor1_Brightness,0.0,1514957006993
SoundC,62.551438321825636,1514957009180
Present,111,1514957009183
sensor0_Temperature,27.07,1514957013634
sensor0_Brightness,82.0,1514957013640
sensor1_Temperature,27.18,1514957013643
sensor1_Brightness,0.0,1514957013649
SoundCenter0,62.96479989746715,1514957014769
SoundCenter1,59.43122642085771,1514957014770
SoundCenter2,57.911639202583956,1514957014771
SoundWall0,60.730791938577134,1514957014996
SoundWall1,59.93830270669343,1514957015007
SoundWall2,60.73715159048934,1514957015019
SoundC,57.472817393488484,1514957019186
Present,118,1514957019196
sensor0_Temperature,27.07,1514957020290
sensor0_Brightness,82.0,1514957020294
sensor1_Temperature,27.18,1514957020297
sensor1_Brightness,0.0,1514957020300
SoundCenter0,63.26597320489557,1514957024769
SoundCenter1,59.191243547447634,1514957024770
SoundCenter2,57.863842660691354,1514957024771
SoundWall0,61.0224006811319,1514957024996
SoundWall1,59.904910603776635,1514957025009
SoundWall2,61.28512218230494,1514957025021
sensor0_Temperature,27.07,1514957026904
sensor0_Brightness,82.0,1514957026908
sensor1_Temperature,27.18,1514957026915
sensor1_Brightness,0.0,1514957026920
SoundC,61.023021476191225,1514957029199
Present,113,1514957029203
sensor0_Temperature,27.07,1514957033602
sensor0_Brightness,82.0,1514957033607
sensor1_Temperature,27.18,1514957033610
sensor1_Brightness,0.0,1514957033613
SoundCenter0,64.1329338290138,1514957034769
SoundCenter1,59.24869425561236,1514957034770
SoundCenter2,57.96202946590059,1514957034771
SoundWall0,60.93550891617482,1514957034996
SoundWall1,59.70663572595519,1514957035007
SoundWall2,61.626503377450696,1514957035018
SoundC,60.20329792798059,1514957039210
Present,104,1514957039220
sensor0_Temperature,27.07,1514957040258
sensor0_Brightness,82.0,1514957040262
sensor1_Temperature,27.18,1514957040265
sensor1_Brightness,0.0,1514957040268
SoundCenter0,65.1087291853304,1514957044769
SoundCenter1,59.70868388158624,1514957044770
SoundCenter2,58.196982631615604,1514957044771
SoundWall0,61.01986523746407,1514957044996
SoundWall1,59.753439952713826,1514957045012
SoundWall2,61.28128378290121,1514957045031
sensor0_Temperature,27.07,1514957046709
sensor0_Brightness,82.0,1514957046712
sensor1_Temperature,27.18,1514957046717
sensor1_Brightness,0.0,1514957046719
SoundC,57.472817393488484,1514957049224
Present,120,1514957049227
MoveFocus,GoTour,1514957052155
sensor0_Temperature,27.07,1514957053154
sensor0_Brightness,82.0,1514957053157
sensor1_Temperature,27.18,1514957053161
sensor1_Brightness,0.0,1514957053164
SoundCenter0,65.17779047582162,1514957054769
SoundCenter1,58.72567123969928,1514957054770
SoundCenter2,57.51770288289493,1514957054772
SoundWall0,60.480784793173385,1514957054996
SoundWall1,59.18018966821618,1514957055006
SoundWall2,61.62191077294888,1514957055020
SoundC,59.341519288975356,1514957059230
Present,113,1514957059233
sensor0_Temperature,27.07,1514957059716
sensor0_Brightness,82.0,1514957059720
sensor1_Temperature,27.18,1514957059723
sensor1_Brightness,0.0,1514957059726
SoundCenter0,64.63004805110378,1514957064769
SoundCenter1,57.78730813376833,1514957064770
SoundCenter2,55.91094478797552,1514957064772
SoundWall0,59.88813556658371,1514957064996
SoundWall1,58.55470940566726,1514957065006
SoundWall2,61.39609056159522,1514957065021
sensor0_Temperature,27.07,1514957066124
sensor0_Brightness,82.0,1514957066128
sensor1_Temperature,27.18,1514957066132
sensor1_Brightness,0.0,1514957066134
SoundC,60.20329792798059,1514957069235
Present,108,1514957069238
sensor0_Temperature,27.07,1514957072822
sensor0_Brightness,82.0,1514957072826
sensor1_Temperature,27.18,1514957072829
sensor1_Brightness,0.0,1514957072832
SoundCenter0,63.405405833340154,1514957074769
SoundCenter1,56.8229853394039,1514957074771
SoundCenter2,55.17217363292063,1514957074772
SoundWall0,58.85698883713795,1514957074996
SoundWall1,57.10936977211973,1514957075009
SoundWall2,60.33206167426551,1514957075029
sensor0_Temperature,27.07,1514957079219
sensor0_Brightness,82.0,1514957079223
sensor1_Temperature,27.18,1514957079227
sensor1_Brightness,0.0,1514957079230
SoundC,60.20329792798059,1514957079241
Present,133,1514957079244
SoundCenter0,62.4690198570469,1514957084769
SoundCenter1,56.35016510254425,1514957084771
SoundCenter2,55.43913490231424,1514957084772
SoundWall0,58.52150009413679,1514957084996
SoundWall1,56.68905846695925,1514957085006
SoundWall2,59.37167557645281,1514957085018
sensor0_Temperature,27.07,1514957085941
sensor0_Brightness,82.0,1514957085945
sensor1_Temperature,27.18,1514957085948
sensor1_Brightness,0.0,1514957085951
SoundC,58.433135904413454,1514957089247
Present,109,1514957089251
sensor0_Temperature,27.07,1514957092382
sensor0_Brightness,82.0,1514957092387
sensor1_Temperature,27.18,1514957092390
sensor1_Brightness,0.0,1514957092393
SoundCenter0,61.42879749874608,1514957094769
SoundCenter1,56.119153563871464,1514957094770
SoundCenter2,55.79152455916039,1514957094772
SoundWall0,58.60596728497301,1514957094996
SoundWall1,56.22603393395029,1514957095009
SoundWall2,58.88916030525227,1514957095021
sensor0_Temperature,27.07,1514957098832
sensor0_Brightness,82.0,1514957098836
sensor1_Temperature,27.18,1514957098840
sensor1_Brightness,0.0,1514957098842
SoundC,60.20329792798059,1514957099257
Present,149,1514957099262
SoundCenter0,60.710255724983845,1514957104769
SoundCenter1,55.69638203658926,1514957104771
SoundCenter2,55.65953360808568,1514957104772
SoundWall0,58.50661374676026,1514957104996
SoundWall1,55.46293738628438,1514957105010
SoundWall2,59.09102632501576,1514957105029
sensor0_Temperature,27.07,1514957105241
sensor0_Brightness,82.0,1514957105245
sensor1_Temperature,27.18,1514957105249
sensor1_Brightness,0.0,1514957105252
SoundC,58.433135904413454,1514957109267
Present,105,1514957109270
sensor0_Temperature,27.07,1514957111941
sensor0_Brightness,82.0,1514957111944
sensor1_Temperature,27.18,1514957111948
sensor1_Brightness,0.0,1514957111951
MoveFocus,GoTour,1514957112247
SoundCenter0,60.57718882631955,1514957114769
SoundCenter1,55.46167921393803,1514957114771
SoundCenter2,55.55847767084213,1514957114772
SoundWall0,58.87332320144216,1514957114996
SoundWall1,55.39877882563766,1514957115007
SoundWall2,58.83529693518345,1514957115018
sensor0_Temperature,27.07,1514957118595
sensor0_Brightness,82.0,1514957118600
sensor1_Temperature,27.18,1514957118602
sensor1_Brightness,0.0,1514957118606
SoundC,55.369951428718224,1514957119273
Present,110,1514957119276
SoundCenter0,60.08840338672084,1514957124769
SoundCenter1,55.12294095267261,1514957124770
SoundCenter2,55.25887772928351,1514957124772
SoundWall0,58.36870460468559,1514957124996
sensor0_Temperature,27.07,1514957125000
sensor0_Brightness,82.0,1514957125004
SoundWall1,55.42219374440724,1514957125006
sensor1_Temperature,27.18,1514957125008
sensor1_Brightness,0.0,1514957125010
SoundWall2,58.7379176023355,1514957125018
SoundC,57.472817393488484,1514957129279
Present,90,1514957129282
sensor0_Temperature,27.07,1514957131473
sensor0_Brightness,82.0,1514957131479
sensor1_Temperature,27.18,1514957131481
sensor1_Brightness,0.0,1514957131484
SoundCenter0,60.71157854789236,1514957134769
SoundCenter1,55.64020523398749,1514957134771
SoundCenter2,55.36316390041119,1514957134772
SoundWall0,58.738103028227876,1514957134996
SoundWall1,55.87777257011523,1514957135007
SoundWall2,58.66342698227575,1514957135019
sensor0_Temperature,27.07,1514957137957
sensor0_Brightness,82.0,1514957137961
sensor1_Temperature,27.18,1514957137964
sensor1_Brightness,0.0,1514957137968
SoundC,62.551438321825636,1514957139284
Present,112,1514957139287
sensor0_Temperature,27.07,1514957144400
sensor0_Brightness,82.0,1514957144405
sensor1_Temperature,27.18,1514957144408
sensor1_Brightness,0.0,1514957144410
SoundCenter0,61.16769439565976,1514957144769
SoundCenter1,56.06025547711648,1514957144770
SoundCenter2,55.39771208265315,1514957144772
SoundWall0,58.96559292216013,1514957144996
SoundWall1,55.8909609022562,1514957145009
SoundWall2,58.72163758065328,1514957145021
SoundC,59.341519288975356,1514957149290
Present,112,1514957149293
sensor0_Temperature,27.07,1514957150852
sensor0_Brightness,82.0,1514957150856
sensor1_Temperature,27.18,1514957150859
sensor1_Brightness,0.0,1514957150862
SoundCenter0,61.77772435678924,1514957154769
SoundCenter1,56.77306226375607,1514957154770
SoundCenter2,55.77575104816354,1514957154772
SoundWall0,58.90281220111399,1514957154996
SoundWall1,56.261039738574695,1514957155005
SoundWall2,58.70931851578404,1514957155017
sensor0_Temperature,27.07,1514957157281
sensor0_Brightness,82.0,1514957157285
sensor1_Temperature,27.18,1514957157288
sensor1_Brightness,0.0,1514957157291
SoundC,61.023021476191225,1514957159296
Present,108,1514957159299
sensor0_Temperature,27.07,1514957163725
sensor0_Brightness,82.0,1514957163730
sensor1_Temperature,27.18,1514957163733
sensor1_Brightness,0.0,1514957163736
SoundCenter0,62.51339323197837,1514957164769
SoundCenter1,57.82220392987918,1514957164770
SoundCenter2,56.30337591654895,1514957164772
SoundWall0,59.7911825233063,1514957164996
SoundWall1,57.07425535622355,1514957165006
SoundWall2,59.49436861968844,1514957165018
SoundC,63.95233273361063,1514957169301
Present,119,1514957169312
sensor0_Temperature,27.07,1514957170411
sensor0_Brightness,82.0,1514957170415
sensor1_Temperature,27.18,1514957170418
sensor1_Brightness,0.0,1514957170421
MoveFocus,GoTour,1514957172324
SoundCenter0,62.416679952997086,1514957174769
SoundCenter1,58.58687669410178,1514957174770
SoundCenter2,57.092581655900716,1514957174772
SoundWall0,60.323562220577635,1514957174996
SoundWall1,57.90474079553063,1514957175007
SoundWall2,60.3551253978681,1514957175019
SoundWindow0,67.48733402615987,1514957176413
SoundWindow1,83.94977038421436,1514957176415
sensor0_Temperature,27.07,1514957176869
sensor0_Brightness,82.0,1514957176873
sensor1_Temperature,27.18,1514957176877
sensor1_Brightness,0.0,1514957176879
SoundC,64.61127993529891,1514957179314
Present,110,1514957179318
sensor0_Temperature,27.07,1514957183318
sensor0_Brightness,82.0,1514957183321
sensor1_Temperature,27.18,1514957183325
sensor1_Brightness,0.0,1514957183328
SoundCenter0,62.983455181881375,1514957184769
SoundCenter1,59.38826108261877,1514957184770
SoundCenter2,57.70523893183248,1514957184771
SoundWall0,61.09508193801976,1514957184996
SoundWall1,58.16159734871919,1514957185009
SoundWall2,60.644522641711454,1514957185021
SoundWindow0,66.95181409406968,1514957186413
SoundWindow1,83.93046398181015,1514957186435
SoundC,58.433135904413454,1514957189323
Present,90,1514957189331
sensor0_Temperature,27.07,1514957189765
sensor0_Brightness,82.0,1514957189770
sensor1_Temperature,27.18,1514957189772
sensor1_Brightness,0.0,1514957189780
SoundCenter0,63.05607957805867,1514957194769
SoundCenter1,59.302474211142155,1514957194770
SoundCenter2,57.8718271757041,1514957194771
SoundWall0,61.42555120185987,1514957194996
SoundWall1,58.08448078015163,1514957195005
SoundWall2,61.2158330233219,1514957195017
sensor0_Temperature,27.07,1514957196216
sensor0_Brightness,82.0,1514957196220
sensor1_Temperature,27.18,1514957196223
sensor1_Brightness,0.0,1514957196226
SoundWindow0,66.34621593353957,1514957196413
SoundWindow1,83.9087903038205,1514957196415
SoundC,61.023021476191225,1514957199334
Present,113,1514957199337
sensor0_Temperature,27.07,1514957202872
sensor0_Brightness,82.0,1514957202875
sensor1_Temperature,27.18,1514957202879
sensor1_Brightness,0.0,1514957202882
SoundCenter0,62.75512856497726,1514957204769
SoundCenter1,59.31024464926751,1514957204770
SoundCenter2,57.92759409309862,1514957204772
SoundWall0,61.35399919263818,1514957204996
SoundWall1,58.059004482067586,1514957205005
SoundWall2,61.54015085620326,1514957205015
SoundWindow0,66.10490752189578,1514957206413
SoundWindow1,83.89854528372203,1514957206417
sensor0_Temperature,27.07,1514957209323
sensor0_Brightness,82.0,1514957209328
sensor1_Temperature,27.18,1514957209331
sensor1_Brightness,0.0,1514957209333
SoundC,61.023021476191225,1514957209340
Present,86,1514957209343
SoundCenter0,63.21741227493876,1514957214769
SoundCenter1,59.16439559964261,1514957214771
SoundCenter2,57.56732761873802,1514957214772
SoundWall0,61.145594199574994,1514957214996
SoundWall1,57.848940247910136,1514957215005
SoundWall2,61.54828256417636,1514957215017
sensor0_Temperature,27.07,1514957215746
sensor0_Brightness,82.0,1514957215750
sensor1_Temperature,27.18,1514957215753
sensor1_Brightness,0.0,1514957215755
SoundWindow0,66.02229080871918,1514957216413
SoundWindow1,83.90064426468834,1514957216416
SoundC,57.472817393488484,1514957219346
Present,101,1514957219349
sensor0_Temperature,27.07,1514957222431
sensor0_Brightness,82.0,1514957222435
sensor1_Temperature,27.18,1514957222438
sensor1_Brightness,0.0,1514957222441
SoundCenter0,63.059428767163425,1514957224769
SoundCenter1,58.71475374544691,1514957224771
SoundCenter2,56.93157389939471,1514957224772
SoundWall0,60.17169760307734,1514957224996
SoundWall1,57.74159107089213,1514957225009
SoundWall2,60.9261929234279,1514957225021
SoundWindow0,65.48275763251428,1514957226413
SoundWindow1,83.90543776830427,1514957226416
sensor0_Temperature,27.07,1514957228899
sensor0_Brightness,82.0,1514957228903
sensor1_Temperature,27.18,1514957228907
sensor1_Brightness,0.0,1514957228917
SoundC,58.433135904413454,1514957229351
Present,107,1514957229355
MoveFocus,GoTour,1514957232401
SoundCenter0,62.90200926523603,1514957234769
SoundCenter1,57.93723803319544,1514957234771
SoundCenter2,56.163339334464794,1514957234772
SoundWall0,59.32180170583629,1514957234996
SoundWall1,57.33647812389047,1514957235006
SoundWall2,60.61060980447864,1514957235016
sensor0_Temperature,27.07,1514957235333
sensor0_Brightness,82.0,1514957235337
sensor1_Temperature,27.18,1514957235340
sensor1_Brightness,0.0,1514957235343
SoundWindow0,64.9874828684056,1514957236413
SoundWindow1,83.88142653325139,1514957236416
SoundC,59.341519288975356,1514957239357
Present,137,1514957239360
sensor0_Temperature,27.07,1514957241751
sensor0_Brightness,82.0,1514957241755
sensor1_Temperature,27.18,1514957241758
sensor1_Brightness,0.0,1514957241762
SoundCenter0,61.85553184955159,1514957244769
SoundCenter1,57.0922952861059,1514957244770
SoundCenter2,55.88793006666223,1514957244771
SoundWall0,58.553839607376204,1514957244996
SoundWall1,56.90639775737348,1514957245006
SoundWall2,60.026648429173875,1514957245018
SoundWindow0,64.61739434410072,1514957246413
SoundWindow1,83.88825654665037,1514957246416
sensor0_Temperature,27.07,1514957248441
sensor0_Brightness,82.0,1514957248446
sensor1_Temperature,27.18,1514957248449
sensor1_Brightness,0.0,1514957248452
SoundC,57.472817393488484,1514957249363
Present,112,1514957249366
SoundCenter0,61.3870666513394,1514957254769
SoundCenter1,56.80998833905701,1514957254770
SoundCenter2,55.74107550920896,1514957254771
sensor0_Temperature,27.07,1514957254932
sensor0_Brightness,82.0,1514957254937
sensor1_Temperature,27.18,1514957254941
sensor1_Brightness,0.0,1514957254944
SoundWall0,57.65041915536392,1514957254996
SoundWall1,56.37819603659135,1514957255006
SoundWall2,58.58826747416028,1514957255022
SoundWindow0,64.24138516271903,1514957256413
SoundWindow1,83.89177567198867,1514957256416
SoundC,60.20329792798059,1514957259368
Present,98,1514957259372
sensor0_Temperature,27.07,1514957261445
sensor0_Brightness,82.0,1514957261450
sensor1_Temperature,27.18,1514957261454
sensor1_Brightness,0.0,1514957261458
SoundCenter0,61.08583200106771,1514957264769
SoundCenter1,56.136079286263616,1514957264770
SoundCenter2,55.51891896998579,1514957264771
SoundWall0,57.50023130625145,1514957264996
SoundWall1,56.49655357119455,1514957265007
SoundWall2,58.15760790786302,1514957265016
SoundWindow0,64.07910348347956,1514957266413
SoundWindow1,83.91222506231017,1514957266416
sensor0_Temperature,27.07,1514957267897
sensor0_Brightness,82.0,1514957267902
sensor1_Temperature,27.18,1514957267905
sensor1_Brightness,0.0,1514957267910
SoundC,57.472817393488484,1514957269374
Present,108,1514957269378
sensor0_Temperature,27.07,1514957274348
sensor0_Brightness,82.0,1514957274353
sensor1_Temperature,27.18,1514957274356
sensor1_Brightness,0.0,1514957274361
SoundCenter0,60.00649825047672,1514957274769
SoundCenter1,55.55174091654264,1514957274770
SoundCenter2,55.76428282145909,1514957274771
SoundWall0,57.74936132191937,1514957274996
SoundWall1,56.824263169375065,1514957275006
SoundWall2,57.972908924283594,1514957275026
SoundWindow0,63.91735478389321,1514957276413
SoundWindow1,83.91557759782637,1514957276416
SoundC,57.472817393488484,1514957279381
Present,114,1514957279384
sensor0_Temperature,27.07,1514957280799
sensor0_Brightness,82.0,1514957280804
sensor1_Temperature,27.18,1514957280808
sensor1_Brightness,0.0,1514957280813
SoundCenter0,59.35387153632526,1514957284769
SoundCenter1,55.305068351825874,1514957284770
SoundCenter2,56.69959608870371,1514957284771
SoundWall0,57.8969114854344,1514957284996
SoundWall1,56.52815525566119,1514957285010
SoundWall2,57.523102402828414,1514957285019
SoundWindow0,63.82475343960839,1514957286413
SoundWindow1,83.93594369323682,1514957286415
sensor0_Temperature,27.07,1514957287230
sensor0_Brightness,82.0,1514957287234
sensor1_Temperature,27.18,1514957287236
sensor1_Brightness,0.0,1514957287240
SoundC,63.26648240367583,1514957289387
Present,109,1514957289390
MoveFocus,GoTour,1514957292478
sensor0_Temperature,27.07,1514957293908
sensor0_Brightness,82.0,1514957293912
sensor1_Temperature,27.18,1514957293916
sensor1_Brightness,0.0,1514957293920
SoundCenter0,58.50542389700666,1514957294769
SoundCenter1,54.962640702890845,1514957294770
SoundCenter2,57.19470229452416,1514957294771
SoundWall0,57.90239874201332,1514957294996
SoundWall1,56.079850441047434,1514957295006
SoundWall2,56.06189852709924,1514957295018
SoundWindow0,63.440487200038675,1514957296413
SoundWindow1,83.95999657574524,1514957296415
SoundC,57.472817393488484,1514957299393
Present,115,1514957299396
sensor0_Temperature,27.07,1514957300997
sensor0_Brightness,82.0,1514957301000
sensor1_Temperature,27.18,1514957301002
sensor1_Brightness,0.0,1514957301005
SoundCenter0,58.929037132752335,1514957304769
SoundCenter1,55.25441548992993,1514957304770
SoundCenter2,57.271818863091724,1514957304771
SoundWall0,58.63176703079385,1514957304996
SoundWall1,56.23575497495028,1514957305006
SoundWall2,56.4718599726697,1514957305018
SoundWindow0,63.88131151019575,1514957306413
SoundWindow1,83.95656074531799,1514957306415
sensor0_Temperature,27.07,1514957307430
sensor0_Brightness,82.0,1514957307434
sensor1_Temperature,27.18,1514957307438
sensor1_Brightness,0.0,1514957307441
SoundC,60.20329792798059,1514957309399
Present,109,1514957309402
sensor0_Temperature,27.07,1514957313890
sensor0_Brightness,82.0,1514957313893
sensor1_Temperature,27.18,1514957313895
sensor1_Brightness,0.0,1514957313900
SoundCenter0,58.971333173806485,1514957314769
SoundCenter1,55.48172250502411,1514957314770
SoundCenter2,57.07288354648941,1514957314771
SoundWall0,58.96534186323649,1514957314996
SoundWall1,57.08230616848866,1514957315008
SoundWall2,57.80500564330249,1514957315022
SoundWindow0,64.23860819555364,1514957316413
SoundWindow1,83.94964743700795,1514957316415
SoundC,55.369951428718224,1514957319405
Present,115,1514957319408
sensor0_Temperature,27.07,1514957320534
sensor0_Brightness,82.0,1514957320538
sensor1_Temperature,27.18,1514957320542
sensor1_Brightness,0.0,1514957320545
SoundCenter0,59.69998054699878,1514957324769
SoundCenter1,55.88556678423435,1514957324770
SoundCenter2,56.81145571721013,1514957324771
SoundWall0,58.91529642508263,1514957324996
SoundWall1,56.89975571068646,1514957325010
SoundWall2,57.97193895529808,1514957325016
SoundWindow0,64.15234535506754,1514957326413
SoundWindow1,83.9326338771137,1514957326415
sensor0_Temperature,27.07,1514957326952
sensor0_Brightness,82.0,1514957326955
sensor1_Temperature,27.18,1514957326958
sensor1_Brightness,0.0,1514957326961
SoundC,58.433135904413454,1514957329411
Present,126,1514957329414
sensor0_Temperature,27.07,1514957333639
sensor0_Brightness,82.0,1514957333643
sensor1_Temperature,27.18,1514957333647
sensor1_Brightness,0.0,1514957333652
SoundCenter0,59.97557714262031,1514957334769
SoundCenter1,56.114598979984386,1514957334770
SoundCenter2,56.65991466099972,1514957334771
SoundWall0,58.59067402343147,1514957334996
SoundWall1,56.51020762838629,1514957335005
SoundWall2,58.428767572288415,1514957335017
SoundWindow0,64.13609771277096,1514957336413
SoundWindow1,83.93611135499648,1514957336415
SoundC,60.20329792798059,1514957339425
Present,104,1514957339429
sensor0_Temperature,27.07,1514957340090
sensor0_Brightness,82.0,1514957340095
sensor1_Temperature,27.18,1514957340098
sensor1_Brightness,0.0,1514957340104
SoundCenter0,59.55693867404629,1514957344769
SoundCenter1,55.98046080079518,1514957344770
SoundCenter2,56.31312522467458,1514957344771
SoundWall0,58.58522860032861,1514957344996
SoundWall1,56.6792446783569,1514957345008
SoundWall2,58.4703541729097,1514957345020
SoundWindow0,64.38571200149943,1514957346413
SoundWindow1,83.91570361213051,1514957346415
sensor0_Temperature,27.07,1514957346755
sensor0_Brightness,82.0,1514957346759
sensor1_Temperature,27.18,1514957346763
sensor1_Brightness,0.0,1514957346768
SoundC,58.433135904413454,1514957349431
Present,125,1514957349434
MoveFocus,GoTour,1514957352560
sensor0_Temperature,27.07,1514957353172
sensor0_Brightness,82.0,1514957353175
sensor1_Temperature,27.18,1514957353177
sensor1_Brightness,0.0,1514957353180
SoundCenter0,59.90965565948142,1514957354769
SoundCenter1,56.663654031728136,1514957354770
SoundCenter2,56.59034149093528,1514957354771
SoundWall0,58.52659849587607,1514957354996
SoundWall1,57.214609941700104,1514957355008
SoundWall2,58.953314895159465,1514957355028
SoundWindow0,64.55545078612698,1514957356413
SoundWindow1,83.908831951276,1514957356415
SoundC,60.20329792798059,1514957359437
Present,101,1514957359440
sensor0_Temperature,27.07,1514957359853
sensor0_Brightness,82.0,1514957359858
sensor1_Temperature,27.18,1514957359862
sensor1_Brightness,0.0,1514957359866
SoundCenter0,59.99949929180106,1514957364769
SoundCenter1,56.477780450354985,1514957364770
SoundCenter2,56.7406806053095,1514957364771
SoundWall0,58.0849051248044,1514957364996
SoundWall1,57.58779511776008,1514957365029
SoundWall2,58.49264397293259,1514957365045
sensor0_Temperature,27.07,1514957366269
sensor0_Brightness,82.0,1514957366272
sensor1_Temperature,27.18,1514957366274
sensor1_Brightness,0.0,1514957366278
SoundWindow0,63.728641935732746,1514957366415
SoundWindow1,83.91557866976395,1514957366415
SoundC,61.023021476191225,1514957369443
Present,151,1514957369447
sensor0_Temperature,27.07,1514957372904
sensor0_Brightness,82.0,1514957372916
sensor1_Temperature,27.18,1514957372921
sensor1_Brightness,0.0,1514957372926
SoundCenter0,60.465978567945484,1514957374769
SoundCenter1,56.214560083741915,1514957374770
SoundCenter2,56.99105070340433,1514957374771
SoundWall0,58.987494567458484,1514957374996
SoundWall1,57.6635249457328,1514957375005
SoundWall2,57.88446413529077,1514957375021
SoundWindow0,63.141503185955564,1514957376413
SoundWindow1,83.91897285273566,1514957376414
SoundC,56.45426312235056,1514957379452
Present,104,1514957379455
sensor0_Temperature,27.07,1514957379476
sensor0_Brightness,82.0,1514957379483
sensor1_Temperature,27.18,1514957379487
sensor1_Brightness,0.0,1514957379494
SoundCenter0,60.76544383266369,1514957384769
SoundCenter1,56.083594839659405,1514957384770
SoundCenter2,56.36133295016737,1514957384771
SoundWall0,58.84722456867051,1514957384996
SoundWall1,57.570832007843514,1514957385007
SoundWall2,58.191136777213,1514957385032
sensor0_Temperature,27.07,1514957386171
sensor0_Brightness,82.0,1514957386175
sensor1_Temperature,27.18,1514957386178
sensor1_Brightness,0.0,1514957386181
SoundWindow0,62.50662119045271,1514957386413
SoundWindow1,83.91210119188116,1514957386415
SoundC,58.433135904413454,1514957389458
Present,162,1514957389461
sensor0_Temperature,27.07,1514957392622
sensor0_Brightness,82.0,1514957392626
sensor1_Temperature,27.18,1514957392630
sensor1_Brightness,0.0,1514957392635
SoundCenter0,61.44442317853911,1514957394769
SoundCenter1,56.274449265003135,1514957394770
SoundCenter2,55.590676029518455,1514957394771
SoundWall0,58.66728523080548,1514957394996
SoundWall1,57.416463807170416,1514957395006
SoundWall2,58.23170226493677,1514957395019
SoundWindow0,62.69350048215911,1514957396413
SoundWindow1,83.9154953748529,1514957396415
sensor0_Temperature,27.07,1514957399050
sensor0_Brightness,82.0,1514957399053
sensor1_Temperature,27.18,1514957399055
sensor1_Brightness,0.0,1514957399060
SoundC,58.433135904413454,1514957399464
Present,117,1514957399467
SoundCenter0,62.006734793054086,1514957404769
SoundCenter1,56.178603490770605,1514957404770
SoundCenter2,55.40493334639085,1514957404771
SoundWall0,59.12752174590852,1514957404996
SoundWall1,57.29324849580956,1514957405005
SoundWall2,58.12377763832465,1514957405022
sensor0_Temperature,27.07,1514957405730
sensor0_Brightness,82.0,1514957405735
sensor1_Temperature,27.18,1514957405739
sensor1_Brightness,0.0,1514957405743
SoundWindow0,63.14013428064496,1514957406413
SoundWindow1,83.9291147517754,1514957406415
SoundC,58.433135904413454,1514957409470
Present,107,1514957409473
sensor0_Temperature,27.07,1514957412181
sensor0_Brightness,82.0,1514957412185
sensor1_Temperature,27.18,1514957412189
sensor1_Brightness,0.0,1514957412192
MoveFocus,GoTour,1514957412647
SoundCenter0,62.52812614935416,1514957414769
SoundCenter1,55.38982787085954,1514957414770
SoundCenter2,54.09666579987293,1514957414771
SoundWall0,59.209324813233216,1514957414996
SoundWall1,56.94278249126153,1514957415005
SoundWall2,59.058173859537256,1514957415021
SoundWindow0,63.11110192178764,1514957416413
SoundWindow1,83.92228473837642,1514957416414
sensor0_Temperature,27.07,1514957418636
sensor0_Brightness,82.0,1514957418641
sensor1_Temperature,27.18,1514957418644
sensor1_Brightness,0.0,1514957418649
SoundC,61.023021476191225,1514957419475
Present,107,1514957419479
SoundCenter0,62.95448206736345,1514957424769
SoundCenter1,55.237063685936434,1514957424770
SoundCenter2,53.04781781745956,1514957424771
SoundWall0,59.05761867862652,1514957424996
SoundWall1,56.703470843444265,1514957425005
SoundWall2,59.46104897549328,1514957425019
sensor0_Temperature,27.07,1514957425054
sensor0_Brightness,82.0,1514957425058
sensor1_Temperature,27.18,1514957425060
sensor1_Brightness,0.0,1514957425062
SoundWindow0,63.86575954889836,1514957426413
SoundWindow1,83.9189322028602,1514957426415
SoundC,59.341519288975356,1514957429494
Present,103,1514957429498
sensor0_Temperature,27.07,1514957431449
sensor0_Brightness,82.0,1514957431454
sensor1_Temperature,27.18,1514957431457
sensor1_Brightness,0.0,1514957431462
SoundCenter0,62.75796431748904,1514957434769
SoundCenter1,55.09362012951701,1514957434770
SoundCenter2,52.345190270519005,1514957434771
SoundWall0,58.159834147291456,1514957434996
SoundWall1,56.50647625583476,1514957435006
SoundWall2,59.93864696916754,1514957435020
SoundWindow0,64.6130767004205,1514957436413
SoundWindow1,83.92915639923093,1514957436415
sensor0_Temperature,27.07,1514957437891
sensor0_Brightness,82.0,1514957437896
sensor1_Temperature,27.18,1514957437899
sensor1_Brightness,0.0,1514957437904
SoundC,61.023021476191225,1514957439500
Present,85,1514957439504
sensor0_Temperature,27.07,1514957444302
sensor0_Brightness,82.0,1514957444305
sensor1_Temperature,27.18,1514957444308
sensor1_Brightness,0.0,1514957444312
SoundCenter0,62.44869499477132,1514957444769
SoundCenter1,55.27335218806338,1514957444770
SoundCenter2,52.46604970579016,1514957444771
SoundWall0,58.190182544870005,1514957444996
SoundWall1,56.39655243622348,1514957445005
SoundWall2,60.10650558722224,1514957445018
SoundWindow0,65.31516788914462,1514957446413
SoundWindow1,83.94285807348442,1514957446415
SoundC,58.433135904413454,1514957449506
Present,102,1514957449509
sensor0_Temperature,27.07,1514957450900
sensor0_Brightness,82.0,1514957450904
sensor1_Temperature,27.18,1514957450909
sensor1_Brightness,0.0,1514957450917
SoundCenter0,62.42836208014042,1514957454769
SoundCenter1,55.42497409121365,1514957454770
SoundCenter2,52.83737982766451,1514957454771
SoundWall0,58.477433240732395,1514957454996
SoundWall1,56.88257035014569,1514957455005
SoundWall2,60.33241357498176,1514957455026
SoundWindow0,65.645747041237,1514957456413
SoundWindow1,83.93255058220265,1514957456414
sensor0_Temperature,27.07,1514957457471
sensor0_Brightness,82.0,1514957457475
sensor1_Temperature,27.18,1514957457479
sensor1_Brightness,0.0,1514957457482
SoundC,57.472817393488484,1514957459512
Present,98,1514957459515
sensor0_Temperature,27.07,1514957464210
sensor0_Brightness,82.0,1514957464214
sensor1_Temperature,27.18,1514957464218
sensor1_Brightness,0.0,1514957464221
SoundCenter0,62.881791917980415,1514957464769
SoundCenter1,55.51957257310918,1514957464770
SoundCenter2,52.715539992056314,1514957464771
SoundWall0,58.24008046794828,1514957464996
SoundWall1,57.07523393275321,1514957465005
SoundWall2,60.99433509465949,1514957465021
SoundWindow0,65.27023317974306,1514957466413
SoundWindow1,83.91893120528015,1514957466415
SoundC,61.023021476191225,1514957469519
Present,99,1514957469523
sensor0_Temperature,27.07,1514957470652
sensor0_Brightness,82.0,1514957470656
sensor1_Temperature,27.18,1514957470660
sensor1_Brightness,0.0,1514957470663
MoveFocus,GoTour,1514957472774
SoundCenter0,63.03410877655937,1514957474769
SoundCenter1,56.20997037435127,1514957474770
SoundCenter2,53.03571916565726,1514957474771
SoundWall0,58.1783238259707,1514957474996
SoundWall1,57.139036690726044,1514957475006
SoundWall2,60.241397557165364,1514957475024
SoundWindow0,65.52714854264131,1514957476413
SoundWindow1,83.9394212454771,1514957476415
sensor0_Temperature,27.07,1514957477079
sensor0_Brightness,82.0,1514957477083
sensor1_Temperature,27.18,1514957477085
sensor1_Brightness,0.0,1514957477089
SoundC,61.80460425887306,1514957479525
Present,110,1514957479528
sensor0_Temperature,27.07,1514957483765
sensor0_Brightness,82.0,1514957483770
sensor1_Temperature,27.18,1514957483773
sensor1_Brightness,0.0,1514957483778
SoundCenter0,62.92824101832639,1514957484769
SoundCenter1,56.53582598968692,1514957484770
SoundCenter2,53.93988512845711,1514957484771
SoundWall0,57.92805197360344,1514957484996
SoundWall1,56.85089868692581,1514957485005
SoundWall2,59.7784629296513,1514957485022
SoundWindow0,64.77387040754436,1514957486413
SoundWindow1,83.95631086058484,1514957486415
SoundC,57.472817393488484,1514957489531
Present,105,1514957489534
sensor0_Temperature,27.07,1514957490211
sensor0_Brightness,82.0,1514957490215
sensor1_Temperature,27.18,1514957490219
sensor1_Brightness,0.0,1514957490223
SoundCenter0,63.00645354393553,1514957494769
SoundCenter1,56.83837281773273,1514957494770
SoundCenter2,54.452217636311765,1514957494771
SoundWall0,57.53861915524685,1514957494996
SoundWall1,56.43998712978373,1514957495005
SoundWall2,60.03581474344836,1514957495042
SoundWindow0,64.2167627782031,1514957496413
SoundWindow1,83.9495641420969,1514957496414
sensor0_Temperature,27.07,1514957496662
sensor0_Brightness,82.0,1514957496666
sensor1_Temperature,27.18,1514957496670
sensor1_Brightness,0.0,1514957496673
SoundC,60.20329792798059,1514957499538
Present,111,1514957499541
sensor0_Temperature,27.07,1514957503069
sensor0_Brightness,82.0,1514957503074
sensor1_Temperature,27.18,1514957503078
sensor1_Brightness,0.0,1514957503081
SoundCenter0,63.27320673792049,1514957504769
SoundCenter1,56.83443076384892,1514957504770
SoundCenter2,54.63694402572261,1514957504771
SoundWall0,58.03464540669389,1514957504996
SoundWall1,57.263692000994325,1514957505006
SoundWall2,59.70080264072387,1514957505026
SoundWindow0,63.85605850707517,1514957506413
SoundWindow1,83.94269248124239,1514957506415
sensor0_Temperature,27.07,1514957509471
sensor0_Brightness,82.0,1514957509475
sensor1_Temperature,27.18,1514957509479
sensor1_Brightness,0.0,1514957509483
SoundC,62.551438321825636,1514957509544
Present,107,1514957509547
SoundCenter0,62.96341377641093,1514957514769
SoundCenter1,56.62901369391791,1514957514770
SoundCenter2,54.842273777320365,1514957514771
SoundWall0,58.09323488959137,1514957514996
SoundWall1,56.96176770706166,1514957515005
SoundWall2,59.073624077942824,1514957515018
sensor0_Temperature,27.07,1514957515913
sensor0_Brightness,82.0,1514957515918
sensor1_Temperature,27.18,1514957515922
sensor1_Brightness,0.0,1514957515925
SoundWindow0,63.18095812494831,1514957516413
SoundWindow1,83.93594576275446,1514957516414
SoundC,58.433135904413454,1514957519550
Present,98,1514957519553
sensor0_Temperature,27.07,1514957522580
sensor0_Brightness,82.0,1514957522585
sensor1_Temperature,27.18,1514957522588
sensor1_Brightness,0.0,1514957522593
SoundCenter0,62.46074611543859,1514957524769
SoundCenter1,56.78371726021502,1514957524770
SoundCenter2,55.09281945962941,1514957524771
SoundWall0,58.598131241808005,1514957524996
SoundWall1,57.599187968609996,1514957525007
SoundWall2,58.44042089041303,1514957525028
SoundWindow0,63.53342531493556,1514957526413
SoundWindow1,83.95627120828945,1514957526415
sensor0_Temperature,27.07,1514957529017
sensor0_Brightness,82.0,1514957529021
sensor1_Temperature,27.18,1514957529025
sensor1_Brightness,0.0,1514957529029
SoundC,57.472817393488484,1514957529556
Present,119,1514957529559
MoveFocus,GoTour,1514957532841
SoundCenter0,61.66743325132667,1514957534769
SoundCenter1,56.60694695704896,1514957534770
SoundCenter2,55.729498576037265,1514957534771
SoundWall0,59.06047733983703,1514957534996
SoundWall1,57.717622912968245,1514957535005
SoundWall2,59.1115449190981,1514957535028
sensor0_Temperature,27.07,1514957535448
sensor0_Brightness,82.0,1514957535452
sensor1_Temperature,27.18,1514957535457
sensor1_Brightness,0.0,1514957535462
SoundWindow0,63.712273360847504,1514957536413
SoundWindow1,83.95279472798673,1514957536415
SoundC,59.341519288975356,1514957539562
Present,112,1514957539571
sensor0_Temperature,27.07,1514957541868
sensor0_Brightness,82.0,1514957541872
sensor1_Temperature,27.18,1514957541876
sensor1_Brightness,0.0,1514957541881
SoundCenter0,61.15698595981532,1514957544769
SoundCenter1,56.59016765511826,1514957544770
SoundCenter2,55.627997483469365,1514957544771
SoundWall0,59.71285016514488,1514957544996
SoundWall1,58.10499892205682,1514957545006
SoundWall2,59.6083715984764,1514957545017
SoundWindow0,64.30085791095695,1514957546413
SoundWindow1,83.94269347882246,1514957546414
sensor0_Temperature,27.07,1514957548375
sensor0_Brightness,82.0,1514957548380
sensor1_Temperature,27.18,1514957548383
sensor1_Brightness,0.0,1514957548386
SoundC,57.472817393488484,1514957549574
Present,102,1514957549577
SoundCenter0,61.35061737075196,1514957554769
SoundCenter1,56.90443606698131,1514957554770
SoundCenter2,55.88165171074747,1514957554771
sensor0_Temperature,27.07,1514957554908
sensor0_Brightness,82.0,1514957554914
sensor1_Temperature,27.18,1514957554919
sensor1_Brightness,0.0,1514957554922
SoundWall0,60.357784208300544,1514957554996
SoundWall1,58.41790337909774,1514957555005
SoundWall2,59.238397390818044,1514957555018
SoundWindow0,64.47857623788279,1514957556413
SoundWindow1,83.95622956083392,1514957556415
SoundC,61.80460425887306,1514957559580
Present,96,1514957559583
sensor0_Temperature,27.07,1514957561588
sensor0_Brightness,82.0,1514957561592
sensor1_Temperature,27.18,1514957561596
sensor1_Brightness,0.0,1514957561599
SoundCenter0,61.33341422766691,1514957564769
SoundCenter1,57.20459425387057,1514957564770
SoundCenter2,56.48587155056843,1514957564771
SoundWall0,60.15538097521905,1514957564996
SoundWall1,58.35069152841311,1514957565005
SoundWall2,59.30513179084739,1514957565026
SoundWindow0,65.02933611213263,1514957566413
SoundWindow1,83.95962374380565,1514957566415
sensor0_Temperature,27.07,1514957568248
sensor0_Brightness,82.0,1514957568252
sensor1_Temperature,27.18,1514957568260
sensor1_Brightness,0.0,1514957568266
SoundC,60.20329792798059,1514957569586
Present,113,1514957569589
sensor0_Temperature,27.07,1514957574693
sensor0_Brightness,82.0,1514957574697
sensor1_Temperature,27.18,1514957574700
sensor1_Brightness,0.0,1514957574704
SoundCenter0,61.44835738259902,1514957574769
SoundCenter1,57.047447924793666,1514957574770
SoundCenter2,56.444253406404485,1514957574771
SoundWall0,60.22732069810361,1514957574996
SoundWall1,58.576726644687284,1514957575005
SoundWall2,59.937404160764565,1514957575018
SoundWindow0,65.4055956155069,1514957576414
SoundWindow1,83.96645375720463,1514957576417
SoundC,60.20329792798059,1514957579592
Present,106,1514957579595
sensor0_Temperature,27.07,1514957582168
sensor0_Brightness,82.0,1514957582172
sensor1_Temperature,27.18,1514957582176
sensor1_Brightness,0.0,1514957582181
SoundCenter0,62.24167337212336,1514957584769
SoundCenter1,57.10039150263122,1514957584770
SoundCenter2,56.601568206686444,1514957584771
SoundWall0,59.57197215673822,1514957584996
SoundWall1,58.15419596398546,1514957585005
SoundWall2,60.92278494977297,1514957585019
SoundWindow0,64.9432064378836,1514957586413
SoundWindow1,83.93929829827066,1514957586416
sensor0_Temperature,27.07,1514957588824
sensor0_Brightness,82.0,1514957588829
sensor1_Temperature,27.18,1514957588832
sensor1_Brightness,0.0,1514957588838
SoundC,56.45426312235056,1514957589598
Present,94,1514957589601
MoveFocus,GoTour,1514957592953
SoundCenter0,63.4546943085812,1514957594769
SoundCenter1,57.08155760983438,1514957594770
SoundCenter2,56.50061020367774,1514957594771
SoundWall0,59.18332645532062,1514957594996
SoundWall1,57.98401404536219,1514957595005
SoundWall2,60.38807291873853,1514957595019
sensor0_Temperature,27.07,1514957595230
sensor0_Brightness,82.0,1514957595234
sensor1_Temperature,27.18,1514957595235
sensor1_Brightness,0.0,1514957595240
SoundWindow0,64.65224258824358,1514957596413
SoundWindow1,83.92907310431988,1514957596415
SoundC,60.20329792798059,1514957599603
Present,101,1514957599607
sensor0_Temperature,27.07,1514957601931
sensor0_Brightness,82.0,1514957601935
sensor1_Temperature,27.18,1514957601939
sensor1_Brightness,0.0,1514957601943
SoundCenter0,64.30218026216684,1514957604769
SoundCenter1,56.96534101603692,1514957604770
SoundCenter2,56.35024846260828,1514957604771
SoundWall0,59.0715244696098,1514957604997
SoundWall1,57.902128145122624,1514957605005
SoundWall2,60.15560521230306,1514957605017
SoundWindow0,64.37758697391678,1514957606413
SoundWindow1,83.91889055540469,1514957606416
sensor0_Temperature,27.07,1514957608382
sensor0_Brightness,82.0,1514957608386
sensor1_Temperature,27.18,1514957608390
sensor1_Brightness,0.0,1514957608393
SoundC,62.551438321825636,1514957609609
Present,107,1514957609613
SoundCenter0,64.69535526112345,1514957614769
SoundCenter1,56.930460224662546,1514957614770
SoundCenter2,56.21722063155133,1514957614771
sensor0_Temperature,27.07,1514957614834
sensor0_Brightness,82.0,1514957614839
sensor1_Temperature,27.18,1514957614842
sensor1_Brightness,0.0,1514957614846
SoundWall0,58.81924556652257,1514957614996
SoundWall1,57.65473010438841,1514957615005
SoundWall2,60.46497596288702,1514957615026
SoundWindow0,64.66093857392484,1514957616413
SoundWindow1,83.89852445999423,1514957616416
SoundC,63.26648240367583,1514957619615
Present,106,1514957619619
sensor0_Temperature,27.07,1514957621247
sensor0_Brightness,82.0,1514957621249
sensor1_Temperature,27.18,1514957621251
sensor1_Brightness,0.0,1514957621255
SoundCenter0,64.75731185207616,1514957624769
SoundCenter1,56.53584682671104,1514957624770
SoundCenter2,55.615614113527045,1514957624771
SoundWall0,58.65271590289773,1514957624996
SoundWall1,56.71103987880744,1514957625005
SoundWall2,61.09254269212615,1514957625018
SoundWindow0,64.20031753779128,1514957626413
SoundWindow1,83.89852445999423,1514957626454
sensor0_Temperature,27.07,1514957627941
sensor0_Brightness,82.0,1514957627947
sensor1_Temperature,27.18,1514957627950
sensor1_Brightness,0.0,1514957627953
SoundC,58.433135904413454,1514957629621
Present,111,1514957629624
sensor0_Temperature,27.07,1514957634393
sensor0_Brightness,82.0,1514957634397
sensor1_Temperature,27.18,1514957634400
sensor1_Brightness,0.0,1514957634402
SoundCenter0,64.9232679363554,1514957634769
SoundCenter1,56.43853246363669,1514957634770
SoundCenter2,55.38346879879203,1514957634771
SoundWall0,58.604499547205904,1514957634996
SoundWall1,56.55326207564206,1514957635005
SoundWall2,61.225532396824114,1514957635024
SoundWindow0,64.21547145116276,1514957636413
SoundWindow1,83.91218448679221,1514957636416
SoundC,61.80460425887306,1514957639627
Present,111,1514957639634
sensor0_Temperature,27.07,1514957640848
sensor0_Brightness,82.0,1514957640852
sensor1_Temperature,27.18,1514957640854
sensor1_Brightness,0.0,1514957640856
SoundCenter0,64.12435139227195,1514957644769
SoundCenter1,56.10948318926615,1514957644770
SoundCenter2,54.823569949006405,1514957644771
SoundWall0,58.62705221299235,1514957644996
SoundWall1,56.61776564957673,1514957645005
SoundWall2,61.03337139270275,1514957645022
SoundWindow0,64.87258800819711,1514957646413
SoundWindow1,83.93933994572619,1514957646416
sensor0_Temperature,27.07,1514957647246
sensor0_Brightness,82.0,1514957647251
sensor1_Temperature,27.18,1514957647253
sensor1_Brightness,0.0,1514957647256
SoundC,59.341519288975356,1514957649637
Present,111,1514957649640
MoveFocus,GoTour,1514957653065
sensor0_Temperature,27.07,1514957653746
sensor0_Brightness,82.0,1514957653750
sensor1_Temperature,27.18,1514957653753
sensor1_Brightness,0.0,1514957653756
SoundCenter0,63.094787320787184,1514957654769
SoundCenter1,55.96939705157626,1514957654770
SoundCenter2,54.86370894203038,1514957654771
SoundWall0,59.1664793885094,1514957654996
SoundWall1,56.94173875873819,1514957655005
SoundWall2,61.52786568812754,1514957655019
SoundWindow0,64.86503727715768,1514957656413
SoundWindow1,83.95304161997969,1514957656414
SoundC,60.20329792798059,1514957659643
Present,101,1514957659646
sensor0_Temperature,27.07,1514957660197
sensor0_Brightness,82.0,1514957660201
sensor1_Temperature,27.18,1514957660204
sensor1_Brightness,0.0,1514957660207
SoundCenter0,62.875951865211256,1514957664769
SoundCenter1,55.82468042918614,1514957664770
SoundCenter2,54.483027356730666,1514957664771
SoundWall0,58.942246165666965,1514957664996
SoundWall1,56.60505638600164,1514957665005
SoundWall2,61.559186769521475,1514957665019
SoundWindow0,64.8268393511786,1514957666413
SoundWindow1,83.94277577615344,1514957666415
sensor0_Temperature,27.07,1514957666663
sensor0_Brightness,82.0,1514957666668
sensor1_Temperature,27.18,1514957666670
sensor1_Brightness,0.0,1514957666673
SoundC,60.20329792798059,1514957669649
Present,125,1514957669652
sensor0_Temperature,27.07,1514957673077
sensor0_Brightness,82.0,1514957673081
sensor1_Temperature,27.18,1514957673083
sensor1_Brightness,0.0,1514957673086
SoundCenter0,63.09529383686207,1514957674769
SoundCenter1,55.76303352952682,1514957674770
SoundCenter2,54.4160276560852,1514957674771
SoundWall0,59.266021674397976,1514957674996
SoundWall1,57.21140364596966,1514957675005
SoundWall2,61.38266337909631,1514957675022
SoundWindow0,65.08072943805219,1514957676413
SoundWindow1,83.95978833846762,1514957676414
sensor0_Temperature,27.07,1514957679551
sensor0_Brightness,82.0,1514957679555
sensor1_Temperature,27.18,1514957679558
sensor1_Brightness,0.0,1514957679561
SoundC,61.023021476191225,1514957679654
Present,103,1514957679658
SoundCenter0,62.92186271073526,1514957684769
SoundCenter1,55.9687643135772,1514957684770
SoundCenter2,54.57554366518149,1514957684771
SoundWall0,59.20086585892735,1514957684997
SoundWall1,57.594220735741,1514957685005
SoundWall2,60.877386310754865,1514957685020
sensor0_Temperature,27.07,1514957685967
sensor0_Brightness,82.0,1514957685970
sensor1_Temperature,27.18,1514957685973
sensor1_Brightness,0.0,1514957685976
SoundWindow0,65.30795712291646,1514957686413
SoundWindow1,83.97344836526558,1514957686414
SoundC,57.472817393488484,1514957689660
Present,106,1514957689663
sensor0_Temperature,27.07,1514957692659
sensor0_Brightness,82.0,1514957692663
sensor1_Temperature,27.18,1514957692666
sensor1_Brightness,0.0,1514957692669
SoundCenter0,62.79815350941393,1514957694769
SoundCenter1,56.11080111065758,1514957694770
SoundCenter2,54.87967540991263,1514957694771
SoundWall0,58.89897230899659,1514957694996
SoundWall1,57.60267577880528,1514957695005
SoundWall2,60.226864859215354,1514957695020
SoundWindow0,65.01738436253174,1514957696413
SoundWindow1,83.98023673120905,1514957696607
sensor0_Temperature,27.07,1514957699059
sensor0_Brightness,82.0,1514957699063
sensor1_Temperature,27.18,1514957699066
sensor1_Brightness,0.0,1514957699068
SoundC,61.023021476191225,1514957699666
Present,110,1514957699669
SoundCenter0,62.88795765986227,1514957704769
SoundCenter1,56.08284593319531,1514957704770
SoundCenter2,54.914835205066105,1514957704780
SoundWall0,58.671920052082825,1514957704996
SoundWall1,57.28787546708377,1514957705005
SoundWall2,59.75360953424077,1514957705019
sensor0_Temperature,27.07,1514957705766
sensor0_Brightness,82.0,1514957705770
sensor1_Temperature,27.18,1514957705773
sensor1_Brightness,0.0,1514957705776
SoundWindow0,64.28672553176675,1514957706413
SoundWindow1,83.96665900174206,1514957708602
SoundC,61.023021476191225,1514957709672
Present,102,1514957709675
sensor0_Temperature,27.07,1514957712223
sensor0_Brightness,82.0,1514957712228
sensor1_Temperature,27.18,1514957712231
sensor1_Brightness,0.0,1514957712234
MoveFocus,GoTour,1514957713137
SoundCenter0,63.42729986774684,1514957714769
SoundCenter1,56.37621764648078,1514957714770
SoundCenter2,54.44420923907897,1514957714771
SoundWall0,58.15199391852862,1514957714996
SoundWall1,57.004541980008085,1514957715005
SoundWall2,59.26710856444543,1514957715019
SoundWindow0,64.45001576063898,1514957716413
SoundWindow1,83.94633455378714,1514957716417
sensor0_Temperature,27.07,1514957718680
sensor0_Brightness,82.0,1514957718684
sensor1_Temperature,27.18,1514957718687
sensor1_Brightness,0.0,1514957718691
SoundC,59.341519288975356,1514957719678
Present,120,1514957719681
SoundCenter0,63.16401617454133,1514957724769
SoundCenter1,56.63914904392297,1514957724770
SoundCenter2,54.98884520757021,1514957724771
SoundWall0,58.42277242485596,1514957724996
SoundWall1,57.40374699275727,1514957725005
SoundWall2,59.64674752373047,1514957725015
sensor0_Temperature,27.07,1514957725109
sensor0_Brightness,82.0,1514957725114
sensor1_Temperature,27.18,1514957725117
sensor1_Brightness,0.0,1514957725120
SoundWindow0,64.88844593731336,1514957726413
SoundWindow1,83.9599945805851,1514957726415
SoundC,61.023021476191225,1514957729684
Present,104,1514957729687
sensor0_Temperature,27.07,1514957731526
sensor0_Brightness,82.0,1514957731529
sensor1_Temperature,27.18,1514957731531
sensor1_Brightness,0.0,1514957731535
SoundCenter0,62.704493175463696,1514957734769
SoundCenter1,56.23666721915979,1514957734770
SoundCenter2,54.95556525114311,1514957734771
SoundWall0,58.53178074274162,1514957734996
SoundWall1,56.66754736477078,1514957735006
SoundWall2,59.488909592176604,1514957735014
SoundWindow0,63.95864056932956,1514957736413
SoundWindow1,83.97017812708036,1514957736416
sensor0_Temperature,27.07,1514957738228
sensor0_Brightness,82.0,1514957738232
sensor1_Temperature,27.18,1514957738235
sensor1_Brightness,0.0,1514957738238
SoundC,61.80460425887306,1514957739690
Present,106,1514957739693
SoundCenter0,62.42054755543676,1514957744769
SoundCenter1,56.33737393363076,1514957744770
SoundCenter2,54.830989330114356,1514957744771
sensor0_Temperature,27.07,1514957744899
sensor0_Brightness,82.0,1514957744903
sensor1_Temperature,27.18,1514957744906
sensor1_Brightness,0.0,1514957744910
SoundWall0,58.798432166746274,1514957744996
SoundWall1,56.9255091697321,1514957745006
SoundWall2,59.35404723563173,1514957745014
SoundWindow0,64.12146893464224,1514957746413
SoundWindow1,83.96682559156416,1514957747513
SoundC,61.80460425887306,1514957749696
Present,107,1514957749699
sensor0_Temperature,27.07,1514957751306
sensor0_Brightness,82.0,1514957751310
sensor1_Temperature,27.18,1514957751313
sensor1_Brightness,0.0,1514957751316
SoundCenter0,62.38804634852326,1514957754769
SoundCenter1,56.28611417325551,1514957754770
SoundCenter2,54.786912774461776,1514957754771
SoundWall0,58.90973793446376,1514957754996
SoundWall1,56.87856996096362,1514957755007
SoundWall2,60.02830289113195,1514957755027
SoundWindow0,64.38980227739033,1514957756413
SoundWindow1,83.96330746380592,1514957756416
sensor0_Temperature,27.07,1514957757998
sensor0_Brightness,82.0,1514957758002
sensor1_Temperature,27.18,1514957758004
sensor1_Brightness,0.0,1514957758007
SoundC,61.80460425887306,1514957759702
Present,101,1514957759705
sensor0_Temperature,27.07,1514957764443
sensor0_Brightness,82.0,1514957764446
sensor1_Temperature,27.18,1514957764449
sensor1_Brightness,0.0,1514957764452
SoundCenter0,62.914920139886135,1514957764769
SoundCenter1,56.39160313579631,1514957764770
SoundCenter2,55.42924425668456,1514957764771
SoundWall0,59.093635792775096,1514957764996
SoundWall1,56.71038228030172,1514957765006
SoundWall2,60.80565152382023,1514957765035
SoundWindow0,65.31053895093353,1514957766413
SoundWindow1,83.9632658163504,1514957766417
SoundC,56.45426312235056,1514957769708
Present,102,1514957769717
sensor0_Temperature,27.07,1514957770894
sensor0_Brightness,82.0,1514957770898
sensor1_Temperature,27.18,1514957770901
sensor1_Brightness,0.0,1514957770903
MoveFocus,GoTour,1514957773239
SoundCenter0,63.76044623101957,1514957774769
SoundCenter1,57.009561689912516,1514957774770
SoundCenter2,56.182974383369455,1514957774771
SoundWall0,59.053545677882504,1514957774996
SoundWall1,57.17549387175951,1514957775005
SoundWall2,60.98109144483828,1514957775019
SoundWindow0,65.30333202775813,1514957776413
SoundWindow1,83.95978833846762,1514957776415
sensor0_Temperature,27.07,1514957777346
sensor0_Brightness,82.0,1514957777350
sensor1_Temperature,27.18,1514957777353
sensor1_Brightness,0.0,1514957777355
SoundC,63.26648240367583,1514957779723
Present,127,1514957779726
sensor0_Temperature,27.07,1514957783799
sensor0_Brightness,82.0,1514957783802
sensor1_Temperature,27.18,1514957783805
sensor1_Brightness,0.0,1514957783807
SoundCenter0,63.62513508340758,1514957784769
SoundCenter1,56.94397991161474,1514957784770
SoundCenter2,56.108062274068054,1514957784771
SoundWall0,58.969745916504,1514957784996
SoundWall1,56.679198080876326,1514957785005
SoundWall2,60.296048603388,1514957785020
SoundWindow0,65.08704190022158,1514957786413
SoundWindow1,83.95982998592314,1514957786416
SoundC,59.341519288975356,1514957789729
Present,145,1514957789732
sensor0_Temperature,27.07,1514957790250
sensor0_Brightness,82.0,1514957790253
sensor1_Temperature,27.18,1514957790257
sensor1_Brightness,0.0,1514957790260
SoundCenter0,63.18115706583362,1514957794769
SoundCenter1,57.09226761554098,1514957794770
SoundCenter2,55.70610038698432,1514957794771
SoundWall0,58.93826551928854,1514957794996
SoundWall1,57.46948709329542,1514957795005
SoundWall2,60.34603406299463,1514957795018
SoundWindow0,66.43665504329111,1514957796413
SoundWindow1,83.93594373041557,1514957796417
sensor0_Temperature,27.07,1514957796701
sensor0_Brightness,82.0,1514957796704
sensor1_Temperature,27.18,1514957796708
sensor1_Brightness,0.0,1514957796711
SoundC,61.80460425887306,1514957799734
Present,104,1514957799738
Entrance,null,1514957800273
UserCount,6,1514957800273
CorrectedUserCount,5,1514957800274
TurnOnLightGroup2,null,1514957802186
Color,cyan,1514957802219
LightGroup2,On,1514957802237
sensor0_Temperature,27.07,1514957803096
sensor0_Brightness,82.0,1514957803100
sensor1_Temperature,27.18,1514957803103
sensor1_Brightness,0.0,1514957803105
SoundCenter0,64.30213469623183,1514957804769
SoundCenter1,57.50587056838567,1514957804770
SoundCenter2,56.25104810627151,1514957804771
SoundWall0,59.143065013556814,1514957804996
SoundWall1,57.481370678263595,1514957805005
SoundWall2,60.63317411028451,1514957805019
SoundWindow0,67.15118802478538,1514957806413
SoundWindow1,83.93586143308458,1514957806417
SoundC,59.341519288975356,1514957809740
Present,108,1514957809744
sensor0_Temperature,27.07,1514957809765
sensor0_Brightness,82.0,1514957809769
sensor1_Temperature,27.18,1514957809772
sensor1_Brightness,0.0,1514957809776
SoundCenter0,64.86320863281499,1514957814769
SoundCenter1,58.188776846237694,1514957814770
SoundCenter2,56.933139754639654,1514957814771
SoundWall0,59.659360279718726,1514957814996
SoundWall1,57.94314444346034,1514957815005
SoundWall2,60.598415081508705,1514957815020
sensor0_Temperature,27.07,1514957816259
sensor0_Brightness,82.0,1514957816263
sensor1_Temperature,27.18,1514957816266
sensor1_Brightness,0.0,1514957816269
SoundWindow0,68.0309570358176,1514957816413
SoundWindow1,83.97528828517255,1514957819144
SoundC,58.433135904413454,1514957819746
Present,108,1514957819749
sensor0_Temperature,27.07,1514957822665
sensor0_Brightness,82.0,1514957822668
sensor1_Temperature,27.18,1514957822671
sensor1_Brightness,0.0,1514957822674
SoundCenter0,64.88143496881196,1514957824769
SoundCenter1,58.67035165094252,1514957824770
SoundCenter2,57.172176095751794,1514957824771
SoundWall0,60.02167054204172,1514957824996
SoundWall1,58.55296289962875,1514957825005
SoundWall2,60.345507424144756,1514957825019
SoundWindow0,67.41091631192799,1514957826413
SoundWindow1,83.9616699058301,1514957826414
sensor0_Temperature,27.07,1514957829070
sensor0_Brightness,82.0,1514957829074
sensor1_Temperature,27.18,1514957829077
sensor1_Brightness,0.0,1514957829080
SoundC,63.95233273361063,1514957829752
Present,110,1514957829755
MoveFocus,GoTour,1514957833337
SoundCenter0,64.00840977833215,1514957834769
SoundCenter1,58.07495217393363,1514957834770
SoundCenter2,56.91684305343123,1514957834771
SoundWall0,59.97940328937789,1514957834996
SoundWall1,58.67170958771355,1514957835005
SoundWall2,60.54011774708372,1514957835022
sensor0_Temperature,27.07,1514957835511
sensor0_Brightness,82.0,1514957835514
sensor1_Temperature,27.18,1514957835517
sensor1_Brightness,0.0,1514957835519
SoundWindow0,67.5643667647215,1514957836414
SoundWindow1,83.96841662431804,1514957836414
SoundC,58.433135904413454,1514957839758
Present,106,1514957839761
sensor0_Temperature,27.07,1514957842268
sensor0_Brightness,82.0,1514957842272
sensor1_Temperature,27.18,1514957842275
sensor1_Brightness,0.0,1514957842278
SoundCenter0,64.13856023460283,1514957844769
SoundCenter1,58.02078330953788,1514957844770
SoundCenter2,56.75017714303792,1514957844771
SoundWall0,59.9663416534518,1514957844996
SoundWall1,59.14441374549252,1514957845005
SoundWall2,61.19015815978101,1514957845025
SoundWindow0,67.64219340133273,1514957846413
SoundWindow1,83.9581507804918,1514957846414
sensor0_Temperature,27.07,1514957848905
sensor0_Brightness,82.0,1514957848909
sensor1_Temperature,27.18,1514957848912
sensor1_Brightness,0.0,1514957848915
SoundC,59.341519288975356,1514957849770
Present,95,1514957849773
SoundCenter0,64.49383152121825,1514957854769
SoundCenter1,58.319497160253405,1514957854770
SoundCenter2,57.288322898911765,1514957854771
SoundWall0,59.573792124555276,1514957854996
SoundWall1,58.80908229309822,1514957855005
SoundWall2,61.26390611760982,1514957855022
sensor0_Temperature,27.07,1514957855581
sensor0_Brightness,82.0,1514957855584
sensor1_Temperature,27.18,1514957855587
sensor1_Brightness,0.0,1514957855590
SoundWindow0,67.17474389365915,1514957856413
SoundWindow1,83.95819346270613,1514957856416
SoundC,59.341519288975356,1514957859776
Present,154,1514957859779
sensor0_Temperature,27.07,1514957862032
sensor0_Brightness,82.0,1514957862036
sensor1_Temperature,27.18,1514957862038
sensor1_Brightness,0.0,1514957862041
SoundCenter0,64.22189344450834,1514957864769
SoundCenter1,58.03530184817702,1514957864770
SoundCenter2,57.41558862464386,1514957864771
SoundWall0,59.36594846272852,1514957864996
SoundWall1,58.9540953176706,1514957865006
SoundWall2,61.0481293999679,1514957865024
SoundWindow0,66.61432362321888,1514957866413
SoundWindow1,83.94796723399654,1514957866414
sensor0_Temperature,27.07,1514957868483
sensor0_Brightness,82.0,1514957868487
sensor1_Temperature,27.18,1514957868490
sensor1_Brightness,0.0,1514957868493
SoundC,56.45426312235056,1514957869782
Present,110,1514957869785
SoundCenter0,63.325653569722945,1514957874769
SoundCenter1,57.10198989522311,1514957874770
SoundCenter2,56.845266154645394,1514957874771
sensor0_Temperature,27.07,1514957874904
sensor0_Brightness,82.0,1514957874907
sensor1_Temperature,27.18,1514957874910
sensor1_Brightness,0.0,1514957874913
SoundWall0,59.17079367143992,1514957874996
SoundWall1,58.69950503256101,1514957875005
SoundWall2,60.28443678268702,1514957875029
SoundWindow0,65.90460617554885,1514957876413
SoundWindow1,83.92559459167828,1514957876415
SoundC,61.023021476191225,1514957879788
Present,99,1514957879791
sensor0_Temperature,27.07,1514957881305
sensor0_Brightness,82.0,1514957881309
sensor1_Temperature,27.18,1514957881312
sensor1_Brightness,0.0,1514957881314
SoundCenter0,62.58444816070321,1514957884769
SoundCenter1,56.760844519178754,1514957884770
SoundCenter2,55.85323191514142,1514957884771
SoundWall0,58.53731011233743,1514957884996
SoundWall1,58.273567221235595,1514957885005
SoundWall2,60.18579017147689,1514957885019
SoundWindow0,65.78838657381127,1514957886413
SoundWindow1,83.9528729978187,1514957886414
sensor0_Temperature,27.07,1514957887847
sensor0_Brightness,82.0,1514957887851
sensor1_Temperature,27.18,1514957887854
sensor1_Brightness,0.0,1514957887857
SoundC,59.341519288975356,1514957889794
Present,123,1514957889797
MoveFocus,GoTour,1514957893429
sensor0_Temperature,27.07,1514957894288
sensor0_Brightness,82.0,1514957894292
sensor1_Temperature,27.18,1514957894294
sensor1_Brightness,0.0,1514957894297
SoundCenter0,62.355843882534344,1514957894769
SoundCenter1,56.767126164220535,1514957894770
SoundCenter2,55.38689397872689,1514957894771
SoundWall0,58.65478789313455,1514957894996
SoundWall1,58.12455496068965,1514957895005
SoundWall2,59.996260088223025,1514957895020
SoundWindow0,65.98235408354807,1514957896413
SoundWindow1,83.98002945433274,1514957896414
