Seat4B,true,1500444092532
TotalSeatCount,1,1500444092532
InferredUserPresence,present,1500444092547
Exit,null,1500444092650
UserCount,1,1500444092650
Exit,null,1500444093867
UserCount,0,1500444093882
SoundRight,63.077664893318676,1500444095390
MoveFocus,GoTour,1500444098170
Entrance,null,1500444099551
UserCount,1,1500444099552
SoundRight,62.47369236083309,1500444105392
SoundRight,62.149420477915506,1500444115390
SoundRight,61.848131880808225,1500444125390
Exit,null,1500444128082
UserCount,0,1500444128082
Entrance,null,1500444128163
UserCount,1,1500444128165
Entrance,null,1500444129766
UserCount,2,1500444129766
Seat2A,true,1500444134914
TotalSeatCount,2,1500444134914
SoundRight,61.107115376287815,1500444135390
Entrance,null,1500444139364
UserCount,3,1500444139365
Seat6A,true,1500444143139
TotalSeatCount,3,1500444143139
SoundRight,61.7051485037095,1500444145390
Temperature,26.6,1500444145611
Humidity,51.39179364321348,1500444145618
Brightness,1.0,1500444145625
Exit,null,1500444152225
UserCount,2,1500444152225
Exit,null,1500444153569
UserCount,1,1500444153570
SoundRight,61.8179191226076,1500444155390
MoveFocus,GoTour,1500444158282
SoundRight,62.70067446875908,1500444165390
SoundRight,63.02670526033482,1500444175390
SoundRight,63.48426871569954,1500444185390
Entrance,null,1500444187310
UserCount,2,1500444187310
SoundRight,64.58095407051714,1500444195390
Entrance,null,1500444200131
UserCount,3,1500444200131
Entrance,null,1500444200294
UserCount,4,1500444200294
Entrance,null,1500444201618
UserCount,5,1500444201618
SoundRight,63.760623137362046,1500444205390
Temperature,26.6,1500444206208
Humidity,51.39179364321348,1500444206215
Brightness,1.0,1500444206221
Seat1B,true,1500444207968
TotalSeatCount,4,1500444207968
Seat3A,true,1500444209819
TotalSeatCount,5,1500444209819
SoundRight,63.35788512166912,1500444215390
MoveFocus,GoTour,1500444218364
SoundRight,62.165919029549165,1500444225390
SoundRight,62.737375580745635,1500444235390
Seat2A,false,1500444244753
TotalSeatCount,4,1500444244758
SoundRight,62.60507519339002,1500444245390
SoundRight,61.913611336943106,1500444255390
Entrance,null,1500444257032
UserCount,6,1500444257033
Entrance,null,1500444257539
UserCount,7,1500444257539
SoundRight,62.39024460482373,1500444265390
Entrance,null,1500444266540
UserCount,8,1500444266541
Temperature,26.6,1500444266731
Humidity,51.39179364321348,1500444266737
Brightness,1.0,1500444266744
Entrance,null,1500444268532
UserCount,9,1500444268533
Seat4A,true,1500444273218
TotalSeatCount,5,1500444273223
Seat5B,true,1500444274919
TotalSeatCount,6,1500444274919
SoundRight,63.519583574987266,1500444275390
Seat5B,false,1500444278006
TotalSeatCount,5,1500444278006
MoveFocus,GoTour,1500444278496
Seat5B,true,1500444281107
TotalSeatCount,6,1500444281107
Seat5B,false,1500444283178
Seat4A,false,1500444283178
TotalSeatCount,4,1500444283183
SoundRight,64.63764804391846,1500444285390
Seat5B,true,1500444286270
TotalSeatCount,5,1500444286270
Seat4A,true,1500444288416
TotalSeatCount,6,1500444288416
SoundRight,64.49928515176079,1500444295390
SoundRight,64.51880269253608,1500444305390
SoundRight,64.8141259454034,1500444315390
SoundRight,65.29631384175855,1500444325393
Temperature,26.6,1500444327255
Humidity,51.39179364321348,1500444327261
Brightness,1.0,1500444327265
Seat2A,true,1500444329643
TotalSeatCount,7,1500444329643
SoundRight,64.59297660914959,1500444335390
MoveFocus,GoTour,1500444338613
SoundRight,64.6197717429647,1500444345393
SoundRight,64.35971655388614,1500444355390
SoundRight,64.69974246557935,1500444365390
SoundRight,65.19094287665153,1500444375390
SoundRight,64.78070206815737,1500444385390
Temperature,26.6,1500444388191
Humidity,51.39179364321348,1500444388196
Brightness,1.0,1500444388205
SoundRight,65.01594665465045,1500444395390
MoveFocus,GoTour,1500444398710
SoundRight,64.86298023117921,1500444405390
SoundRight,64.62068294931751,1500444415390
SoundRight,63.98312586668107,1500444425390
SoundRight,63.88872592128555,1500444435390
SoundRight,64.79575593695853,1500444445390
Temperature,26.6,1500444448701
Humidity,51.39179364321348,1500444448706
Brightness,1.0,1500444448715
Seat2B,false,1500444450653
TotalSeatCount,7,1500444450653
SoundRight,64.83510096944146,1500444455390
MoveFocus,GoTour,1500444458817
SoundRight,64.8444727995885,1500444465390
SoundRight,66.19751340642208,1500444475390
SoundRight,66.87151668816878,1500444485390
SoundRight,67.06464426865371,1500444495390
SoundRight,66.20547191266117,1500444505390
Temperature,26.6,1500444509322
Humidity,51.39179364321348,1500444509330
Brightness,1.0,1500444509333
SoundRight,66.21019025159843,1500444515390
MoveFocus,GoTour,1500444518939
SoundRight,65.7137389371279,1500444525390
SoundRight,64.87122997023862,1500444535390
SoundRight,64.8153996489614,1500444545390
SoundRight,64.74926788076846,1500444555390
SoundRight,64.6208650005343,1500444565390
Temperature,26.6,1500444569940
Humidity,51.39179364321348,1500444569945
Brightness,1.0,1500444569953
SoundRight,64.32642668458081,1500444575393
MoveFocus,GoTour,1500444579036
SoundRight,64.48096189916437,1500444585392
SoundRight,65.61352734858976,1500444595390
SoundRight,65.37807140657358,1500444605390
SoundRight,65.54868690513923,1500444615393
SoundRight,65.10764404536577,1500444625390
Temperature,26.6,1500444630505
Humidity,51.39179364321348,1500444630515
Brightness,1.0,1500444630522
SoundRight,65.10993972798,1500444635390
MoveFocus,GoTour,1500444639153
SoundRight,65.13006117045548,1500444645390
SoundRight,64.09004320920212,1500444655390
SoundRight,64.08609371458307,1500444665390
SoundRight,64.29180640070751,1500444675390
SoundRight,64.79799753802524,1500444685393
Temperature,26.6,1500444691119
Humidity,51.39179364321348,1500444691123
Brightness,1.0,1500444691129
SoundRight,65.19243152945691,1500444695390
MoveFocus,GoTour,1500444699260
SoundRight,65.53248784090354,1500444705390
SoundRight,65.50227934142784,1500444715390
SoundRight,65.60400248228885,1500444725393
SoundRight,64.92535628363557,1500444735390
SoundRight,64.67142559015147,1500444745393
Temperature,26.6,1500444751714
Humidity,51.39179364321348,1500444751718
Brightness,1.0,1500444751724
SoundRight,63.988931102011996,1500444755390
MoveFocus,GoTour,1500444759357
SoundRight,63.44533154544812,1500444765390
SoundRight,63.94089005569276,1500444775390
SoundRight,64.44851814918727,1500444785390
Seat2A,false,1500444788047
TotalSeatCount,6,1500444788052
SoundRight,65.5537434074034,1500444795390
SoundRight,65.68540551730788,1500444805390
Temperature,26.6,1500444812221
Humidity,51.39179364321348,1500444812225
Brightness,1.0,1500444812235
SoundRight,67.23680632304838,1500444815390
MoveFocus,GoTour,1500444819464
SoundRight,68.14469449393124,1500444825390
SoundRight,67.40183400508654,1500444835390
SoundRight,66.72591907301735,1500444845393
Seat2A,true,1500444853042
TotalSeatCount,7,1500444853042
SoundRight,66.05953124867129,1500444855391
SoundRight,65.88379185229772,1500444865403
Temperature,26.6,1500444872747
Humidity,51.39179364321348,1500444872751
Brightness,1.0,1500444872756
SoundRight,65.27473601122908,1500444875390
MoveFocus,GoTour,1500444879556
Seat5B,true,1500444880807
TotalSeatCount,7,1500444880807
SoundRight,64.6345872687911,1500444885392
Seat2A,false,1500444888046
TotalSeatCount,6,1500444888046
Seat2A,true,1500444893168
TotalSeatCount,7,1500444893168
SoundRight,65.19147001763251,1500444895390
SoundRight,65.13065916415978,1500444905390
Seat2A,false,1500444908212
TotalSeatCount,6,1500444908212
SoundRight,65.15778684492813,1500444915390
SoundRight,65.44224751159909,1500444925390
Temperature,26.6,1500444933261
Humidity,51.39179364321348,1500444933267
Brightness,1.0,1500444933272
SoundRight,65.27649147902189,1500444935390
Seat2A,true,1500444938243
TotalSeatCount,7,1500444938243
MoveFocus,GoTour,1500444939663
Seat2A,false,1500444943355
TotalSeatCount,6,1500444943355
SoundRight,64.38907874277494,1500444945390
SoundRight,64.53100946832535,1500444955390
SoundRight,64.17616408352313,1500444965390
SoundRight,64.90331059940208,1500444975390
SoundRight,64.55469661757374,1500444985393
Temperature,26.6,1500444993785
Humidity,51.39179364321348,1500444993790
Brightness,1.0,1500444993796
SoundRight,64.88132154773537,1500444995393
MoveFocus,GoTour,1500444999790
SoundRight,65.19222083957695,1500445005393
SoundRight,64.61360747233847,1500445015393
SoundRight,65.14810416305268,1500445025393
SoundRight,63.94862856046617,1500445035393
Seat2A,true,1500445038181
TotalSeatCount,7,1500445038181
SoundRight,64.35659119737943,1500445045392
Temperature,26.6,1500445054512
Humidity,51.39179364321348,1500445054528
Brightness,1.0,1500445054533
SoundRight,63.87449466885478,1500445055390
MoveFocus,GoTour,1500445059892
SoundRight,64.62592732293474,1500445065390
SoundRight,64.31187678655276,1500445075390
SoundRight,64.24807760359253,1500445085390
SoundRight,64.579999501454,1500445095390
SoundRight,65.90781255203947,1500445105403
Temperature,26.6,1500445115139
Humidity,51.39179364321348,1500445115149
Brightness,1.0,1500445115162
SoundRight,65.94314703428995,1500445115390
MoveFocus,GoTour,1500445120009
SoundRight,65.95791796374883,1500445125390
SoundRight,67.13513447459647,1500445135390
SoundRight,67.56531979567532,1500445145390
Seat2A,false,1500445153002
TotalSeatCount,6,1500445153002
SoundRight,67.21591626425092,1500445155390
SoundRight,65.93723440929061,1500445165392
SoundRight,65.79738298558601,1500445175390
Temperature,26.6,1500445175845
Humidity,51.39179364321348,1500445175849
Brightness,1.0,1500445175859
MoveFocus,GoTour,1500445180121
SoundRight,65.04295921483617,1500445185392
Seat2A,true,1500445188046
TotalSeatCount,7,1500445188046
SoundRight,64.78682909372,1500445195390
SoundRight,64.55447541781524,1500445205390
Seat2A,false,1500445213134
TotalSeatCount,6,1500445213134
SoundRight,65.62097766068618,1500445215390
SoundRight,66.3471404745955,1500445225390
SoundRight,66.85187516911999,1500445235390
Temperature,26.6,1500445236609
Humidity,51.39179364321348,1500445236618
Brightness,1.0,1500445236624
MoveFocus,GoTour,1500445240470
SoundRight,67.74985757358115,1500445245390
SoundRight,67.75687436939434,1500445255390
SoundRight,68.75653257441587,1500445265390
SoundRight,68.43087879044839,1500445275390
SoundRight,67.23569890360876,1500445285390
SoundRight,67.67220814265967,1500445295390
Temperature,26.6,1500445297205
Humidity,51.39179364321348,1500445297211
Brightness,1.0,1500445297222
MoveFocus,GoTour,1500445300617
SoundRight,67.32614039909303,1500445305390
SoundRight,66.56043584629309,1500445315393
Seat2A,true,1500445322969
TotalSeatCount,7,1500445322969
SoundRight,65.67462271135072,1500445325390
SoundRight,64.88702879208947,1500445335390
SoundRight,65.09301605448287,1500445345403
Seat4B,false,1500445347888
TotalSeatCount,6,1500445347888
Seat3A,false,1500445351615
TotalSeatCount,5,1500445351620
SoundRight,64.56251341319957,1500445355393
Temperature,26.6,1500445357726
Humidity,51.39179364321348,1500445357731
Brightness,1.0,1500445357740
MoveFocus,GoTour,1500445360794
SoundRight,64.8636571498037,1500445365393
SoundRight,65.35170168558572,1500445375392
SoundRight,64.59837045118759,1500445385390
SoundRight,66.04090293239123,1500445395390
SoundRight,66.34964416552346,1500445405390
SoundRight,66.26534358481416,1500445415390
Temperature,26.6,1500445418342
Humidity,51.39179364321348,1500445418348
Brightness,1.0,1500445418361
MoveFocus,GoTour,1500445420917
Seat2A,false,1500445422808
TotalSeatCount,4,1500445422808
SoundRight,65.74962028016742,1500445425390
SoundRight,65.44314682054802,1500445435390
SoundRight,65.00462589878651,1500445445390
Seat2A,true,1500445452874
TotalSeatCount,5,1500445452874
SoundRight,64.00345410700555,1500445455390
SoundRight,63.83081013465679,1500445465390
SoundRight,64.34841158969938,1500445475393
Seat5B,true,1500445477247
TotalSeatCount,5,1500445477252
Temperature,26.6,1500445478964
Humidity,51.39179364321348,1500445478973
Brightness,1.0,1500445478976
MoveFocus,GoTour,1500445481044
SoundRight,65.94485665207658,1500445485390
SoundRight,66.3750353084442,1500445495392
Seat4B,true,1500445497772
TotalSeatCount,6,1500445497772
SoundRight,68.20745359785937,1500445505390
SoundRight,68.80192680727012,1500445515390
SoundRight,69.38435035114613,1500445525390
SoundRight,69.2713722632488,1500445535390
Temperature,26.6,1500445539474
Humidity,51.39179364321348,1500445539478
Brightness,1.0,1500445539498
MoveFocus,GoTour,1500445541141
SoundRight,68.6560380127393,1500445545390
SoundRight,67.52530623858142,1500445555390
SoundRight,66.84458523340511,1500445565390
Seat2A,false,1500445572657
TotalSeatCount,5,1500445572657
SoundRight,66.71412843956539,1500445575390
Seat2A,true,1500445583298
TotalSeatCount,6,1500445583298
SoundRight,66.93785582918734,1500445585403
SoundRight,65.97674699838895,1500445595390
Temperature,26.6,1500445600100
Humidity,51.39179364321348,1500445600105
Brightness,1.0,1500445600110
MoveFocus,GoTour,1500445601243
SoundRight,65.53432647884678,1500445605390
Seat2A,false,1500445608331
TotalSeatCount,5,1500445608331
SoundRight,65.57165420859414,1500445615390
SoundRight,64.96011236886369,1500445625390
Seat2A,true,1500445628407
TotalSeatCount,6,1500445628407
SoundRight,64.66537311414487,1500445635390
SoundRight,63.84733446827366,1500445645390
Seat2A,false,1500445649824
TotalSeatCount,5,1500445649824
SoundRight,64.61186278010538,1500445655392
MoveFocus,GoTour,1500445661350
SoundRight,64.86341913419801,1500445665392
Seat2A,true,1500445674927
TotalSeatCount,6,1500445674927
SoundRight,65.28730613804284,1500445675390
SoundRight,64.57727405335356,1500445685390
Seat2A,false,1500445689950
TotalSeatCount,5,1500445689950
Temperature,26.6,1500445691657
Humidity,51.39179364321348,1500445691661
Brightness,1.0,1500445691664
SoundRight,64.1431980725438,1500445695390
Seat3A,true,1500445700726
TotalSeatCount,6,1500445700726
SoundRight,64.30348734989249,1500445705390
Seat3A,false,1500445705838
TotalSeatCount,5,1500445705838
Seat2A,true,1500445709996
TotalSeatCount,6,1500445709996
Seat2A,false,1500445715128
TotalSeatCount,5,1500445715133
SoundRight,63.70467096194308,1500445715390
MoveFocus,GoTour,1500445721472
SoundRight,63.88893625362127,1500445725392
SoundRight,64.63919933778217,1500445735390
Seat3A,true,1500445740852
TotalSeatCount,6,1500445740852
SoundRight,65.55092411106355,1500445745390
Seat3A,false,1500445745935
TotalSeatCount,5,1500445745935
Temperature,26.6,1500445752166
Humidity,51.39179364321348,1500445752172
Brightness,1.0,1500445752179
SoundRight,65.88500338940443,1500445755390
SoundRight,65.65131368477499,1500445765390
SoundRight,65.63903011322854,1500445775390
MoveFocus,GoTour,1500445781589
SoundRight,64.52039222957269,1500445785390
SoundRight,63.49719973571985,1500445795390
SoundRight,62.79837649260451,1500445805390
SoundRight,63.124553043539464,1500445815390
Temperature,26.6,1500445815870
Humidity,51.39179364321348,1500445815880
Brightness,1.0,1500445815884
SoundRight,62.82800320883564,1500445825390
SoundRight,62.49266862340525,1500445835390
MoveFocus,GoTour,1500445841711
Seat2A,true,1500445844958
TotalSeatCount,6,1500445844963
SoundRight,63.25506652393888,1500445845390
Seat2A,false,1500445855038
TotalSeatCount,5,1500445855038
SoundRight,63.557685927978305,1500445855390
SoundRight,63.87266278545399,1500445865390
SoundRight,63.68390591607366,1500445875390
Temperature,26.6,1500445876515
Humidity,51.39179364321348,1500445876521
Brightness,1.0,1500445876536
Seat2A,true,1500445880076
TotalSeatCount,6,1500445880076
SoundRight,64.47894281242992,1500445885393
Seat4B,false,1500445892068
TotalSeatCount,5,1500445892068
Seat2A,false,1500445895164
TotalSeatCount,4,1500445895164
SoundRight,64.98166717607937,1500445895390
MoveFocus,GoTour,1500445901808
SoundRight,65.11613959951701,1500445905390
SoundRight,64.69268846580108,1500445915393
SoundRight,65.36379974831588,1500445925390
SoundRight,65.16551105567211,1500445935390
Temperature,26.6,1500445937106
Humidity,51.39179364321348,1500445937112
Brightness,1.0,1500445937117
SoundRight,65.94610626957909,1500445945390
Seat1B,false,1500445950074
TotalSeatCount,3,1500445950079
SoundRight,65.95100277292222,1500445955392
MoveFocus,GoTour,1500445961900
SoundRight,65.96273222623806,1500445965392
Seat4B,true,1500445972160
TotalSeatCount,4,1500445972160
SoundRight,65.83026812853151,1500445975392
SoundRight,65.3698144621277,1500445985393
Seat4B,false,1500445992206
TotalSeatCount,3,1500445992206
SoundRight,64.93058652760983,1500445995393
Temperature,26.6,1500445997628
Humidity,51.39179364321348,1500445997633
Brightness,1.0,1500445997640
Seat2A,true,1500446000085
TotalSeatCount,4,1500446000085
SoundRight,63.75898889499306,1500446005390
SoundRight,63.86838409896254,1500446015390
MoveFocus,GoTour,1500446021982
SoundRight,64.19258171517407,1500446025390
Seat2A,false,1500446035114
TotalSeatCount,3,1500446035114
SoundRight,64.02669417540355,1500446035390
Seat2A,true,1500446045234
TotalSeatCount,4,1500446045234
SoundRight,64.12307498186128,1500446045390
SoundRight,64.2005784228999,1500446055391
Seat3A,true,1500446055410
TotalSeatCount,5,1500446055410
Temperature,26.6,1500446058156
Humidity,51.39179364321348,1500446058162
Brightness,1.0,1500446058168
Seat2A,false,1500446060277
Seat3A,false,1500446060282
TotalSeatCount,3,1500446060282
Seat4B,true,1500446062263
TotalSeatCount,4,1500446062263
SoundRight,64.95910251547195,1500446065393
Seat5B,true,1500446073689
TotalSeatCount,4,1500446073689
SoundRight,65.66293941052042,1500446075403
MoveFocus,GoTour,1500446082129
Seat2A,true,1500446085336
TotalSeatCount,5,1500446085336
SoundRight,64.56827276115193,1500446085393
Seat2A,false,1500446090428
TotalSeatCount,4,1500446090428
SoundRight,64.51632824427597,1500446095393
SoundRight,63.8714760669602,1500446105390
SoundRight,64.24381684689526,1500446115390
Temperature,26.6,1500446118680
Humidity,51.39179364321348,1500446118685
Brightness,1.0,1500446118692
SoundRight,63.410009699750766,1500446125390
Seat1B,true,1500446130265
TotalSeatCount,5,1500446130265
Seat1B,false,1500446135347
TotalSeatCount,4,1500446135347
SoundRight,62.10255902741101,1500446135390
MoveFocus,GoTour,1500446142236
SoundRight,62.58171226541741,1500446145390
SoundRight,62.914265795951145,1500446155390
SoundRight,63.48807820514825,1500446165390
SoundRight,63.36858444875524,1500446175390
Temperature,26.6,1500446179297
Humidity,51.39179364321348,1500446179303
Brightness,1.0,1500446179310
SoundRight,63.75679252022375,1500446185390
SoundRight,63.15039336904757,1500446195390
MoveFocus,GoTour,1500446202328
SoundRight,63.20433001490584,1500446205390
SoundRight,63.97290061393537,1500446215390
SoundRight,64.25875715360266,1500446225390
Seat4B,false,1500446227096
TotalSeatCount,3,1500446227096
SoundRight,64.2803415848064,1500446235390
Temperature,26.6,1500446239809
Humidity,51.39179364321348,1500446239819
Brightness,1.0,1500446239825
Exit,null,1500446242740
UserCount,8,1500446242740
Exit,null,1500446243942
UserCount,7,1500446243942
SoundRight,64.03969035875612,1500446245394
SoundRight,64.45026762586518,1500446255392
MoveFocus,GoTour,1500446262470
SoundRight,64.87569015688888,1500446265390
SoundRight,64.44013415355596,1500446275390
SoundRight,64.17547878638943,1500446285390
SoundRight,63.83827463119428,1500446295390
Temperature,26.6,1500446300524
Humidity,51.39179364321348,1500446300530
Brightness,1.0,1500446300541
SoundRight,64.07355851398717,1500446305390
SoundRight,64.78765036987681,1500446315390
MoveFocus,GoTour,1500446322612
SoundRight,64.81123249605584,1500446325392
SoundRight,65.51541354142333,1500446335390
SoundRight,65.60885743658406,1500446345390
Seat1B,true,1500446350302
TotalSeatCount,4,1500446350302
SoundRight,66.40707526151009,1500446355392
Temperature,26.6,1500446361047
Humidity,51.39179364321348,1500446361051
Brightness,1.0,1500446361054
SoundRight,66.40750314399746,1500446365393
Seat2A,true,1500446370007
TotalSeatCount,5,1500446370007
Entrance,null,1500446373507
UserCount,8,1500446373507
Seat2A,false,1500446375070
TotalSeatCount,4,1500446375070
SoundRight,66.92728196923373,1500446375392
MoveFocus,GoTour,1500446382734
SoundRight,66.68650220604988,1500446385393
Seat2A,true,1500446395141
TotalSeatCount,5,1500446395141
SoundRight,66.32472468368344,1500446395393
Seat2A,false,1500446400239
TotalSeatCount,4,1500446400239
Seat4B,true,1500446401984
TotalSeatCount,5,1500446401984
SoundRight,66.0843514035786,1500446405390
SoundRight,65.4561205312676,1500446415390
Temperature,26.6,1500446421566
Humidity,51.39179364321348,1500446421571
Brightness,1.0,1500446421582
SoundRight,65.535206539451,1500446425390
SoundRight,64.7207512650371,1500446435390
MoveFocus,GoTour,1500446442851
SoundRight,64.93794843645365,1500446445390
Seat1B,false,1500446455258
TotalSeatCount,4,1500446455258
SoundRight,64.4864493485043,1500446455390
SoundRight,64.51937304754028,1500446465390
SoundRight,64.22200621882764,1500446475390
Temperature,26.6,1500446482325
Humidity,51.39179364321348,1500446482331
Brightness,1.0,1500446482342
SoundRight,63.493211321832,1500446485390
SoundRight,64.2905899509131,1500446495390
MoveFocus,GoTour,1500446502993
SoundRight,64.11186329911091,1500446505390
SoundRight,64.50217132425196,1500446515390
Seat1B,true,1500446520308
TotalSeatCount,5,1500446520308
SoundRight,64.48977830186884,1500446525390
SoundRight,64.62390039300071,1500446535392
SoundRight,64.39306008127507,1500446545392
SoundRight,64.40562776232463,1500446555392
MoveFocus,GoTour,1500446563115
SoundRight,64.59921204204937,1500446565390
Temperature,26.6,1500446567083
Humidity,51.39179364321348,1500446567089
Brightness,1.0,1500446567097
SoundRight,64.05413477295953,1500446575393
SoundRight,64.64789929104643,1500446585392
SoundRight,64.77645812520461,1500446595390
SoundRight,65.62444297430652,1500446605390
SoundRight,65.20271854360315,1500446615392
MoveFocus,GoTour,1500446623177
SoundRight,64.97956940080124,1500446625393
Seat4B,false,1500446626979
TotalSeatCount,4,1500446626979
Temperature,26.6,1500446628639
Humidity,51.39179364321348,1500446628644
Brightness,1.0,1500446628650
SoundRight,65.05598603085971,1500446635390
TotalSeatCount,4,1500446642913
SoundRight,64.72905693824788,1500446645393
SoundRight,64.19627186291017,1500446655403
SoundRight,64.31045508940652,1500446665393
Seat4B,true,1500446667046
TotalSeatCount,5,1500446667046
Seat5B,true,1500446670007
TotalSeatCount,5,1500446670007
Seat4B,false,1500446672148
TotalSeatCount,4,1500446672148
SoundRight,64.1803127116968,1500446675390
MoveFocus,GoTour,1500446683309
SoundRight,63.82090870309196,1500446685393
Temperature,26.6,1500446689154
Humidity,51.39179364321348,1500446689160
Brightness,1.0,1500446689166
SoundRight,63.773078835635694,1500446695393
SoundRight,63.24634906228839,1500446705390
SoundRight,64.30423191381361,1500446715393
SoundRight,63.9170147183143,1500446725390
SoundRight,63.69839749116651,1500446735390
MoveFocus,GoTour,1500446743371
SoundRight,63.59360039532,1500446745390
SoundRight,63.6977160587236,1500446755390
Temperature,26.6,1500446756737
Humidity,51.39179364321348,1500446756744
Brightness,1.0,1500446756750
SoundRight,64.73938244818545,1500446765390
SoundRight,64.12197588787498,1500446775393
Seat2A,true,1500446784533
TotalSeatCount,5,1500446784533
SoundRight,63.58256555909606,1500446785390
Seat2A,false,1500446789621
TotalSeatCount,4,1500446789621
SoundRight,63.700912621919684,1500446795390
Seat4B,true,1500446802103
TotalSeatCount,5,1500446802103
MoveFocus,GoTour,1500446803443
SoundRight,64.04193799570146,1500446805392
SoundRight,64.71008781292973,1500446815390
Temperature,26.6,1500446817447
Humidity,51.39179364321348,1500446817452
Brightness,1.0,1500446817458
SoundRight,63.58816657990801,1500446825390
Seat4B,false,1500446832174
TotalSeatCount,4,1500446832174
SoundRight,63.75489173859273,1500446835390
SoundRight,65.32943670883061,1500446845390
SoundRight,65.35521178724763,1500446855390
MoveFocus,GoTour,1500446863561
SoundRight,64.8976056446823,1500446865390
SoundRight,64.47763367828004,1500446875390
Temperature,26.6,1500446878073
Humidity,51.39179364321348,1500446878080
Brightness,1.0,1500446878095
SoundRight,65.2566432162223,1500446885390
SoundRight,64.700570546548,1500446895390
SoundRight,63.7936112076401,1500446905390
Seat4B,true,1500446907189
TotalSeatCount,5,1500446907189
SoundRight,64.36289472488801,1500446915390
MoveFocus,GoTour,1500446923633
SoundRight,64.27348180208247,1500446925390
Seat3A,true,1500446933673
TotalSeatCount,6,1500446933673
Seat5B,false,1500446935289
TotalSeatCount,5,1500446935289
SoundRight,63.182633377686514,1500446935390
Temperature,26.6,1500446938638
Humidity,51.39179364321348,1500446938644
Brightness,1.0,1500446938651
Seat3A,false,1500446938761
TotalSeatCount,4,1500446938761
SoundRight,63.14204853086936,1500446945390
SoundRight,63.8895964276164,1500446955390
Seat4A,false,1500446960172
TotalSeatCount,3,1500446960177
SoundRight,63.43227333941938,1500446965390
SoundRight,62.93888921211039,1500446975390
MoveFocus,GoTour,1500446983760
SoundRight,63.75424885734627,1500446985390
SoundRight,64.61094209122106,1500446995390
Temperature,26.6,1500446999333
Humidity,51.39179364321348,1500446999339
Brightness,1.0,1500446999343
SoundRight,64.15685359683225,1500447005390
Seat3A,true,1500447013676
TotalSeatCount,4,1500447013676
SoundRight,64.2007413477867,1500447015418
Seat3A,false,1500447018768
TotalSeatCount,3,1500447018768
SoundRight,65.01213897902888,1500447025390
Seat4A,true,1500447035102
TotalSeatCount,4,1500447035102
SoundRight,64.61124202771354,1500447035393
MoveFocus,GoTour,1500447043887
SoundRight,64.32885759041906,1500447045392
SoundRight,64.02764005635994,1500447055390
Temperature,26.6,1500447059951
Humidity,51.39179364321348,1500447059956
Brightness,1.0,1500447059962
SoundRight,64.57047069901988,1500447065393
SoundRight,64.10731779783791,1500447075393
SoundRight,63.86366956687747,1500447085390
SoundRight,64.4273834897531,1500447095390
Seat2A,true,1500447099151
TotalSeatCount,5,1500447099156
MoveFocus,GoTour,1500447104014
SoundRight,64.86814619849496,1500447105390
SoundRight,64.64590165543463,1500447115393
Seat2A,false,1500447119232
TotalSeatCount,4,1500447119232
Temperature,26.6,1500447120557
Humidity,51.39179364321348,1500447120563
Brightness,1.0,1500447120569
Seat2A,true,1500447124299
TotalSeatCount,5,1500447124299
SoundRight,64.64022872560389,1500447125390
SoundRight,65.22751760205753,1500447135390
Seat2A,false,1500447139378
TotalSeatCount,4,1500447139383
SoundRight,65.52038019336037,1500447145390
SoundRight,65.3316332225037,1500447155390
MoveFocus,GoTour,1500447164131
SoundRight,64.92883517023404,1500447165392
Seat5A,false,1500447166622
TotalSeatCount,4,1500447166622
SoundRight,64.77664555168003,1500447175390
Temperature,26.6,1500447181282
Humidity,51.39179364321348,1500447181288
Brightness,1.0,1500447181291
SoundRight,63.949017293377466,1500447185393
SoundRight,63.29813186692888,1500447195393
SoundRight,63.2081596418245,1500447205392
Seat4A,false,1500447214813
TotalSeatCount,3,1500447214813
SoundRight,62.24857115139759,1500447215390
MoveFocus,GoTour,1500447224213
Seat4A,true,1500447224898
TotalSeatCount,4,1500447224898
SoundRight,62.44917294965292,1500447225393
SoundRight,62.482075605619414,1500447235393
Temperature,26.6,1500447241806
Humidity,51.39179364321348,1500447241811
Brightness,1.0,1500447241817
SoundRight,63.473819339945486,1500447245393
SoundRight,64.2494313389558,1500447255393
SoundRight,64.01203535594327,1500447265390
SoundRight,64.26868373615069,1500447275390
MoveFocus,GoTour,1500447284330
SoundRight,64.20449605717015,1500447285393
SoundRight,64.64334184072295,1500447295390
Temperature,26.6,1500447302532
Humidity,51.39179364321348,1500447302538
Brightness,1.0,1500447302544
SoundRight,63.71983483041772,1500447305390
Seat5B,true,1500447314401
TotalSeatCount,5,1500447314406
SoundRight,62.67087965481096,1500447315390
Seat6B,true,1500447316807
TotalSeatCount,6,1500447316807
Seat5B,false,1500447318483
TotalSeatCount,5,1500447318488
SoundRight,62.51374215471095,1500447325390
Seat5B,true,1500447330514
TotalSeatCount,6,1500447330514
SoundRight,63.63103853460867,1500447335393
MoveFocus,GoTour,1500447344442
SoundRight,64.02111397941593,1500447345390
SoundRight,64.04577426205907,1500447355390
Temperature,26.6,1500447363163
Humidity,51.39179364321348,1500447363168
Brightness,1.0,1500447363172
SoundRight,65.62796632612661,1500447365390
SoundRight,65.94307927723948,1500447375390
ProjectorInput,HDMI,1500447379966
SoundRight,65.9430335823933,1500447385390
SoundRight,65.90876389736079,1500447395390
Seat6A,false,1500447397205
TotalSeatCount,5,1500447397205
MoveFocus,GoTour,1500447404619
SoundRight,66.13868983759079,1500447405390
Seat6A,true,1500447407240
TotalSeatCount,6,1500447407240
Seat6A,false,1500447412328
TotalSeatCount,5,1500447412328
SoundRight,66.16531443389407,1500447415390
Temperature,26.6,1500447423676
Humidity,51.39179364321348,1500447423682
Brightness,1.0,1500447423698
SoundRight,64.82126154808952,1500447425390
SoundRight,65.50149848390976,1500447435390
SoundRight,66.65089999771489,1500447445390
SoundRight,65.95509136250372,1500447455390
Seat6A,true,1500447457354
TotalSeatCount,6,1500447457359
ProjectorInput,COM1,1500447461766
ProjectorInput,COM1,1500447461766
MoveFocus,GoTour,1500447464738
SoundRight,65.00125761105305,1500447465390
SoundRight,64.99136292330037,1500447475390
Temperature,26.6,1500447484199
Humidity,51.39179364321348,1500447484205
Brightness,1.0,1500447484212
SoundRight,65.36419126425089,1500447485392
SoundRight,65.12710716922649,1500447495390
SoundRight,63.7563050252573,1500447505390
SoundRight,63.70233702539442,1500447515390
MoveFocus,GoTour,1500447524815
SoundRight,63.58247290101516,1500447525390
SoundRight,63.857160472055284,1500447535391
Temperature,26.6,1500447544725
Humidity,51.39179364321348,1500447544730
Brightness,1.0,1500447544735
SoundRight,64.18694808377022,1500447545393
SoundRight,64.38013266920633,1500447555392
SoundRight,64.57528596089067,1500447565390
SoundRight,65.23264551554915,1500447575390
MoveFocus,GoTour,1500447584982
SoundRight,66.44770402184771,1500447585390
SoundRight,67.1841804896629,1500447595390
Temperature,26.6,1500447605236
Humidity,51.39179364321348,1500447605241
Brightness,1.0,1500447605247
SoundRight,67.03916896573173,1500447605390
SoundRight,67.2917910640032,1500447615390
Seat6B,false,1500447621511
TotalSeatCount,5,1500447621516
SoundRight,67.02766205527504,1500447625390
SoundRight,66.75408753991539,1500447635390
Seat6B,true,1500447636584
TotalSeatCount,6,1500447636584
MoveFocus,GoTour,1500447645069
SoundRight,66.94667959191958,1500447645390
SoundRight,65.41902887763776,1500447655390
Seat6B,false,1500447656650
TotalSeatCount,5,1500447656650
Seat4B,false,1500447661087
TotalSeatCount,4,1500447661087
SoundRight,64.83335165316173,1500447665390
Temperature,26.6,1500447665957
Humidity,51.39179364321348,1500447665962
Brightness,1.0,1500447665967
SoundRight,64.12600714944422,1500447675390
Seat6B,true,1500447681728
TotalSeatCount,5,1500447681748
SoundRight,63.85596684307443,1500447685390
SoundRight,63.93925814688899,1500447695390
Seat6B,false,1500447701774
TotalSeatCount,4,1500447701774
MoveFocus,GoTour,1500447705156
SoundRight,62.81807711128058,1500447705390
Seat6B,true,1500447706872
TotalSeatCount,5,1500447706872
SoundRight,63.32585816396378,1500447715390
SoundRight,63.87403947035491,1500447725390
Temperature,26.6,1500447726515
Humidity,51.39179364321348,1500447726521
Brightness,1.0,1500447726528
SoundRight,64.8826596036089,1500447735392
SoundRight,65.95658699383677,1500447745390
SoundRight,66.05645162439903,1500447755390
MoveFocus,GoTour,1500447765253
SoundRight,66.16904055829463,1500447765390
SoundRight,66.4492614186776,1500447775390
SoundRight,66.60315818292725,1500447785390
Temperature,26.6,1500447794033
Humidity,51.39179364321348,1500447794046
Brightness,1.0,1500447794054
SoundRight,65.80857949614834,1500447795403
SoundRight,65.6731326658328,1500447805390
SoundRight,66.43365410928372,1500447815390
MoveFocus,GoTour,1500447825345
SoundRight,67.28002008867588,1500447825390
SoundRight,67.69660646537807,1500447835390
SoundRight,67.78225146318269,1500447845392
Temperature,26.6,1500447854582
Humidity,51.39179364321348,1500447854588
Brightness,1.0,1500447854602
SoundRight,67.32439395377317,1500447855390
SoundRight,67.42997475785839,1500447865390
SoundRight,66.85414638978182,1500447875390
SoundRight,67.20218896549576,1500447885393
MoveFocus,GoTour,1500447885422
SoundRight,67.35730345888871,1500447895390
Seat4B,true,1500447901000
TotalSeatCount,6,1500447901000
SoundRight,67.20900432261014,1500447905393
SoundRight,67.2721185797329,1500447915390
Temperature,26.6,1500447918196
Humidity,51.39179364321348,1500447918201
Brightness,1.0,1500447918207
SoundRight,67.81592955473376,1500447925390
Seat5B,true,1500447927354
TotalSeatCount,6,1500447927354
SoundRight,67.89725209311298,1500447935392
SoundRight,66.74130065440475,1500447945392
MoveFocus,GoTour,1500447945519
SoundRight,65.81413548248894,1500447955392
SoundRight,66.18900998137889,1500447965390
SoundRight,67.42954408842014,1500447975392
Temperature,26.6,1500447978750
Humidity,51.39179364321348,1500447978755
Brightness,1.0,1500447978764
SoundRight,66.10771395802199,1500447985390
SoundRight,66.51921626658888,1500447995390
SoundRight,68.19319772718544,1500448005390
MoveFocus,GoTour,1500448005636
SoundRight,69.25349525955191,1500448015392
SoundRight,68.89896163851853,1500448025393
SoundRight,68.74780962352176,1500448035392
Temperature,26.6,1500448039308
Humidity,51.39179364321348,1500448039313
Brightness,1.0,1500448039322
SoundRight,68.1133973491085,1500448045390
SoundRight,67.79704743509996,1500448055390
SoundRight,67.18419537300242,1500448065390
MoveFocus,GoTour,1500448065733
SoundRight,66.20524740743998,1500448075390
SoundRight,66.40941754092287,1500448085390
SoundRight,66.64351083987046,1500448095390
Temperature,26.6,1500448099827
Humidity,51.39179364321348,1500448099832
Brightness,1.0,1500448099841
SoundRight,67.42946277346911,1500448105390
SoundRight,66.99973250685024,1500448115390
SoundRight,66.0811710061208,1500448125393
MoveFocus,GoTour,1500448125820
SoundRight,65.61526240018523,1500448135390
SoundRight,64.9020383237433,1500448145390
SoundRight,64.08480832351484,1500448155390
Temperature,26.6,1500448160361
Humidity,51.39179364321348,1500448160366
Brightness,1.0,1500448160374
SoundRight,63.75923836369217,1500448165390
SoundRight,64.88140453392887,1500448175390
SoundRight,65.51655359150054,1500448185390
MoveFocus,GoTour,1500448185937
SoundRight,65.80439655779584,1500448195390
SoundRight,65.62113242611805,1500448205390
SoundRight,65.82773506961703,1500448215390
Temperature,26.6,1500448220964
Humidity,51.39179364321348,1500448220969
Brightness,1.0,1500448220977
SoundRight,65.37524141090633,1500448225392
SoundRight,64.12794276724293,1500448235393
SoundRight,64.30069708598388,1500448245393
MoveFocus,GoTour,1500448246024
SoundRight,63.91774744970249,1500448255393
SoundRight,64.38887139462551,1500448265393
SoundRight,63.785260507813966,1500448275393
Temperature,26.6,1500448281489
Humidity,51.39179364321348,1500448281494
Brightness,1.0,1500448281501
SoundRight,64.58569683870694,1500448285393
SoundRight,64.75526286528451,1500448295393
SoundRight,64.67644264393006,1500448305393
MoveFocus,GoTour,1500448306106
SoundRight,65.17601482454474,1500448315390
SoundRight,65.678170212901,1500448325390
SoundRight,68.31864964127685,1500448335390
SoundRight,69.34103611089616,1500448345390
Temperature,26.6,1500448349091
Humidity,51.39179364321348,1500448349098
Brightness,1.0,1500448349103
SoundRight,70.14540747878137,1500448355390
SoundRight,70.54197494876274,1500448365390
MoveFocus,GoTour,1500448366238
Seat4A,false,1500448366583
TotalSeatCount,5,1500448366583
SoundRight,71.4689001110923,1500448375390
SoundRight,70.92016032862837,1500448385390
SoundRight,69.40883116849454,1500448395390
SoundRight,68.30788551414284,1500448405390
Temperature,26.6,1500448409614
Humidity,51.39179364321348,1500448409617
Brightness,1.0,1500448409624
SoundRight,68.395989297432,1500448415390
SoundRight,68.21562651027959,1500448425390
MoveFocus,GoTour,1500448426355
SoundRight,67.66423454926242,1500448435390
SoundRight,67.56160802691694,1500448445393
SoundRight,67.21034823977548,1500448455390
SoundRight,66.75403575508257,1500448465392
Temperature,26.6,1500448470312
Humidity,51.39179364321348,1500448470317
Brightness,1.0,1500448470323
SoundRight,65.88904724107752,1500448475392
SoundRight,65.47731163065782,1500448485390
MoveFocus,GoTour,1500448486497
SoundRight,65.89028937651592,1500448495392
SoundRight,66.49604963307216,1500448505390
SoundRight,66.7461766820666,1500448515390
Seat4A,true,1500448521356
TotalSeatCount,6,1500448521356
Seat5B,true,1500448523237
TotalSeatCount,6,1500448523237
SoundRight,67.58976421480352,1500448525390
Seat4A,false,1500448526419
TotalSeatCount,5,1500448526419
Temperature,26.6,1500448530831
Humidity,51.39179364321348,1500448530836
Brightness,1.0,1500448530844
SoundRight,68.51452613512434,1500448535393
Seat4A,true,1500448536504
TotalSeatCount,6,1500448536504
SoundRight,69.05141327567983,1500448545390
MoveFocus,GoTour,1500448546579
SoundRight,68.95567401842342,1500448555393
SoundRight,69.41994236961649,1500448565390
SoundRight,70.33265448529035,1500448575390
SoundRight,70.25300127805677,1500448585390
Temperature,26.6,1500448591350
Humidity,51.39179364321348,1500448591356
Brightness,1.0,1500448591363
SoundRight,70.52794704477103,1500448595390
SoundRight,70.6753736977909,1500448605390
MoveFocus,GoTour,1500448606706
SoundRight,70.40178411163622,1500448615390
Seat3A,true,1500448619728
TotalSeatCount,7,1500448619728
SoundRight,69.89328442469983,1500448625390
SoundRight,68.5978390407397,1500448635390
SoundRight,68.33927178456197,1500448645390
Temperature,26.6,1500448651870
Humidity,51.39179364321348,1500448651875
Brightness,1.0,1500448651883
SoundRight,67.47601551902528,1500448655390
SoundRight,66.96856936439357,1500448665390
MoveFocus,GoTour,1500448666808
SoundRight,66.82311987686323,1500448675390
SoundRight,67.63722534518853,1500448685390
SoundRight,69.07713825283882,1500448695393
SoundRight,70.4774594180644,1500448705390
Temperature,26.6,1500448712389
Humidity,51.39179364321348,1500448712395
Brightness,1.0,1500448712402
SoundRight,71.98979954577415,1500448715393
SoundRight,73.11891022903559,1500448725393
MoveFocus,GoTour,1500448726905
SoundRight,74.39576428317663,1500448735392
SoundRight,74.01288781699117,1500448745390
SoundRight,73.62048776403061,1500448755390
Seat5B,false,1500448761954
TotalSeatCount,6,1500448761954
SoundRight,72.61707164208705,1500448765390
Seat5B,true,1500448766026
TotalSeatCount,7,1500448766031
Seat5B,false,1500448769113
TotalSeatCount,6,1500448769118
Temperature,26.6,1500448772921
Humidity,51.39179364321348,1500448772926
Brightness,1.0,1500448772933
SoundRight,71.41987454250766,1500448775390
SoundRight,69.6718841994766,1500448785390
MoveFocus,GoTour,1500448787002
SoundRight,67.78804104121103,1500448795390
SoundRight,66.89662807580417,1500448805390
SoundRight,66.37611608136737,1500448815390
SoundRight,65.82897727513749,1500448825390
Temperature,26.6,1500448833530
Humidity,51.39179364321348,1500448833536
Brightness,1.0,1500448833543
SoundRight,66.29860412229176,1500448835390
SoundRight,66.39294615986331,1500448845390
MoveFocus,GoTour,1500448847133
SoundRight,66.51547523370013,1500448855390
Seat5B,true,1500448863526
TotalSeatCount,7,1500448863526
SoundRight,66.58723497319386,1500448865390
SoundRight,66.977166632441,1500448875392
SoundRight,66.43702728056972,1500448885390
Temperature,26.6,1500448894270
Humidity,51.39179364321348,1500448894280
Brightness,1.0,1500448894283
SoundRight,66.58547263083241,1500448895390
Seat4A,false,1500448895823
TotalSeatCount,6,1500448895823
Seat4B,false,1500448904333
TotalSeatCount,5,1500448904333
SoundRight,67.62587540412103,1500448905390
MoveFocus,GoTour,1500448907215
SoundRight,69.61584973517272,1500448915390
SoundRight,71.39114879263062,1500448925392
SoundRight,71.45666342090249,1500448935390
SoundRight,72.3655671807971,1500448945393
Temperature,26.6,1500448954773
Humidity,51.39179364321348,1500448954779
Brightness,1.0,1500448954784
SoundRight,72.17036826643064,1500448955393
Seat4B,true,1500448959387
TotalSeatCount,6,1500448959387
SoundRight,71.30123163641035,1500448965393
MoveFocus,GoTour,1500448967337
SoundRight,70.28126687157005,1500448975390
SoundRight,69.3471420365009,1500448985390
SoundRight,70.36790686310248,1500448995390
SoundRight,70.96806441468591,1500449005390
Temperature,26.6,1500449015297
Humidity,51.39179364321348,1500449015302
Brightness,1.0,1500449015308
SoundRight,72.04759602269085,1500449015390
SoundRight,73.58791584712267,1500449025390
MoveFocus,GoTour,1500449027464
SoundRight,73.11807569728896,1500449035390
SoundRight,74.04510141897498,1500449045390
SoundRight,73.6125493869321,1500449055390
SoundRight,73.70857384822914,1500449065403
SoundRight,73.33151859166581,1500449075390
Temperature,26.6,1500449075818
Humidity,51.39179364321348,1500449075823
Brightness,1.0,1500449075828
SoundRight,72.04997245298513,1500449085393
Seat4A,true,1500449085625
TotalSeatCount,7,1500449085630
MoveFocus,GoTour,1500449087566
SoundRight,73.01352355685907,1500449095393
SoundRight,71.8812543506882,1500449105392
SoundRight,70.82788599631635,1500449115390
SoundRight,70.4756370541522,1500449125390
SoundRight,70.01601089652789,1500449135390
Temperature,26.6,1500449140323
Humidity,51.39179364321348,1500449140339
Brightness,1.0,1500449140347
SoundRight,70.25672588030928,1500449145390
MoveFocus,GoTour,1500449147703
SoundRight,69.36186920329574,1500449155390
SoundRight,70.74783132641265,1500449165390
SoundRight,70.2463897185975,1500449175390
SoundRight,69.1463809065406,1500449185390
SoundRight,68.34255049319071,1500449195403
Temperature,26.6,1500449200880
Humidity,51.39179364321348,1500449200886
Brightness,1.0,1500449200893
SoundRight,67.69359272127467,1500449205390
MoveFocus,GoTour,1500449207815
SoundRight,66.36904163914214,1500449215390
SoundRight,65.13760463450156,1500449225393
SoundRight,66.72228127179676,1500449235390
SoundRight,68.7815490479233,1500449245390
SoundRight,70.28078900121328,1500449255390
Temperature,26.6,1500449261569
Humidity,51.39179364321348,1500449261574
Brightness,1.0,1500449261582
SoundRight,72.18413077143799,1500449265403
MoveFocus,GoTour,1500449267897
SoundRight,74.3404146703122,1500449275403
SoundRight,75.52411880288403,1500449285390
SoundRight,75.4130683994563,1500449295390
SoundRight,74.47031850917712,1500449305390
SoundRight,74.20965282371598,1500449315393
Temperature,26.6,1500449322190
Humidity,51.39179364321348,1500449322195
Brightness,1.0,1500449322203
SoundRight,73.89808498988786,1500449325393
MoveFocus,GoTour,1500449327999
SoundRight,73.33768698579578,1500449335392
Seat3A,false,1500449338314
TotalSeatCount,6,1500449338314
SoundRight,72.07421373086234,1500449345392
SoundRight,70.27104875934259,1500449355392
SoundRight,69.35990694628016,1500449365392
Seat4A,false,1500449375114
TotalSeatCount,5,1500449375114
SoundRight,68.72980615875113,1500449375390
Temperature,26.6,1500449382791
Humidity,51.39179364321348,1500449382795
Brightness,1.0,1500449382804
SoundRight,68.50579604949154,1500449385390
MoveFocus,GoTour,1500449388106
SoundRight,66.86337561967677,1500449395390
SoundRight,67.58242210131836,1500449405390
SoundRight,69.06124800781123,1500449415390
SoundRight,70.49291671556493,1500449425390
SoundRight,71.02998198584704,1500449435390
Temperature,26.6,1500449443352
Humidity,51.39179364321348,1500449443356
Brightness,1.0,1500449443374
Seat5B,false,1500449445176
TotalSeatCount,4,1500449445176
SoundRight,69.62968268102053,1500449445393
MoveFocus,GoTour,1500449448208
Seat5B,true,1500449449238
TotalSeatCount,5,1500449449238
SoundRight,70.53320253624449,1500449455392
Seat4A,true,1500449465027
TotalSeatCount,6,1500449465027
SoundRight,70.25456601915198,1500449465390
SoundRight,69.03034819934574,1500449475390
SoundRight,69.1620939553852,1500449485390
SoundRight,70.96835116555998,1500449495393
Seat5B,false,1500449504023
TotalSeatCount,5,1500449504023
SoundRight,72.09910066678191,1500449505390
Temperature,26.6,1500449506925
Humidity,51.39179364321348,1500449506928
Brightness,1.0,1500449506937
MoveFocus,GoTour,1500449508335
SoundRight,74.67077285138521,1500449515390
SoundRight,76.21597796557089,1500449525393
Seat3A,true,1500449533058
TotalSeatCount,6,1500449533058
SoundRight,78.27882626526888,1500449535390
Seat3A,false,1500449538156
TotalSeatCount,5,1500449538156
SoundRight,79.07126576721821,1500449545390
SoundRight,79.13611041100928,1500449555393
SoundRight,80.35164525229189,1500449565390
Temperature,26.6,1500449567549
Humidity,51.39179364321348,1500449567559
Brightness,1.0,1500449567567
MoveFocus,GoTour,1500449568547
SoundRight,80.79581318151058,1500449575390
SoundRight,80.58497399359061,1500449585390
SoundRight,79.71878942067357,1500449595390
Seat5B,true,1500449602500
TotalSeatCount,6,1500449602500
SoundRight,78.70612592421847,1500449605392
Seat5B,false,1500449613526
TotalSeatCount,5,1500449613526
SoundRight,78.0779077696386,1500449615392
SoundRight,76.60172808926151,1500449625390
Temperature,26.6,1500449628088
Humidity,51.39179364321348,1500449628103
Brightness,1.0,1500449628109
Seat5B,true,1500449628554
TotalSeatCount,6,1500449628554
MoveFocus,GoTour,1500449628649
Seat5B,false,1500449629650
TotalSeatCount,5,1500449629650
SoundRight,73.55522339534357,1500449635390
SoundRight,72.09754225855471,1500449645390
SoundRight,71.23027914509281,1500449655390
Seat5B,true,1500449662597
TotalSeatCount,6,1500449662597
Seat5B,false,1500449664693
TotalSeatCount,5,1500449664698
SoundRight,70.8357126588696,1500449665390
Seat4A,false,1500449674724
TotalSeatCount,4,1500449674724
SoundRight,70.82300873327357,1500449675390
SoundRight,70.84071420501908,1500449685390
Temperature,26.6,1500449688633
Humidity,51.39179364321348,1500449688639
Brightness,1.0,1500449688646
MoveFocus,GoTour,1500449688721
SoundRight,71.59340668668324,1500449695392
SoundRight,72.7315031717192,1500449705393
SoundRight,73.08654875625116,1500449715390
SoundRight,73.13110468774585,1500449725390
SoundRight,74.62980527199544,1500449735392
SoundRight,75.33013519785237,1500449745392
MoveFocus,GoTour,1500449748873
Temperature,26.6,1500449749210
Humidity,51.39179364321348,1500449749216
Brightness,1.0,1500449749223
SoundRight,76.38781476608337,1500449755390
Seat5B,true,1500449759169
TotalSeatCount,5,1500449759169
SoundRight,77.41750625036794,1500449765390
SoundRight,78.65801932196139,1500449775390
Seat4A,true,1500449779635
TotalSeatCount,6,1500449779635
SoundRight,77.4241486624365,1500449785390
Seat5B,false,1500449791056
TotalSeatCount,5,1500449791056
SoundRight,75.96525440030315,1500449795390
Seat5B,true,1500449799120
TotalSeatCount,6,1500449799120
Seat5B,false,1500449802202
TotalSeatCount,5,1500449802202
Seat5B,true,1500449803302
TotalSeatCount,6,1500449803302
SoundRight,75.12638985884601,1500449805390
Seat5B,false,1500449805393
TotalSeatCount,5,1500449805398
MoveFocus,GoTour,1500449808970
Temperature,26.6,1500449809730
Humidity,51.39179364321348,1500449809735
Brightness,1.0,1500449809742
SoundRight,74.1029836213027,1500449815390
Seat6B,false,1500449818815
TotalSeatCount,4,1500449818815
Seat6B,true,1500449823908
TotalSeatCount,5,1500449823908
SoundRight,72.51656335764258,1500449825390
SoundRight,71.4286739995276,1500449835390
SoundRight,71.73910194181988,1500449845390
Seat5B,true,1500449848276
TotalSeatCount,6,1500449848276
Seat5B,false,1500449849397
TotalSeatCount,5,1500449849397
SoundRight,70.34961886162073,1500449855390
SoundRight,68.65331874388704,1500449865390
MoveFocus,GoTour,1500449869042
Temperature,26.6,1500449870346
Humidity,51.39179364321348,1500449870352
Brightness,1.0,1500449870360
SoundRight,67.6549648215498,1500449875390
SoundRight,67.44083818210665,1500449885390
SoundRight,66.01658967229123,1500449895393
SoundRight,65.51138659945784,1500449905393
Seat4B,false,1500449907878
TotalSeatCount,4,1500449907878
SoundRight,65.97243536905232,1500449915390
SoundRight,66.0270098867361,1500449925390
MoveFocus,GoTour,1500449929179
Temperature,26.6,1500449930968
Humidity,51.39179364321348,1500449930978
Brightness,1.0,1500449930997
SoundRight,65.67905807680917,1500449935390
Seat4B,true,1500449942967
TotalSeatCount,5,1500449943012
Seat4A,false,1500449944362
TotalSeatCount,4,1500449944362
SoundRight,65.0586564234041,1500449945390
Seat5B,true,1500449947989
TotalSeatCount,5,1500449947989
SoundRight,65.22026331944231,1500449955390
Seat5B,false,1500449957009
TotalSeatCount,4,1500449957009
Exit,null,1500449965157
UserCount,7,1500449965157
SoundRight,66.4205434640567,1500449965390
SoundRight,67.78360371578182,1500449975390
Seat2A,true,1500449978676
TotalSeatCount,5,1500449978676
Seat2A,false,1500449983763
TotalSeatCount,4,1500449983763
SoundRight,68.71818739753807,1500449985390
Seat5B,true,1500449986935
TotalSeatCount,5,1500449986935
Seat5B,false,1500449989031
TotalSeatCount,4,1500449989036
MoveFocus,GoTour,1500449989261
Temperature,26.6,1500449991596
Humidity,51.39179364321348,1500449991614
Brightness,1.0,1500449991620
SoundRight,70.05150724081956,1500449995390
Seat6B,false,1500449998826
TotalSeatCount,3,1500449998831
Seat6B,true,1500450003889
TotalSeatCount,4,1500450003889
SoundRight,72.1920405259064,1500450005390
Seat2A,true,1500450008837
Seat6B,false,1500450008837
TotalSeatCount,4,1500450008837
Seat5B,true,1500450010998
TotalSeatCount,5,1500450010998
Seat5B,false,1500450013084
Seat2A,false,1500450013084
TotalSeatCount,3,1500450013084
SoundRight,75.12149601489641,1500450015390
Seat4B,false,1500450017977
TotalSeatCount,2,1500450017982
Seat2A,true,1500450019067
TotalSeatCount,3,1500450019067
Seat2A,false,1500450024110
TotalSeatCount,2,1500450024115
SoundRight,78.71908271089407,1500450025390
Seat2A,true,1500450029203
TotalSeatCount,3,1500450029208
Seat4B,true,1500450033085
TotalSeatCount,4,1500450033085
SoundRight,80.7538411952599,1500450035390
SoundRight,83.06745119658194,1500450045390
MoveFocus,GoTour,1500450049333
Temperature,26.6,1500450052212
Humidity,51.39179364321348,1500450052223
Brightness,1.0,1500450052229
Seat4B,false,1500450053120
Seat6B,true,1500450053125
TotalSeatCount,4,1500450053125
SoundRight,83.51154498677882,1500450055390
Seat6B,false,1500450059189
TotalSeatCount,3,1500450059189
SoundRight,83.97412633547441,1500450065390
SoundRight,82.77135056182127,1500450075390
Seat5B,true,1500450080675
TotalSeatCount,4,1500450080675
Seat5B,false,1500450081766
TotalSeatCount,3,1500450081771
SoundRight,79.49178567862181,1500450085390
Seat4B,true,1500450088179
TotalSeatCount,4,1500450088179
SoundRight,78.05623515547515,1500450095390
SoundRight,76.35022269944027,1500450105392
MoveFocus,GoTour,1500450109420
Temperature,26.6,1500450112734
Humidity,51.39179364321348,1500450112745
Brightness,1.0,1500450112751
SoundRight,76.4387997437286,1500450115393
SoundRight,75.41676943457625,1500450125390
Seat6B,true,1500450134224
TotalSeatCount,5,1500450134224
SoundRight,75.06768734082236,1500450135390
Seat6B,false,1500450139326
TotalSeatCount,4,1500450139326
SoundRight,74.74725051218593,1500450145390
Seat5B,true,1500450146450
TotalSeatCount,5,1500450146450
Seat5B,false,1500450152553
TotalSeatCount,4,1500450152553
Seat5B,true,1500450153619
Seat2A,false,1500450153619
TotalSeatCount,4,1500450153624
SoundRight,76.48642248947469,1500450155390
SoundRight,77.30206933579935,1500450165390
Seat2A,true,1500450169162
Seat5B,false,1500450169162
TotalSeatCount,4,1500450169162
MoveFocus,GoTour,1500450169537
Seat5B,true,1500450173710
TotalSeatCount,5,1500450173710
Seat5B,false,1500450174825
TotalSeatCount,4,1500450174825
SoundRight,77.9875136919705,1500450175390
SoundRight,77.6824066995769,1500450185390
Temperature,26.6,1500450188308
Humidity,51.39179364321348,1500450188317
Brightness,1.0,1500450188323
SoundRight,78.91211634619557,1500450195390
SoundRight,80.87745950779863,1500450205393
Seat4B,false,1500450208088
TotalSeatCount,3,1500450208093
SoundRight,79.28561516661186,1500450215390
SoundRight,80.02598746831337,1500450225392
MoveFocus,GoTour,1500450229649
SoundRight,81.46286022562566,1500450235390
Seat5B,true,1500450242446
TotalSeatCount,4,1500450242446
SoundRight,83.35394986004584,1500450245390
Temperature,26.6,1500450249028
Humidity,51.39179364321348,1500450249037
Brightness,1.0,1500450249043
Seat5B,false,1500450250546
TotalSeatCount,3,1500450250546
SoundRight,82.43441186659051,1500450255390
SoundRight,81.85051241034321,1500450265390
SoundRight,82.12373956837978,1500450275393
SoundRight,79.2669038297022,1500450285390
MoveFocus,GoTour,1500450289741
SoundRight,77.1949513270236,1500450295390
SoundRight,77.41630527574786,1500450305390
Temperature,26.6,1500450309650
Humidity,51.39179364321348,1500450309661
Brightness,1.0,1500450309666
SoundRight,76.98122843302963,1500450315390
SoundRight,75.79623365942741,1500450325392
Seat6B,true,1500450329333
TotalSeatCount,4,1500450329333
Seat4B,true,1500450333020
TotalSeatCount,5,1500450333020
Seat6B,false,1500450334430
TotalSeatCount,4,1500450334430
SoundRight,76.48549573693296,1500450335392
Seat4B,false,1500450338117
TotalSeatCount,3,1500450338117
SoundRight,77.7577291691475,1500450345393
MoveFocus,GoTour,1500450349909
SoundRight,77.91135377016447,1500450355390
Seat4B,true,1500450358188
TotalSeatCount,4,1500450358188
Seat2A,false,1500450363856
TotalSeatCount,3,1500450363856
SoundRight,77.74834754068246,1500450365392
Temperature,26.6,1500450370275
Humidity,51.39179364321348,1500450370280
Brightness,1.0,1500450370286
SoundRight,78.62219274380554,1500450375390
Seat6B,true,1500450379474
TotalSeatCount,4,1500450379474
Seat6B,false,1500450384572
TotalSeatCount,3,1500450384572
SoundRight,80.27585357161425,1500450385390
SoundRight,80.6387451123871,1500450395390
SoundRight,81.26775435647053,1500450405390
MoveFocus,GoTour,1500450409986
SoundRight,82.69657438518426,1500450415393
SoundRight,83.41608627962745,1500450425390
Temperature,26.6,1500450430810
Humidity,51.39179364321348,1500450430816
Brightness,1.0,1500450430824
SoundRight,84.54302578382641,1500450435390
SoundRight,84.52509282982805,1500450445390
SoundRight,84.71736462230085,1500450455393
SoundRight,84.71627982419551,1500450465390
MoveFocus,GoTour,1500450470098
SoundRight,84.58574803944865,1500450475390
SoundRight,83.02248652356023,1500450485390
Temperature,26.6,1500450491329
Humidity,51.39179364321348,1500450491335
Brightness,1.0,1500450491343
SoundRight,83.0872957370886,1500450495390
SoundRight,83.58179364394404,1500450505390
SoundRight,83.76486027865664,1500450515392
SoundRight,85.71108083734549,1500450525390
MoveFocus,GoTour,1500450530205
SoundRight,86.47926299536994,1500450535390
Seat6B,true,1500450544467
TotalSeatCount,4,1500450544467
SoundRight,87.24543464162542,1500450545390
Seat6B,false,1500450549545
TotalSeatCount,3,1500450549545
Temperature,26.6,1500450551936
Humidity,51.39179364321348,1500450551942
Brightness,1.0,1500450551950
SoundRight,86.46084790753727,1500450555390
SoundRight,84.87767904367001,1500450565390
Seat4B,false,1500450567965
TotalSeatCount,2,1500450567965
Seat6B,true,1500450569631
TotalSeatCount,3,1500450569631
SoundRight,83.19844865625323,1500450575390
Seat6B,false,1500450579726
TotalSeatCount,2,1500450579726
SoundRight,83.36084689363365,1500450585403
Seat6B,true,1500450589831
TotalSeatCount,3,1500450589831
MoveFocus,GoTour,1500450590287
SoundRight,83.61934321196057,1500450595393
Seat6B,false,1500450599937
TotalSeatCount,2,1500450599937
SoundRight,83.13591765302638,1500450605393
Temperature,26.6,1500450612451
Humidity,51.39179364321348,1500450612456
Brightness,1.0,1500450612464
SoundRight,82.74293176332682,1500450615392
Seat6B,true,1500450620008
TotalSeatCount,3,1500450620008
SoundRight,84.49013189275689,1500450625393
Seat5B,true,1500450634971
Seat6B,false,1500450634971
TotalSeatCount,3,1500450634971
SoundRight,86.0586032708873,1500450635390
Seat5B,false,1500450640088
TotalSeatCount,2,1500450640088
SoundRight,85.33725959980363,1500450645390
Seat6B,true,1500450650149
TotalSeatCount,3,1500450650149
MoveFocus,GoTour,1500450650394
Seat6B,false,1500450655241
TotalSeatCount,2,1500450655241
SoundRight,84.51040762019915,1500450655390
Seat6B,true,1500450665362
TotalSeatCount,3,1500450665362
SoundRight,84.41768892723232,1500450665390
Seat6B,false,1500450670434
TotalSeatCount,2,1500450670434
Temperature,26.6,1500450672971
Humidity,51.39179364321348,1500450672980
Brightness,1.0,1500450672983
SoundRight,84.5020304393419,1500450675390
Seat6B,true,1500450675537
TotalSeatCount,3,1500450675537
Seat6B,false,1500450680645
TotalSeatCount,2,1500450680645
SoundRight,84.63790654604487,1500450685390
Seat6B,true,1500450685738
TotalSeatCount,3,1500450685738
Seat5B,true,1500450690785
TotalSeatCount,4,1500450690785
Seat5B,false,1500450692901
TotalSeatCount,3,1500450692901
SoundRight,85.8417357190911,1500450695390
Seat2A,true,1500450698139
TotalSeatCount,4,1500450698144
Seat2A,false,1500450703242
TotalSeatCount,3,1500450703242
SoundRight,85.45796785946413,1500450705393
Seat6B,false,1500450705873
TotalSeatCount,2,1500450705873
MoveFocus,GoTour,1500450710501
SoundRight,85.34258778286413,1500450715390
Seat6B,true,1500450720921
TotalSeatCount,3,1500450720921
SoundRight,85.97060649894534,1500450725403
Temperature,26.6,1500450733510
Humidity,51.39179364321348,1500450733521
Brightness,1.0,1500450733526
SoundRight,87.19112276979588,1500450735390
Seat6B,false,1500450741012
TotalSeatCount,2,1500450741012
Seat2A,true,1500450743263
TotalSeatCount,3,1500450743263
SoundRight,85.77493497774351,1500450745390
Seat6B,true,1500450746100
TotalSeatCount,4,1500450746100
Seat2A,false,1500450753359
TotalSeatCount,3,1500450753359
SoundRight,84.99077267946979,1500450755390
Seat4B,true,1500450762684
TotalSeatCount,4,1500450762684
SoundRight,83.19556182324058,1500450765390
MoveFocus,GoTour,1500450770603
SoundRight,82.58872523614046,1500450775390
SoundRight,84.6939094799838,1500450785390
Temperature,26.6,1500450794218
Humidity,51.39179364321348,1500450794227
Brightness,1.0,1500450794232
SoundRight,82.96152361742892,1500450795390
Seat1A,false,1500450797887
TotalSeatCount,4,1500450797887
SoundRight,83.38470251058166,1500450805390
Seat5B,true,1500450806232
TotalSeatCount,5,1500450806232
Seat5B,false,1500450807332
TotalSeatCount,4,1500450807332
Seat5B,true,1500450815377
TotalSeatCount,5,1500450815377
SoundRight,81.15055111833459,1500450815390
Seat5B,false,1500450821455
TotalSeatCount,4,1500450821455
SoundRight,81.09786770768432,1500450825390
MoveFocus,GoTour,1500450830715
SoundRight,82.36362695943565,1500450835390
Seat6B,false,1500450836088
TotalSeatCount,3,1500450836088
Seat6B,true,1500450841160
TotalSeatCount,4,1500450841160
Seat2A,true,1500450843367
TotalSeatCount,5,1500450843367
SoundRight,79.56295618060398,1500450845390
Seat2A,false,1500450848419
TotalSeatCount,4,1500450848419
Temperature,26.6,1500450854749
Humidity,51.39179364321348,1500450854758
Brightness,1.0,1500450854763
SoundRight,81.61989425123183,1500450855390
Seat4B,false,1500450857679
TotalSeatCount,3,1500450857679
SoundRight,81.22310379582386,1500450865390
SoundRight,82.8108372037526,1500450875390
Seat6B,false,1500450876244
TotalSeatCount,2,1500450876244
Seat6B,true,1500450881297
TotalSeatCount,3,1500450881302
SoundRight,82.13944362152412,1500450885390
Seat6B,false,1500450886395
TotalSeatCount,2,1500450886395
MoveFocus,GoTour,1500450890782
SoundRight,81.55761619041745,1500450895390
Seat6B,true,1500450896510
TotalSeatCount,3,1500450896510
Seat4B,true,1500450902763
TotalSeatCount,4,1500450902763
SoundRight,81.42725840201095,1500450905403
SoundRight,81.34686338523025,1500450915390
Temperature,26.6,1500450915459
Humidity,51.39179364321348,1500450915467
Brightness,1.0,1500450915472
SoundRight,82.44779587995569,1500450925390
SoundRight,81.88789120568411,1500450935390
SoundRight,82.80117561617435,1500450945390
MoveFocus,GoTour,1500450950914
SoundRight,82.70188327176648,1500450955390
Seat6B,false,1500450961485
Seat6A,false,1500450961490
TotalSeatCount,2,1500450961490
SoundRight,82.33043076110283,1500450965390
SoundRight,79.81013600355064,1500450975390
Temperature,26.6,1500450975980
Humidity,51.39179364321348,1500450975984
Brightness,1.0,1500450975993
Exit,null,1500450984410
UserCount,6,1500450984411
SoundRight,78.51534263620111,1500450985390
SoundRight,78.3445848034539,1500450995390
SoundRight,79.58408904908248,1500451005390
MoveFocus,GoTour,1500451011041
Seat6B,true,1500451011616
TotalSeatCount,3,1500451011616
SoundRight,80.24984697998109,1500451015390
Seat6B,false,1500451021677
TotalSeatCount,2,1500451021677
Seat3B,false,1500451025289
TotalSeatCount,2,1500451025289
SoundRight,82.15964475288884,1500451025390
SoundRight,83.1811075153303,1500451035393
Temperature,26.6,1500451036500
Humidity,51.39179364321348,1500451036503
Brightness,1.0,1500451036509
Seat6B,true,1500451041692
TotalSeatCount,3,1500451041692
SoundRight,82.0919589530043,1500451045390
SoundRight,82.6344724097159,1500451055392
SoundRight,81.93789561264872,1500451065390
MoveFocus,GoTour,1500451071168
SoundRight,81.34680229797321,1500451075394
SoundRight,78.61458969563517,1500451085390
SoundRight,77.01905912333514,1500451095390
Temperature,26.6,1500451097020
Humidity,51.39179364321348,1500451097024
Brightness,1.0,1500451097030
SoundRight,76.75523043513363,1500451105390
SoundRight,77.53063173671055,1500451115390
SoundRight,75.95650397662453,1500451125393
MoveFocus,GoTour,1500451131280
SoundRight,74.42993365705686,1500451135393
SoundRight,76.70682676670145,1500451145393
SoundRight,78.18571557919606,1500451155390
Temperature,26.6,1500451157541
Humidity,51.39179364321348,1500451157545
Brightness,1.0,1500451157553
SoundRight,80.65508233315016,1500451165393
SoundRight,81.39335429386558,1500451175393
SoundRight,80.28664729763727,1500451185393
Seat5B,true,1500451190782
Seat6B,false,1500451190782
TotalSeatCount,3,1500451190782
MoveFocus,GoTour,1500451191372
Seat5B,false,1500451191882
TotalSeatCount,2,1500451191882
Seat5B,true,1500451193973
TotalSeatCount,3,1500451193973
Seat5B,false,1500451195064
TotalSeatCount,2,1500451195064
SoundRight,79.3600398496686,1500451195393
Seat4B,false,1500451197360
TotalSeatCount,1,1500451197360
Seat1B,false,1500451200997
TotalSeatCount,0,1500451200997
InferredUserPresence,empty,1500451201007
SoundRight,80.25114376409061,1500451205403
Exit,null,1500451214774
UserCount,5,1500451214774
Entrance,null,1500451215076
UserCount,6,1500451215077
SoundRight,80.31363742462938,1500451215390
Exit,null,1500451216922
UserCount,5,1500451216923
Temperature,26.6,1500451218062
Humidity,51.39179364321348,1500451218070
Brightness,1.0,1500451218079
Exit,null,1500451221131
UserCount,4,1500451221131
Exit,null,1500451222033
UserCount,3,1500451222033
Exit,null,1500451222150
UserCount,2,1500451222151
Exit,null,1500451223235
UserCount,1,1500451223236
Exit,null,1500451224418
UserCount,0,1500451224418
SoundRight,78.92272323022084,1500451225390
Exit,null,1500451234813
UserCount,0,1500451234813
SoundRight,76.55218655832523,1500451235390
Exit,null,1500451242770
UserCount,0,1500451242770
SoundRight,75.43639020827541,1500451245403
TurnOnLightGroup1,null,1500451247034
TurnOnLightGroup3,null,1500451247038
Color,white,1500451247102
LightGroup1,On,1500451247131
Color,white,1500451247244
LightGroup3,On,1500451247272
SetColor,null,1500451247843
Color,yellow,1500451247891
TurnOffLightGroup2,null,1500451248944
LightGroup2,Off,1500451248961
MoveFocus,GoTour,1500451251439
Exit,null,1500451251791
UserCount,0,1500451251793
