Chatting 1,91.0,107.0,13.218487394957982,0.0,50.0,112.0,34.82692307692308,0.0,23.0,70.0,23.06201550387597,0.0,28.0,65.0,23.1,0.0,182.0,86.0,60.6551724137931,0.0,
Chatting 2,55.0,56.0,7.605042016806722,0.0,21.0,58.0,17.71153846153846,0.0,4.0,35.0,10.720930232558139,0.0,1.0,27.0,7.3,0.0,15.0,40.0,13.681034482758621,0.0,
Chatting 3,17.0,14.0,2.310924369747899,0.0,0.0,13.0,3.1923076923076925,0.0,0.0,6.0,1.937984496124031,0.0,1.0,5.0,1.9,0.0,0.0,7.0,1.9137931034482758,0.0,
Chatting 4,27.0,37.0,5.546218487394958,0.0,5.0,20.0,6.480769230769231,0.0,5.0,34.0,10.44186046511628,0.0,24.0,20.0,11.3,0.0,1.0,15.0,4.517241379310345,0.0,
Chatting 5,1.0,0.0,0.05042016806722689,0.0,0.0,0.0,0.0,0.0,0.0,0.0,0.0,0.0,0.0,0.0,0.0,0.0,0.0,0.0,0.0,0.0,
Chatting 6,14.0,28.0,3.991596638655462,0.0,2.0,21.0,5.961538461538462,0.0,3.0,23.0,7.24031007751938,0.0,4.0,19.0,6.15,0.0,5.0,14.0,4.982758620689655,0.0,
Chatting 7,1.0,9.0,1.1596638655462186,0.0,1.0,7.0,2.0384615384615383,0.0,0.0,7.0,2.007751937984496,0.0,1.0,7.0,2.25,0.0,2.0,3.0,1.4655172413793103,0.0,
Chatting 8,10.0,14.0,2.0672268907563027,0.0,1.0,10.0,2.980769230769231,0.0,0.0,6.0,1.9069767441860466,0.0,0.0,9.0,2.475,0.0,0.0,9.0,2.4827586206896552,0.0,
Chatting 9,4.0,8.0,1.504201680672269,0.0,0.0,5.0,1.6538461538461537,0.0,1.0,7.0,2.4728682170542635,0.0,0.0,5.0,1.55,0.0,0.0,3.0,1.0,0.0,
Chatting 10,24.0,39.0,5.554621848739496,0.0,4.0,30.0,8.634615384615385,0.0,10.0,36.0,11.844961240310077,0.0,5.0,23.0,7.625,0.0,13.0,17.0,7.482758620689655,0.0,
Chatting 11,35.0,44.0,5.151260504201681,0.0,19.0,45.0,14.788461538461538,0.0,5.0,28.0,9.03875968992248,0.0,0.0,15.0,4.425,0.0,7.0,26.0,8.129310344827585,0.0,
Chatting 12,0.0,1.0,0.2773109243697479,0.0,0.0,0.0,0.0,0.0,0.0,1.0,0.23255813953488372,0.0,0.0,1.0,0.3,0.0,3.0,1.0,1.0,0.0,
Chatting 13,62.0,68.0,7.831932773109243,0.0,24.0,61.0,18.53846153846154,0.0,22.0,46.0,16.488372093023255,0.0,8.0,44.0,12.7,0.0,48.0,50.0,22.56896551724138,0.0,
Chatting 14,3.0,5.0,0.6218487394957983,0.0,0.0,3.0,0.5384615384615384,0.0,0.0,3.0,0.6744186046511628,0.0,0.0,0.0,0.0,0.0,1.0,3.0,0.9655172413793104,0.0,
Chatting 15,1.0,1.0,0.21008403361344538,0.0,0.0,0.0,0.0,0.0,0.0,1.0,0.31007751937984496,0.0,0.0,1.0,0.3,0.0,0.0,0.0,0.0,0.0,
Chatting 16,78.0,73.0,9.411764705882353,0.0,7.0,50.0,12.75,0.0,0.0,24.0,6.37984496124031,0.0,5.0,32.0,9.6,0.0,88.0,71.0,37.422413793103445,0.0,
Chatting 17,82.0,105.0,11.890756302521009,0.0,49.0,113.0,34.86538461538461,0.0,14.0,68.0,20.767441860465116,0.0,7.0,66.0,18.775,0.0,135.0,80.0,49.12068965517241,0.0,
Chatting 18,3.0,11.0,1.4201680672268908,0.0,3.0,5.0,1.8653846153846154,0.0,0.0,10.0,2.7209302325581395,0.0,0.0,5.0,1.35,0.0,1.0,5.0,1.6896551724137931,0.0,
Chatting 19,0.0,2.0,0.3865546218487395,0.0,0.0,1.0,0.21153846153846154,0.0,0.0,1.0,0.3023255813953488,0.0,0.0,2.0,0.6,0.0,0.0,2.0,0.6637931034482759,0.0,
Chatting 20,2.0,14.0,1.5126050420168067,0.0,1.0,14.0,3.923076923076923,0.0,2.0,11.0,3.8372093023255816,0.0,0.0,7.0,2.05,0.0,4.0,4.0,2.0517241379310347,0.0,
Chatting 21,1.0,3.0,0.3277310924369748,0.0,0.0,1.0,0.2692307692307692,0.0,0.0,2.0,0.6434108527131783,0.0,0.0,1.0,0.225,0.0,0.0,1.0,0.21551724137931033,0.0,
Chatting 22,9.0,27.0,3.638655462184874,0.0,3.0,24.0,6.346153846153846,0.0,0.0,20.0,5.317829457364341,0.0,6.0,15.0,5.7,0.0,1.0,18.0,4.913793103448276,0.0,
Chatting 23,8.0,17.0,1.8907563025210083,0.0,6.0,16.0,5.3076923076923075,0.0,0.0,12.0,3.4806201550387597,0.0,0.0,7.0,1.85,0.0,2.0,10.0,3.0689655172413794,0.0,
Chatting 24,98.0,91.0,13.218487394957982,0.0,23.0,54.0,16.76923076923077,0.0,6.0,40.0,11.643410852713178,0.0,10.0,41.0,12.75,0.0,95.0,88.0,43.758620689655174,0.0,
Chatting 25,0.0,11.0,1.7058823529411764,0.0,0.0,1.0,0.23076923076923078,0.0,0.0,7.0,2.0852713178294575,0.0,2.0,4.0,2.2,0.0,2.0,8.0,2.9913793103448274,0.0,
Chatting 26,1.0,7.0,1.0168067226890756,0.0,0.0,5.0,1.2692307692307692,0.0,0.0,3.0,0.7441860465116279,0.0,0.0,5.0,1.5,0.0,7.0,8.0,3.793103448275862,0.0,
Chatting 27,25.0,29.0,4.19327731092437,0.0,2.0,19.0,4.980769230769231,0.0,2.0,13.0,3.89922480620155,0.0,11.0,15.0,7.15,0.0,12.0,18.0,7.482758620689655,0.0,
Chatting 28,92.0,124.0,14.050420168067227,0.0,74.0,141.0,46.15384615384615,0.0,27.0,90.0,28.875968992248062,0.0,30.0,93.0,30.2,0.0,175.0,100.0,62.12931034482759,0.0,
Chatting 29,9.0,23.0,2.1260504201680672,0.0,7.0,21.0,6.461538461538462,0.0,1.0,7.0,2.2868217054263567,0.0,0.0,10.0,2.65,0.0,0.0,15.0,4.112068965517241,0.0,
Chatting 30,107.0,106.0,13.3109243697479,0.0,65.0,129.0,41.96153846153846,0.0,13.0,73.0,21.3953488372093,0.0,29.0,72.0,25.25,0.0,141.0,88.0,52.19827586206897,0.0,
Chatting 31,0.0,5.0,0.7310924369747899,0.0,0.0,3.0,0.9230769230769231,0.0,0.0,3.0,1.1395348837209303,0.0,0.0,2.0,0.675,0.0,1.0,2.0,0.8275862068965517,0.0,
Chatting 32,29.0,56.0,6.067226890756302,0.0,33.0,73.0,23.653846153846153,0.0,28.0,58.0,21.224806201550386,0.0,5.0,40.0,11.15,0.0,30.0,34.0,15.413793103448276,0.0,
Chatting 33,24.0,52.0,5.798319327731092,0.0,16.0,53.0,15.942307692307692,0.0,4.0,35.0,10.565891472868216,0.0,7.0,34.0,10.825,0.0,37.0,39.0,18.224137931034484,0.0,
Chatting 34,14.0,14.0,1.8991596638655461,0.0,0.0,12.0,2.8076923076923075,0.0,0.0,5.0,1.310077519379845,0.0,0.0,4.0,1.0,0.0,3.0,10.0,3.3189655172413794,0.0,
Chatting 35,40.0,62.0,6.697478991596639,0.0,24.0,78.0,22.692307692307693,0.0,7.0,42.0,12.922480620155039,0.0,7.0,53.0,15.675,0.0,99.0,55.0,35.12931034482759,0.0,
Chatting 36,16.0,69.0,5.453781512605042,0.0,53.0,90.0,31.365384615384617,0.0,26.0,69.0,23.674418604651162,0.0,18.0,65.0,20.5,0.0,29.0,40.0,16.25862068965517,0.0,
Chatting 37,4.0,3.0,0.5378151260504201,0.0,0.0,2.0,0.40384615384615385,0.0,0.0,1.0,0.2713178294573643,0.0,0.0,0.0,0.0,0.0,0.0,1.0,0.27586206896551724,0.0,
Chatting 38,1.0,1.0,0.226890756302521,0.0,0.0,0.0,0.0,0.0,0.0,0.0,0.0,0.0,0.0,0.0,0.0,0.0,0.0,1.0,0.25,0.0,
Chatting 39,9.0,27.0,2.596638655462185,0.0,10.0,29.0,9.538461538461538,0.0,3.0,21.0,7.0,0.0,1.0,18.0,5.15,0.0,1.0,12.0,3.706896551724138,0.0,
Chatting 40,11.0,25.0,2.697478991596639,0.0,7.0,27.0,7.903846153846154,0.0,5.0,21.0,7.170542635658915,0.0,0.0,15.0,3.875,0.0,7.0,14.0,5.327586206896552,0.0,
Chatting 41,1.0,1.0,0.33613445378151263,0.0,0.0,0.0,0.0,0.0,0.0,1.0,0.23255813953488372,0.0,0.0,1.0,0.3,0.0,0.0,1.0,0.3448275862068966,0.0,
Chatting 42,1.0,0.0,0.05042016806722689,0.0,0.0,0.0,0.0,0.0,0.0,0.0,0.0,0.0,0.0,0.0,0.0,0.0,0.0,0.0,0.0,0.0,
Chatting 43,15.0,19.0,3.319327731092437,0.0,1.0,12.0,3.1923076923076925,0.0,0.0,10.0,3.062015503875969,0.0,1.0,9.0,2.85,0.0,2.0,14.0,4.758620689655173,0.0,
Chatting 44,6.0,10.0,2.226890756302521,0.0,0.0,1.0,0.23076923076923078,0.0,0.0,9.0,2.565891472868217,0.0,3.0,5.0,2.625,0.0,0.0,5.0,1.543103448275862,0.0,
Chatting 45,3.0,11.0,1.5126050420168067,0.0,0.0,6.0,1.4807692307692308,0.0,0.0,8.0,2.4263565891472867,0.0,20.0,8.0,7.625,0.0,0.0,4.0,1.4051724137931034,0.0,
Chatting 46,132.0,48.0,13.84873949579832,0.0,5.0,19.0,5.9423076923076925,0.0,2.0,35.0,9.875968992248062,0.0,95.0,34.0,31.675,0.0,0.0,17.0,4.939655172413793,0.0,
Chatting 47,56.0,22.0,7.117647058823529,0.0,0.0,6.0,1.5576923076923077,0.0,0.0,17.0,4.5813953488372094,0.0,6.0,11.0,4.825,0.0,0.0,15.0,4.431034482758621,0.0,
Chatting 48,15.0,9.0,2.8403361344537816,0.0,0.0,1.0,0.23076923076923078,0.0,0.0,7.0,1.9612403100775193,0.0,2.0,6.0,2.375,0.0,0.0,3.0,1.206896551724138,0.0,
Chatting 49,49.0,19.0,7.033613445378151,0.0,1.0,6.0,2.0384615384615383,0.0,0.0,13.0,3.8217054263565893,0.0,14.0,9.0,6.45,0.0,0.0,13.0,3.8793103448275863,0.0,
Chatting 50,49.0,32.0,7.2521008403361344,0.0,4.0,15.0,4.923076923076923,0.0,1.0,26.0,7.627906976744186,0.0,22.0,19.0,11.25,0.0,0.0,15.0,4.612068965517241,0.0,
Chatting 51,17.0,12.0,3.7815126050420167,0.0,0.0,5.0,1.5576923076923077,0.0,0.0,14.0,4.046511627906977,0.0,0.0,8.0,2.175,0.0,0.0,7.0,2.3879310344827585,0.0,
Chatting 52,2.0,7.0,1.0924369747899159,0.0,0.0,1.0,0.23076923076923078,0.0,0.0,3.0,1.0310077519379846,0.0,0.0,3.0,0.85,0.0,3.0,7.0,3.4224137931034484,0.0,
Chatting 53,61.0,44.0,8.344537815126051,0.0,7.0,15.0,5.461538461538462,0.0,0.0,21.0,5.75968992248062,0.0,6.0,18.0,6.625,0.0,7.0,36.0,11.155172413793103,0.0,
Chatting 54,0.0,1.0,0.4369747899159664,0.0,0.0,1.0,0.23076923076923078,0.0,0.0,1.0,0.4496124031007752,0.0,0.0,1.0,0.225,0.0,0.0,1.0,0.5689655172413793,0.0,
Chatting 55,2.0,7.0,1.3277310924369747,0.0,0.0,1.0,0.23076923076923078,0.0,0.0,5.0,1.4806201550387597,0.0,0.0,3.0,1.0,0.0,0.0,4.0,1.3448275862068966,0.0,
Chatting 56,17.0,10.0,2.563025210084034,0.0,0.0,1.0,0.23076923076923078,0.0,0.0,8.0,2.3488372093023258,0.0,1.0,5.0,1.775,0.0,0.0,6.0,1.956896551724138,0.0,
Chatting 57,24.0,20.0,4.2521008403361344,0.0,0.0,4.0,0.8269230769230769,0.0,0.0,11.0,2.9224806201550386,0.0,3.0,10.0,3.675,0.0,12.0,14.0,7.275862068965517,0.0,
Chatting 58,69.0,34.0,9.436974789915967,0.0,1.0,11.0,3.1346153846153846,0.0,0.0,18.0,5.209302325581396,0.0,46.0,21.0,17.225,0.0,2.0,21.0,6.612068965517241,0.0,
Chatting 59,25.0,9.0,3.134453781512605,0.0,0.0,1.0,0.23076923076923078,0.0,0.0,8.0,2.3488372093023258,0.0,2.0,5.0,2.0,0.0,0.0,5.0,1.7241379310344827,0.0,
Chatting 60,0.0,1.0,0.4369747899159664,0.0,0.0,1.0,0.23076923076923078,0.0,0.0,1.0,0.4496124031007752,0.0,0.0,1.0,0.225,0.0,0.0,1.0,0.5689655172413793,0.0,
Chatting 61,0.0,5.0,1.0336134453781514,0.0,0.0,1.0,0.23076923076923078,0.0,0.0,3.0,1.054263565891473,0.0,0.0,2.0,0.775,0.0,1.0,4.0,1.8017241379310345,0.0,
Chatting 62,6.0,9.0,2.142857142857143,0.0,0.0,1.0,0.23076923076923078,0.0,0.0,9.0,2.565891472868217,0.0,2.0,5.0,2.375,0.0,0.0,4.0,1.3275862068965518,0.0,
Chatting 63,7.0,4.0,1.5126050420168067,0.0,0.0,1.0,0.23076923076923078,0.0,0.0,4.0,1.3333333333333333,0.0,1.0,3.0,1.2,0.0,0.0,2.0,0.8275862068965517,0.0,
Chatting 64,139.0,61.0,14.714285714285714,0.0,11.0,33.0,10.48076923076923,0.0,3.0,34.0,9.852713178294573,0.0,17.0,26.0,11.475,0.0,5.0,43.0,12.422413793103448,0.0,
Chatting 65,8.0,10.0,2.2184873949579833,0.0,0.0,1.0,0.23076923076923078,0.0,0.0,8.0,2.317829457364341,0.0,0.0,4.0,1.35,0.0,2.0,6.0,2.7327586206896552,0.0,
Chatting 66,25.0,16.0,4.495798319327731,0.0,0.0,5.0,1.4615384615384615,0.0,0.0,14.0,4.162790697674419,0.0,0.0,11.0,3.0,0.0,0.0,11.0,3.353448275862069,0.0,
Chatting 67,225.0,81.0,21.369747899159663,0.0,16.0,50.0,14.423076923076923,0.0,0.0,35.0,9.286821705426357,0.0,126.0,60.0,45.675,0.0,43.0,75.0,28.017241379310345,0.0,
Chatting 68,10.0,19.0,2.100840336134454,0.0,3.0,13.0,4.019230769230769,0.0,0.0,8.0,2.1782945736434107,0.0,0.0,6.0,1.7,0.0,2.0,12.0,3.6120689655172415,0.0,
Chatting 69,11.0,30.0,3.3865546218487395,0.0,5.0,32.0,8.846153846153847,0.0,2.0,19.0,5.8604651162790695,0.0,19.0,23.0,10.95,0.0,14.0,18.0,8.137931034482758,0.0,
Chatting 70,10.0,15.0,2.823529411764706,0.0,0.0,7.0,1.9807692307692308,0.0,0.0,10.0,3.0697674418604652,0.0,1.0,9.0,2.8,0.0,0.0,8.0,2.163793103448276,0.0,
Chatting 71,5.0,7.0,1.1428571428571428,0.0,0.0,4.0,1.0769230769230769,0.0,0.0,3.0,0.875968992248062,0.0,2.0,4.0,1.7,0.0,0.0,6.0,1.603448275862069,0.0,
Chatting 72,32.0,75.0,7.957983193277311,0.0,26.0,84.0,24.75,0.0,4.0,50.0,14.51937984496124,0.0,83.0,56.0,35.575,0.0,52.0,50.0,24.439655172413794,0.0,
Chatting 73,3.0,6.0,0.9411764705882353,0.0,0.0,4.0,1.1153846153846154,0.0,0.0,3.0,0.813953488372093,0.0,2.0,3.0,1.625,0.0,0.0,2.0,0.5517241379310345,0.0,
Chatting 74,12.0,23.0,2.689075630252101,0.0,1.0,15.0,4.076923076923077,0.0,0.0,8.0,2.201550387596899,0.0,11.0,12.0,6.525,0.0,3.0,12.0,3.9482758620689653,0.0,
Chatting 75,1.0,3.0,0.5294117647058824,0.0,1.0,3.0,1.0192307692307692,0.0,0.0,3.0,0.6976744186046512,0.0,0.0,3.0,0.75,0.0,0.0,3.0,0.8879310344827587,0.0,
Chatting 76,2.0,3.0,0.5546218487394958,0.0,0.0,2.0,0.5576923076923077,0.0,0.0,2.0,0.4496124031007752,0.0,0.0,3.0,0.825,0.0,0.0,3.0,0.8706896551724138,0.0,
Chatting 77,32.0,16.0,4.453781512605042,0.0,1.0,8.0,2.326923076923077,0.0,0.0,12.0,3.2713178294573644,0.0,3.0,8.0,3.25,0.0,3.0,12.0,4.439655172413793,0.0,
Chatting 78,43.0,25.0,6.546218487394958,0.0,0.0,8.0,2.076923076923077,0.0,0.0,10.0,2.751937984496124,0.0,10.0,11.0,6.05,0.0,4.0,23.0,7.655172413793103,0.0,
Chatting 79,128.0,42.0,12.554621848739496,0.0,2.0,10.0,3.5,0.0,3.0,29.0,8.209302325581396,0.0,9.0,19.0,8.025,0.0,10.0,23.0,9.14655172413793,0.0,
Chatting 80,20.0,27.0,4.050420168067227,0.0,0.0,16.0,4.115384615384615,0.0,0.0,11.0,3.2170542635658914,0.0,0.0,12.0,3.5,0.0,3.0,18.0,5.698275862068965,0.0,
Chatting 81,1.0,1.0,0.15126050420168066,0.0,0.0,1.0,0.25,0.0,0.0,0.0,0.0,0.0,0.0,1.0,0.25,0.0,0.0,1.0,0.28448275862068967,0.0,
Chatting 82,80.0,46.0,10.663865546218487,0.0,0.0,10.0,2.4615384615384617,0.0,0.0,21.0,5.4186046511627906,0.0,36.0,19.0,14.4,0.0,23.0,38.0,16.17241379310345,0.0,
Chatting 83,109.0,38.0,11.46218487394958,0.0,3.0,20.0,5.730769230769231,0.0,0.0,16.0,4.4728682170542635,0.0,24.0,15.0,10.475,0.0,8.0,31.0,10.129310344827585,0.0,
Chatting 84,6.0,9.0,1.815126050420168,0.0,0.0,2.0,0.4423076923076923,0.0,0.0,8.0,2.2093023255813953,0.0,0.0,6.0,1.75,0.0,0.0,3.0,1.1810344827586208,0.0,
Chatting 85,65.0,22.0,7.579831932773109,0.0,0.0,8.0,2.230769230769231,0.0,0.0,19.0,5.4186046511627906,0.0,9.0,12.0,5.825,0.0,0.0,10.0,2.9482758620689653,0.0,
Chatting 86,27.0,22.0,4.815126050420168,0.0,0.0,5.0,1.1923076923076923,0.0,0.0,20.0,5.3565891472868215,0.0,11.0,10.0,6.025,0.0,0.0,6.0,1.9913793103448276,0.0,
Chatting 87,2.0,5.0,1.0252100840336134,0.0,0.0,1.0,0.23076923076923078,0.0,0.0,1.0,0.4496124031007752,0.0,0.0,1.0,0.225,0.0,0.0,5.0,1.8103448275862069,0.0,
Chatting 88,20.0,17.0,3.80672268907563,0.0,0.0,5.0,1.4423076923076923,0.0,0.0,15.0,4.007751937984496,0.0,1.0,8.0,2.775,0.0,0.0,11.0,3.2758620689655173,0.0,
Chatting 89,111.0,64.0,13.142857142857142,0.0,5.0,23.0,6.480769230769231,0.0,1.0,28.0,7.790697674418604,0.0,90.0,41.0,32.425,0.0,9.0,35.0,11.327586206896552,0.0,
Chatting 90,137.0,46.0,13.731092436974789,0.0,3.0,11.0,3.6153846153846154,0.0,0.0,24.0,6.441860465116279,0.0,45.0,23.0,17.95,0.0,2.0,25.0,7.275862068965517,0.0,
Chatting 91,35.0,34.0,5.605042016806722,0.0,7.0,17.0,5.865384615384615,0.0,7.0,24.0,8.224806201550388,0.0,6.0,14.0,5.525,0.0,2.0,17.0,5.517241379310345,0.0,
Chatting 92,14.0,15.0,3.0588235294117645,0.0,0.0,7.0,1.9038461538461537,0.0,0.0,14.0,3.8294573643410854,0.0,0.0,9.0,2.45,0.0,3.0,7.0,3.0344827586206895,0.0,
Chatting 93,48.0,62.0,7.974789915966387,0.0,15.0,32.0,10.923076923076923,0.0,4.0,31.0,9.271317829457365,0.0,7.0,25.0,8.475,0.0,11.0,38.0,12.560344827586206,0.0,
Chatting 94,112.0,75.0,14.176470588235293,0.0,18.0,41.0,13.826923076923077,0.0,13.0,59.0,18.06201550387597,0.0,70.0,40.0,27.4,0.0,4.0,28.0,8.982758620689655,0.0,
Chatting 95,5.0,12.0,1.5798319327731092,0.0,1.0,2.0,0.7307692307692307,0.0,0.0,8.0,2.0,0.0,4.0,6.0,3.075,0.0,2.0,8.0,2.8620689655172415,0.0,
Chatting 96,35.0,44.0,7.369747899159663,0.0,5.0,28.0,8.51923076923077,0.0,2.0,34.0,9.883720930232558,0.0,4.0,21.0,6.675,0.0,5.0,23.0,7.836206896551724,0.0,
Chatting 97,11.0,14.0,2.369747899159664,0.0,1.0,9.0,2.5384615384615383,0.0,0.0,8.0,2.2635658914728682,0.0,11.0,9.0,5.95,0.0,0.0,5.0,1.4396551724137931,0.0,
Chatting 98,14.0,13.0,2.764705882352941,0.0,0.0,6.0,1.4807692307692308,0.0,1.0,14.0,4.131782945736434,0.0,0.0,5.0,1.3,0.0,0.0,3.0,1.1810344827586208,0.0,
Chatting 99,73.0,46.0,9.193277310924369,0.0,4.0,29.0,7.923076923076923,0.0,1.0,30.0,8.178294573643411,0.0,12.0,23.0,9.475,0.0,21.0,33.0,13.663793103448276,0.0,
Chatting 100,14.0,15.0,3.1512605042016806,0.0,3.0,9.0,3.0961538461538463,0.0,1.0,12.0,3.9069767441860463,0.0,0.0,11.0,2.975,0.0,4.0,7.0,3.2586206896551726,0.0,
Chatting 101,22.0,15.0,3.8907563025210083,0.0,0.0,8.0,2.0961538461538463,0.0,0.0,14.0,3.7286821705426356,0.0,0.0,8.0,2.3,0.0,4.0,12.0,4.413793103448276,0.0,
Chatting 102,97.0,48.0,11.117647058823529,0.0,2.0,20.0,5.288461538461538,0.0,0.0,12.0,3.3255813953488373,0.0,34.0,25.0,15.525,0.0,27.0,52.0,19.689655172413794,0.0,
Chatting 103,20.0,41.0,4.19327731092437,0.0,8.0,40.0,11.326923076923077,0.0,2.0,27.0,7.875968992248062,0.0,31.0,31.0,16.225,0.0,0.0,18.0,4.818965517241379,0.0,
Chatting 104,0.0,1.0,0.08403361344537816,0.0,0.0,0.0,0.0,0.0,0.0,0.0,0.0,0.0,0.0,0.0,0.0,0.0,0.0,1.0,0.21551724137931033,0.0,
Chatting 105,2.0,3.0,0.8487394957983193,0.0,0.0,1.0,0.23076923076923078,0.0,0.0,2.0,0.7286821705426356,0.0,0.0,2.0,0.45,0.0,0.0,2.0,0.7844827586206896,0.0,
Chatting 106,1.0,2.0,0.7142857142857143,0.0,0.0,1.0,0.23076923076923078,0.0,0.0,2.0,0.7286821705426356,0.0,0.0,2.0,0.45,0.0,0.0,1.0,0.5689655172413793,0.0,
Chatting 107,2.0,3.0,0.8487394957983193,0.0,0.0,1.0,0.23076923076923078,0.0,0.0,2.0,0.7286821705426356,0.0,0.0,2.0,0.45,0.0,0.0,2.0,0.7844827586206896,0.0,
Chatting 108,4.0,12.0,1.7983193277310925,0.0,1.0,8.0,2.3076923076923075,0.0,0.0,7.0,2.2868217054263567,0.0,1.0,8.0,2.775,0.0,0.0,4.0,1.4655172413793103,0.0,
Chatting 109,21.0,21.0,3.966386554621849,0.0,0.0,3.0,0.8269230769230769,0.0,0.0,17.0,4.651162790697675,0.0,4.0,10.0,3.925,0.0,0.0,8.0,2.456896551724138,0.0,
Chatting 110,195.0,101.0,20.747899159663866,0.0,35.0,93.0,28.25,0.0,7.0,63.0,17.8062015503876,0.0,213.0,70.0,68.35,0.0,66.0,69.0,31.75,0.0,
Chatting 111,0.0,3.0,0.5378151260504201,0.0,0.0,1.0,0.23076923076923078,0.0,0.0,1.0,0.4496124031007752,0.0,0.0,1.0,0.225,0.0,0.0,3.0,1.0517241379310345,0.0,
Chatting 112,0.0,8.0,0.8739495798319328,0.0,1.0,5.0,1.6153846153846154,0.0,0.0,4.0,1.2713178294573644,0.0,0.0,7.0,1.95,0.0,2.0,4.0,1.7327586206896552,0.0,
Chatting 113,19.0,18.0,3.563025210084034,0.0,1.0,5.0,1.3269230769230769,0.0,0.0,15.0,3.9302325581395348,0.0,7.0,8.0,4.525,0.0,1.0,7.0,2.353448275862069,0.0,
Chatting 114,11.0,20.0,2.5546218487394956,0.0,4.0,19.0,6.019230769230769,0.0,4.0,16.0,5.736434108527132,0.0,0.0,12.0,3.225,0.0,0.0,8.0,2.2758620689655173,0.0,
Chatting 115,2.0,5.0,0.9831932773109243,0.0,0.0,1.0,0.23076923076923078,0.0,0.0,1.0,0.4496124031007752,0.0,0.0,1.0,0.225,0.0,0.0,5.0,1.5172413793103448,0.0,
Chatting 116,18.0,12.0,3.2436974789915967,0.0,1.0,7.0,2.0961538461538463,0.0,1.0,12.0,3.689922480620155,0.0,2.0,7.0,2.625,0.0,3.0,5.0,2.4224137931034484,0.0,
Chatting 117,4.0,5.0,1.4705882352941178,0.0,0.0,2.0,0.6346153846153846,0.0,0.0,5.0,1.5426356589147288,0.0,0.0,3.0,0.9,0.0,0.0,3.0,1.1206896551724137,0.0,
Chatting 118,1.0,1.0,0.12605042016806722,0.0,0.0,0.0,0.0,0.0,0.0,0.0,0.0,0.0,0.0,0.0,0.0,0.0,0.0,1.0,0.21551724137931033,0.0,
Chatting 119,0.0,11.0,1.1596638655462186,0.0,0.0,1.0,0.23076923076923078,0.0,0.0,3.0,1.0310077519379846,0.0,2.0,5.0,1.775,0.0,21.0,12.0,9.206896551724139,0.0,
Discussion 1,30.0,85.0,7.882352941176471,0.0,172.0,427.0,83.42307692307692,14.423076923076923,209.0,411.0,106.37984496124031,15.813953488372093,10.0,60.0,17.5,0.0,93.0,56.0,34.48275862068966,0.0,
Discussion 2,20.0,69.0,6.369747899159663,0.0,195.0,361.0,103.23076923076923,11.346153846153847,156.0,323.0,92.97674418604652,12.325581395348838,9.0,54.0,15.925,0.0,92.0,66.0,36.56896551724138,0.0,
Discussion 3,50.0,75.0,8.058823529411764,0.0,193.0,321.0,99.09615384615384,10.576923076923077,83.0,287.0,61.116279069767444,11.472868217054264,5.0,48.0,13.325,0.0,64.0,65.0,30.49137931034483,0.0,
Discussion 4,23.0,73.0,6.19327731092437,0.0,154.0,344.0,76.88461538461539,11.442307692307692,145.0,300.0,86.2248062015504,13.488372093023257,36.0,48.0,21.3,0.0,55.0,57.0,26.21551724137931,0.0,
Discussion 5,38.0,51.0,6.260504201680672,0.0,62.0,285.0,27.21153846153846,9.711538461538462,80.0,262.0,15.023255813953488,11.472868217054264,0.0,23.0,6.05,0.0,36.0,53.0,21.810344827586206,0.0,
Discussion 6,34.0,73.0,6.781512605042017,0.0,194.0,436.0,99.4423076923077,14.134615384615385,14.0,389.0,20.74418604651163,14.34108527131783,4.0,50.0,13.85,0.0,161.0,79.0,54.18103448275862,0.0,
Discussion 7,23.0,32.0,3.7394957983193278,0.0,45.0,250.0,28.307692307692307,10.384615384615385,64.0,241.0,26.015503875968992,10.581395348837209,0.0,11.0,3.125,0.0,18.0,23.0,9.637931034482758,0.0,
Discussion 8,8.0,31.0,3.0168067226890756,0.0,36.0,223.0,13.76923076923077,5.480769230769231,100.0,214.0,19.875968992248062,7.364341085271318,0.0,12.0,3.4,0.0,7.0,14.0,5.206896551724138,0.0,
Discussion 9,13.0,29.0,2.957983193277311,0.0,124.0,279.0,66.96153846153847,10.288461538461538,16.0,240.0,16.131782945736433,10.65891472868217,6.0,21.0,7.0,0.0,72.0,49.0,27.887931034482758,0.0,
Discussion 10,15.0,64.0,5.176470588235294,0.0,213.0,299.0,111.1923076923077,11.153846153846153,131.0,278.0,90.82945736434108,11.124031007751938,2.0,36.0,10.2,0.0,35.0,33.0,16.060344827586206,0.0,
Discussion 11,7.0,37.0,4.050420168067227,0.0,41.0,184.0,27.192307692307693,7.980769230769231,0.0,173.0,3.604651162790698,8.333333333333334,3.0,18.0,5.875,0.0,17.0,35.0,12.741379310344827,0.0,
Discussion 12,72.0,100.0,12.504201680672269,0.0,130.0,332.0,79.71153846153847,10.384615384615385,98.0,292.0,74.07751937984496,12.286821705426357,8.0,66.0,18.475,0.0,84.0,83.0,39.37931034482759,0.0,
Discussion 13,7.0,35.0,3.1260504201680672,0.0,47.0,233.0,17.903846153846153,6.730769230769231,38.0,221.0,14.674418604651162,7.868217054263566,6.0,18.0,5.925,0.0,22.0,27.0,11.637931034482758,0.0,
Discussion 14,1.0,8.0,0.8991596638655462,0.0,1.0,102.0,1.9807692307692308,5.0,80.0,102.0,14.720930232558139,5.232558139534884,1.0,5.0,1.525,0.0,6.0,7.0,3.6293103448275863,0.0,
Discussion 15,0.0,2.0,0.12605042016806722,0.0,16.0,162.0,2.519230769230769,5.384615384615385,16.0,161.0,2.9612403100775193,4.186046511627907,0.0,0.0,0.0,0.0,1.0,1.0,0.43103448275862066,0.0,
Discussion 16,41.0,81.0,7.689075630252101,0.0,252.0,487.0,129.8653846153846,16.346153846153847,175.0,441.0,105.25581395348837,19.224806201550386,8.0,56.0,16.075,0.0,141.0,73.0,48.38793103448276,0.0,
Discussion 17,16.0,20.0,2.3781512605042017,0.0,0.0,125.0,3.269230769230769,2.4038461538461537,128.0,118.0,20.767441860465116,4.147286821705427,0.0,8.0,2.125,0.0,5.0,18.0,5.646551724137931,0.0,
Discussion 18,39.0,76.0,8.46218487394958,0.0,71.0,383.0,33.07692307692308,10.48076923076923,149.0,379.0,62.93798449612403,12.635658914728682,1.0,36.0,9.55,0.0,28.0,58.0,20.517241379310345,0.0,
Discussion 19,2.0,16.0,1.9075630252100841,0.0,3.0,219.0,3.7115384615384617,8.365384615384615,0.0,215.0,1.7829457364341086,7.829457364341085,0.0,6.0,1.675,0.0,0.0,12.0,3.1724137931034484,0.0,
Discussion 20,59.0,89.0,10.815126050420169,0.0,271.0,490.0,136.65384615384616,15.288461538461538,194.0,443.0,123.6124031007752,17.868217054263567,4.0,62.0,17.225,0.0,133.0,84.0,49.13793103448276,0.0,
Discussion 21,64.0,108.0,12.949579831932773,0.0,208.0,639.0,112.6923076923077,17.596153846153847,256.0,571.0,128.51937984496124,21.782945736434108,112.0,84.0,48.275,0.0,126.0,98.0,51.39655172413793,0.0,
Discussion 22,12.0,31.0,2.9327731092436973,0.0,53.0,250.0,32.07692307692308,9.615384615384615,86.0,241.0,41.310077519379846,11.666666666666666,0.0,17.0,4.6,0.0,4.0,12.0,4.008620689655173,0.0,
Discussion 23,88.0,113.0,12.504201680672269,0.0,280.0,407.0,137.71153846153845,12.01923076923077,115.0,345.0,71.44961240310077,12.829457364341085,29.0,81.0,27.175,0.0,208.0,104.0,70.17241379310344,0.0,
Discussion 24,1.0,5.0,0.8991596638655462,0.0,16.0,82.0,2.4038461538461537,3.75,32.0,83.0,11.108527131782946,5.1937984496124034,1.0,4.0,1.375,0.0,0.0,5.0,1.7241379310344827,0.0,
Discussion 25,65.0,43.0,8.697478991596638,0.0,56.0,263.0,35.21153846153846,11.73076923076923,163.0,270.0,56.31782945736434,12.945736434108527,37.0,28.0,17.05,0.0,12.0,21.0,8.620689655172415,0.0,
Discussion 26,0.0,1.0,0.4369747899159664,0.0,0.0,17.0,0.23076923076923078,0.6730769230769231,16.0,17.0,5.875968992248062,0.7364341085271318,0.0,1.0,0.225,0.0,0.0,1.0,0.5689655172413793,0.0,
Discussion 27,17.0,51.0,4.453781512605042,0.0,124.0,342.0,72.36538461538461,12.596153846153847,156.0,316.0,79.96124031007751,12.713178294573643,11.0,35.0,11.825,0.0,25.0,33.0,13.85344827586207,0.0,
Discussion 28,12.0,37.0,3.2941176470588234,0.0,34.0,349.0,20.73076923076923,10.673076923076923,96.0,306.0,23.550387596899224,11.317829457364342,94.0,36.0,31.95,0.0,80.0,57.0,31.474137931034484,0.0,
Discussion 29,36.0,89.0,7.92436974789916,0.0,175.0,462.0,99.5576923076923,13.942307692307692,158.0,389.0,103.87596899224806,14.37984496124031,151.0,79.0,55.275,0.0,130.0,88.0,49.71551724137931,0.0,
Discussion 30,11.0,15.0,2.2436974789915967,0.0,32.0,118.0,20.826923076923077,4.711538461538462,80.0,118.0,14.705426356589147,5.387596899224806,7.0,6.0,3.5,0.0,2.0,10.0,3.456896551724138,0.0,
Discussion 31,13.0,52.0,4.453781512605042,0.0,117.0,302.0,64.13461538461539,9.711538461538462,153.0,269.0,91.6046511627907,13.449612403100776,36.0,33.0,18.175,0.0,13.0,32.0,11.318965517241379,0.0,
Discussion 32,43.0,99.0,9.504201680672269,0.0,228.0,472.0,112.8076923076923,14.615384615384615,225.0,417.0,127.50387596899225,17.829457364341085,169.0,80.0,59.95,0.0,110.0,76.0,43.06896551724138,0.0,
Discussion 33,63.0,97.0,11.033613445378151,0.0,200.0,449.0,103.32692307692308,12.403846153846153,123.0,390.0,55.85271317829457,13.992248062015504,203.0,93.0,71.2,0.0,129.0,84.0,48.474137931034484,0.0,
Discussion 34,57.0,86.0,10.285714285714286,0.0,173.0,445.0,94.13461538461539,12.98076923076923,105.0,403.0,50.48062015503876,15.930232558139535,180.0,84.0,64.125,0.0,141.0,61.0,45.6551724137931,0.0,
Discussion 35,31.0,88.0,7.915966386554622,0.0,185.0,296.0,98.34615384615384,9.903846153846153,167.0,262.0,81.15503875968992,10.503875968992247,33.0,69.0,25.3,0.0,126.0,57.0,41.672413793103445,0.0,
Discussion 36,30.0,76.0,7.773109243697479,0.0,171.0,394.0,88.38461538461539,12.211538461538462,105.0,330.0,48.14728682170543,12.054263565891473,103.0,64.0,40.875,0.0,93.0,69.0,37.8448275862069,0.0,
Discussion 37,4.0,14.0,2.0252100840336134,0.0,35.0,137.0,6.6923076923076925,5.961538461538462,16.0,140.0,8.534883720930232,5.6976744186046515,9.0,6.0,4.225,0.0,0.0,6.0,1.8017241379310345,0.0,
Discussion 38,166.0,163.0,20.80672268907563,0.0,292.0,799.0,136.82692307692307,22.5,651.0,753.0,190.37209302325581,26.93798449612403,214.0,116.0,77.475,0.0,263.0,132.0,88.80172413793103,0.0,
Discussion 39,3.0,15.0,2.0504201680672267,0.0,1.0,136.0,2.5576923076923075,4.230769230769231,66.0,141.0,13.031007751937985,5.542635658914729,0.0,10.0,2.85,0.0,1.0,8.0,2.6379310344827585,0.0,
Discussion 40,0.0,1.0,0.15126050420168066,0.0,0.0,96.0,0.0,1.9230769230769231,48.0,97.0,8.031007751937985,2.4806201550387597,0.0,1.0,0.225,0.0,3.0,0.0,0.6551724137931034,0.0,
Discussion 41,0.0,1.0,0.04201680672268908,0.0,16.0,16.0,1.9230769230769231,0.38461538461538464,80.0,16.0,10.077519379844961,0.7364341085271318,0.0,0.0,0.0,0.0,0.0,1.0,0.29310344827586204,0.0,
Discussion 42,1.0,2.0,0.7142857142857143,0.0,16.0,177.0,2.1538461538461537,4.326923076923077,112.0,178.0,15.457364341085272,6.705426356589148,0.0,2.0,0.45,0.0,3.0,1.0,1.2241379310344827,0.0,
Discussion 43,0.0,2.0,0.19327731092436976,0.0,0.0,64.0,0.0,1.25,80.0,65.0,13.844961240310077,2.635658914728682,0.0,1.0,0.225,0.0,0.0,1.0,0.29310344827586204,0.0,
Discussion 44,22.0,82.0,7.546218487394958,0.0,263.0,348.0,138.8653846153846,11.634615384615385,96.0,307.0,67.64341085271317,12.48062015503876,29.0,67.0,23.75,0.0,97.0,66.0,37.422413793103445,0.0,
Discussion 45,0.0,1.0,0.4369747899159664,0.0,0.0,49.0,0.23076923076923078,1.1538461538461537,80.0,49.0,10.914728682170542,1.2403100775193798,0.0,1.0,0.225,0.0,1.0,1.0,0.8103448275862069,0.0,
Discussion 46,0.0,1.0,0.4369747899159664,0.0,0.0,65.0,0.23076923076923078,1.6346153846153846,32.0,65.0,6.651162790697675,1.4728682170542635,0.0,1.0,0.225,0.0,0.0,1.0,0.5689655172413793,0.0,
Discussion 47,0.0,3.0,0.8823529411764706,0.0,0.0,49.0,0.23076923076923078,1.4423076923076923,16.0,51.0,2.992248062015504,1.821705426356589,0.0,2.0,0.775,0.0,0.0,2.0,0.8275862068965517,0.0,
Discussion 48,5.0,5.0,1.050420168067227,0.0,0.0,160.0,0.0,4.038461538461538,80.0,165.0,11.806201550387597,5.542635658914729,3.0,4.0,2.4,0.0,0.0,3.0,0.7586206896551724,0.0,
Discussion 49,4.0,8.0,1.1008403361344539,0.0,32.0,224.0,3.8461538461538463,5.1923076923076925,240.0,229.0,28.147286821705425,6.27906976744186,8.0,9.0,4.925,0.0,13.0,8.0,5.577586206896552,0.0,
Discussion 50,48.0,54.0,8.109243697478991,0.0,144.0,289.0,75.32692307692308,10.0,98.0,280.0,48.674418604651166,11.744186046511627,64.0,40.0,26.725,0.0,15.0,21.0,9.120689655172415,0.0,
Discussion 51,54.0,54.0,8.84873949579832,0.0,39.0,220.0,30.596153846153847,7.5,112.0,195.0,20.612403100775193,9.844961240310077,49.0,44.0,23.65,0.0,75.0,70.0,34.456896551724135,0.0,
Discussion 52,22.0,50.0,5.638655462184874,0.0,6.0,237.0,8.903846153846153,5.961538461538462,60.0,239.0,17.046511627906977,7.674418604651163,17.0,35.0,13.475,0.0,27.0,30.0,14.181034482758621,0.0,
Presentation 1,5.0,7.0,1.0252100840336134,0.0,0.0,101.0,1.3076923076923077,3.8461538461538463,176.0,99.0,17.73643410852713,5.62015503875969,0.0,5.0,1.525,0.0,4.0,7.0,2.939655172413793,0.0,
Presentation 2,52.0,84.0,9.512605042016807,0.0,68.0,329.0,52.57692307692308,10.384615384615385,938.0,302.0,123.03100775193798,12.054263565891473,8.0,54.0,16.275,0.0,59.0,62.0,28.344827586206897,0.0,
Presentation 3,27.0,28.0,3.6554621848739495,0.0,56.0,192.0,37.90384615384615,9.23076923076923,231.0,184.0,62.95348837209303,9.728682170542635,1.0,12.0,3.55,0.0,5.0,13.0,4.4655172413793105,0.0,
Presentation 4,8.0,19.0,2.0672268907563027,0.0,55.0,188.0,29.442307692307693,8.365384615384615,785.0,174.0,90.23255813953489,9.263565891472869,0.0,15.0,4.075,0.0,2.0,15.0,4.698275862068965,0.0,
Presentation 5,15.0,43.0,4.588235294117647,0.0,81.0,261.0,47.48076923076923,10.76923076923077,673.0,241.0,89.37984496124031,11.821705426356589,0.0,34.0,8.7,0.0,66.0,44.0,26.120689655172413,0.0,
Presentation 6,52.0,84.0,8.445378151260504,0.0,204.0,464.0,110.32692307692308,14.23076923076923,983.0,417.0,184.4108527131783,17.286821705426355,8.0,61.0,17.725,0.0,117.0,76.0,43.8448275862069,0.0,
Presentation 7,77.0,108.0,12.159663865546218,0.0,180.0,400.0,102.53846153846153,12.307692307692308,787.0,330.0,137.72868217054264,13.372093023255815,12.0,77.0,22.3,0.0,172.0,106.0,62.525862068965516,0.0,
Presentation 8,28.0,77.0,8.033613445378151,0.0,159.0,331.0,90.21153846153847,11.057692307692308,773.0,302.0,117.0,12.635658914728682,15.0,65.0,19.9,0.0,89.0,54.0,33.39655172413793,0.0,
Presentation 9,23.0,35.0,3.8907563025210083,0.0,60.0,173.0,32.78846153846154,5.865384615384615,789.0,155.0,70.75193798449612,7.403100775193798,2.0,26.0,7.675,0.0,11.0,29.0,9.887931034482758,0.0,
Presentation 10,46.0,88.0,9.579831932773109,0.0,99.0,341.0,60.90384615384615,11.826923076923077,801.0,327.0,105.52713178294573,12.984496124031008,16.0,56.0,17.775,0.0,90.0,72.0,38.05172413793103,0.0,
Presentation 11,59.0,90.0,10.260504201680673,0.0,164.0,474.0,96.73076923076923,15.576923076923077,1116.0,433.0,177.95348837209303,19.224806201550386,6.0,58.0,16.375,0.0,114.0,80.0,44.36206896551724,0.0,
Presentation 12,22.0,70.0,7.0,0.0,178.0,322.0,96.3076923076923,10.865384615384615,536.0,286.0,132.45736434108528,12.131782945736434,5.0,51.0,14.475,0.0,73.0,64.0,32.189655172413794,0.0,
Presentation 13,68.0,97.0,9.731092436974789,0.0,111.0,470.0,66.9423076923077,14.51923076923077,985.0,432.0,180.7984496124031,18.17829457364341,30.0,74.0,24.975,0.0,106.0,76.0,41.12068965517241,0.0,
Presentation 14,14.0,49.0,4.260504201680672,0.0,125.0,250.0,74.75,7.788461538461538,417.0,215.0,106.65116279069767,9.728682170542635,1.0,51.0,13.6,0.0,40.0,44.0,19.92241379310345,0.0,
Presentation 15,70.0,115.0,12.369747899159664,0.0,87.0,290.0,53.09615384615385,9.711538461538462,462.0,288.0,99.07751937984496,12.209302325581396,33.0,74.0,26.075,0.0,56.0,72.0,30.78448275862069,0.0,
Presentation 16,11.0,17.0,2.2100840336134455,0.0,0.0,188.0,2.980769230769231,8.26923076923077,448.0,185.0,44.12403100775194,9.224806201550388,0.0,7.0,2.1,0.0,2.0,12.0,3.413793103448276,0.0,
Presentation 17,63.0,89.0,9.117647058823529,0.0,150.0,425.0,77.21153846153847,11.73076923076923,674.0,366.0,150.71317829457365,14.767441860465116,11.0,65.0,18.85,0.0,93.0,82.0,39.86206896551724,0.0,
Presentation 18,7.0,27.0,2.638655462184874,0.0,85.0,164.0,55.71153846153846,6.826923076923077,217.0,158.0,38.65891472868217,6.89922480620155,0.0,20.0,5.6,0.0,4.0,11.0,3.8275862068965516,0.0,
Presentation 19,8.0,40.0,3.7983193277310923,0.0,10.0,207.0,13.634615384615385,6.346153846153846,276.0,186.0,38.76744186046512,6.4728682170542635,1.0,26.0,7.45,0.0,26.0,40.0,16.060344827586206,0.0,
Presentation 20,29.0,90.0,8.865546218487395,0.0,109.0,407.0,68.71153846153847,13.557692307692308,751.0,379.0,111.12403100775194,17.131782945736433,15.0,75.0,22.65,0.0,80.0,62.0,33.16379310344828,0.0,
Presentation 21,11.0,9.0,1.411764705882353,0.0,33.0,134.0,5.884615384615385,3.269230769230769,192.0,133.0,21.356589147286822,4.457364341085271,0.0,3.0,0.925,0.0,0.0,7.0,2.043103448275862,0.0,
Presentation 22,60.0,88.0,9.655462184873949,0.0,64.0,412.0,47.94230769230769,11.538461538461538,1066.0,368.0,150.97674418604652,14.922480620155039,12.0,65.0,19.375,0.0,123.0,84.0,47.172413793103445,0.0,
Presentation 23,0.0,5.0,0.5126050420168067,0.0,0.0,83.0,0.7115384615384616,5.096153846153846,192.0,83.0,39.201550387596896,6.007751937984496,0.0,3.0,0.725,0.0,0.0,2.0,0.4827586206896552,0.0,
Presentation 24,68.0,93.0,10.478991596638656,0.0,175.0,511.0,98.71153846153847,16.826923076923077,700.0,475.0,143.04651162790697,21.82170542635659,34.0,69.0,25.7,0.0,90.0,68.0,36.48275862068966,0.0,
Presentation 25,19.0,38.0,5.151260504201681,0.0,79.0,308.0,50.96153846153846,10.0,800.0,304.0,100.40310077519379,12.945736434108527,2.0,21.0,6.4,0.0,18.0,20.0,10.086206896551724,0.0,
Presentation 26,41.0,103.0,9.411764705882353,0.0,210.0,586.0,100.23076923076923,16.346153846153847,1433.0,541.0,206.51937984496124,19.069767441860463,127.0,81.0,50.725,0.0,100.0,63.0,37.560344827586206,0.0,
Presentation 27,30.0,81.0,7.915966386554622,0.0,122.0,424.0,74.84615384615384,13.076923076923077,666.0,378.0,153.90697674418604,16.046511627906977,43.0,54.0,24.825,0.0,109.0,69.0,41.0,0.0,
Presentation 28,12.0,21.0,2.6554621848739495,0.0,18.0,223.0,15.076923076923077,8.557692307692308,240.0,215.0,18.217054263565892,9.224806201550388,0.0,11.0,3.275,0.0,9.0,16.0,6.362068965517241,0.0,
Presentation 29,27.0,83.0,7.084033613445378,0.0,112.0,351.0,52.92307692307692,11.057692307692308,966.0,318.0,123.36434108527132,13.294573643410853,8.0,60.0,16.95,0.0,107.0,60.0,38.18103448275862,0.0,
Presentation 30,18.0,73.0,6.092436974789916,0.0,174.0,368.0,92.59615384615384,10.096153846153847,1044.0,318.0,110.20930232558139,12.015503875968992,11.0,60.0,17.875,0.0,103.0,63.0,37.96551724137931,0.0,
Presentation 31,13.0,40.0,3.73109243697479,0.0,85.0,250.0,49.53846153846154,9.134615384615385,386.0,225.0,77.67441860465117,10.193798449612403,5.0,39.0,11.7,0.0,24.0,27.0,12.344827586206897,0.0,
Presentation 32,30.0,79.0,8.050420168067227,0.0,208.0,436.0,115.4423076923077,13.942307692307692,580.0,400.0,134.1627906976744,17.441860465116278,8.0,58.0,16.625,0.0,76.0,60.0,31.586206896551722,0.0,
Presentation 33,19.0,55.0,6.176470588235294,0.0,71.0,243.0,46.90384615384615,7.5,470.0,224.0,91.17829457364341,10.232558139534884,0.0,28.0,7.625,0.0,20.0,39.0,14.362068965517242,0.0,
Presentation 34,23.0,69.0,6.159663865546219,0.0,191.0,391.0,99.86538461538461,12.115384615384615,503.0,349.0,101.07751937984496,13.953488372093023,8.0,57.0,16.4,0.0,129.0,65.0,44.05172413793103,0.0,
Presentation 35,59.0,107.0,11.487394957983193,0.0,179.0,416.0,101.21153846153847,11.634615384615385,459.0,372.0,126.30232558139535,14.263565891472869,24.0,72.0,23.725,0.0,107.0,93.0,46.10344827586207,0.0,
Presentation 36,40.0,100.0,9.932773109243698,0.0,206.0,449.0,110.17307692307692,14.326923076923077,376.0,413.0,126.7751937984496,15.116279069767442,23.0,77.0,24.475,0.0,171.0,89.0,58.98275862068966,0.0,
Presentation 37,24.0,59.0,6.159663865546219,0.0,94.0,223.0,56.84615384615385,7.980769230769231,228.0,198.0,37.96124031007752,8.914728682170542,21.0,50.0,17.9,0.0,45.0,53.0,23.129310344827587,0.0,
Presentation 38,30.0,75.0,7.756302521008403,0.0,162.0,362.0,96.42307692307692,12.788461538461538,549.0,331.0,130.31007751937983,16.162790697674417,13.0,57.0,17.45,0.0,66.0,56.0,28.413793103448278,0.0,
Presentation 39,0.0,0.0,0.0,0.0,0.0,32.0,0.0,0.7692307692307693,112.0,32.0,13.294573643410853,1.0852713178294573,0.0,0.0,0.0,0.0,0.0,0.0,0.0,0.0,
Presentation 40,0.0,2.0,0.5210084033613446,0.0,0.0,33.0,0.23076923076923078,0.8653846153846154,176.0,33.0,10.565891472868216,1.434108527131783,0.0,1.0,0.225,0.0,0.0,2.0,0.7844827586206896,0.0,
Presentation 41,11.0,17.0,3.1260504201680672,0.0,0.0,65.0,0.23076923076923078,1.7307692307692308,224.0,77.0,26.333333333333332,2.2868217054263567,3.0,9.0,3.65,0.0,5.0,10.0,4.258620689655173,0.0,
Presentation 42,39.0,46.0,7.369747899159663,0.0,34.0,177.0,20.5,6.4423076923076925,533.0,180.0,61.58914728682171,6.89922480620155,5.0,34.0,10.075,0.0,40.0,31.0,17.413793103448278,0.0,
Presentation 43,129.0,60.0,14.033613445378151,0.0,48.0,226.0,30.73076923076923,9.51923076923077,522.0,237.0,107.27906976744185,12.209302325581396,80.0,35.0,28.375,0.0,1.0,28.0,7.594827586206897,0.0,
Presentation 44,46.0,44.0,7.739495798319328,0.0,54.0,158.0,32.98076923076923,7.6923076923076925,475.0,175.0,59.02325581395349,9.573643410852712,5.0,25.0,7.875,0.0,8.0,26.0,9.10344827586207,0.0,
Presentation 45,8.0,10.0,1.8403361344537814,0.0,0.0,65.0,0.23076923076923078,1.5384615384615385,240.0,71.0,24.93798449612403,2.751937984496124,0.0,4.0,1.35,0.0,0.0,7.0,2.25,0.0,
Presentation 46,0.0,5.0,0.9831932773109243,0.0,0.0,1.0,0.23076923076923078,0.0,192.0,3.0,17.875968992248062,0.0,0.0,2.0,0.775,0.0,0.0,4.0,1.3103448275862069,0.0,
Presentation 47,202.0,118.0,22.26890756302521,0.0,222.0,331.0,122.98076923076923,10.961538461538462,1062.0,309.0,151.47286821705427,12.55813953488372,213.0,88.0,71.575,0.0,103.0,91.0,44.69827586206897,0.0,
Presentation 48,173.0,86.0,18.218487394957982,0.0,125.0,324.0,71.8076923076923,12.01923076923077,807.0,323.0,150.24806201550388,13.178294573643411,41.0,53.0,23.3,0.0,37.0,61.0,23.724137931034484,0.0,
Presentation 49,10.0,15.0,2.9243697478991595,0.0,0.0,97.0,0.23076923076923078,2.4038461538461537,64.0,109.0,17.41860465116279,3.565891472868217,4.0,8.0,3.725,0.0,3.0,8.0,3.1206896551724137,0.0,
Presentation 50,6.0,8.0,1.9327731092436975,0.0,0.0,49.0,0.23076923076923078,1.7307692307692308,48.0,56.0,13.472868217054264,2.1705426356589146,1.0,5.0,1.775,0.0,0.0,4.0,1.4741379310344827,0.0,
Presentation 51,6.0,9.0,2.142857142857143,0.0,0.0,49.0,0.23076923076923078,1.4423076923076923,96.0,57.0,12.75968992248062,1.821705426356589,2.0,5.0,2.375,0.0,0.0,4.0,1.3275862068965518,0.0,
Presentation 52,31.0,28.0,5.773109243697479,0.0,1.0,100.0,1.4230769230769231,4.8076923076923075,211.0,117.0,34.263565891472865,6.007751937984496,12.0,15.0,7.475,0.0,3.0,15.0,5.422413793103448,0.0,
Presentation 53,84.0,47.0,10.411764705882353,0.0,9.0,325.0,7.153846153846154,12.884615384615385,371.0,339.0,53.31782945736434,14.418604651162791,54.0,31.0,21.75,0.0,20.0,24.0,11.198275862068966,0.0,
Presentation 54,28.0,27.0,5.07563025210084,0.0,22.0,107.0,15.0,4.519230769230769,195.0,120.0,32.031007751937985,6.2015503875969,2.0,13.0,4.3,0.0,0.0,13.0,3.8706896551724137,0.0,
Presentation 55,44.0,34.0,6.512605042016807,0.0,1.0,144.0,4.230769230769231,5.769230769230769,273.0,155.0,59.14728682170543,8.217054263565892,7.0,15.0,6.1,0.0,3.0,16.0,5.336206896551724,0.0,
Presentation 56,1.0,4.0,0.5630252100840336,0.0,0.0,131.0,0.8461538461538461,5.865384615384615,96.0,132.0,7.744186046511628,5.271317829457364,0.0,1.0,0.2,0.0,0.0,2.0,0.5517241379310345,0.0,
Presentation 57,16.0,61.0,5.109243697478991,0.0,136.0,393.0,81.98076923076923,12.115384615384615,491.0,357.0,107.33333333333333,16.550387596899224,58.0,63.0,29.875,0.0,73.0,53.0,29.03448275862069,0.0,
Presentation 58,7.0,28.0,2.436974789915966,0.0,15.0,155.0,13.442307692307692,4.134615384615385,377.0,145.0,42.78294573643411,5.9689922480620154,2.0,26.0,7.3,0.0,5.0,14.0,4.948275862068965,0.0,
Presentation 59,39.0,61.0,7.445378151260504,0.0,117.0,272.0,60.78846153846154,11.25,487.0,264.0,91.75193798449612,11.89922480620155,17.0,40.0,14.55,0.0,11.0,34.0,11.60344827586207,0.0,
Presentation 60,45.0,83.0,9.46218487394958,0.0,133.0,370.0,74.5576923076923,12.307692307692308,692.0,346.0,138.88372093023256,15.581395348837209,118.0,67.0,46.45,0.0,47.0,48.0,22.82758620689655,0.0,
Presentation 61,20.0,72.0,5.932773109243698,0.0,116.0,309.0,75.1923076923077,9.711538461538462,478.0,274.0,102.07751937984496,12.55813953488372,98.0,75.0,42.05,0.0,83.0,54.0,31.551724137931036,0.0,
Presentation 62,26.0,78.0,7.529411764705882,0.0,200.0,428.0,105.48076923076923,12.5,590.0,388.0,134.12403100775194,16.27906976744186,58.0,66.0,31.175,0.0,85.0,52.0,31.724137931034484,0.0,
Presentation 63,0.0,0.0,0.0,0.0,0.0,48.0,0.0,1.25,64.0,48.0,7.829457364341085,2.1705426356589146,0.0,0.0,0.0,0.0,0.0,0.0,0.0,0.0,
Presentation 64,3.0,24.0,2.4285714285714284,0.0,5.0,145.0,5.038461538461538,4.134615384615385,224.0,137.0,22.069767441860463,7.054263565891473,3.0,18.0,5.675,0.0,20.0,28.0,12.043103448275861,0.0,
Presentation 65,0.0,0.0,0.0,0.0,0.0,32.0,0.0,0.6730769230769231,128.0,32.0,18.410852713178294,1.2015503875968991,0.0,0.0,0.0,0.0,0.0,0.0,0.0,0.0,
Presentation 66,35.0,55.0,6.974789915966387,0.0,57.0,266.0,18.423076923076923,8.076923076923077,271.0,269.0,49.57364341085271,9.263565891472869,57.0,31.0,22.575,0.0,25.0,30.0,13.681034482758621,0.0,
Presentation 67,20.0,35.0,3.9411764705882355,0.0,25.0,242.0,18.942307692307693,6.730769230769231,578.0,235.0,89.49612403100775,10.271317829457365,4.0,17.0,5.725,0.0,5.0,16.0,5.543103448275862,0.0,
Presentation 68,16.0,61.0,5.184873949579832,0.0,147.0,299.0,87.92307692307692,10.865384615384615,679.0,249.0,164.1627906976744,13.10077519379845,78.0,51.0,33.05,0.0,39.0,46.0,20.17241379310345,0.0,
Presentation 69,23.0,60.0,6.302521008403361,0.0,100.0,395.0,50.23076923076923,11.538461538461538,994.0,348.0,122.96899224806202,14.844961240310077,96.0,47.0,35.45,0.0,104.0,63.0,38.327586206896555,0.0,
Presentation 70,16.0,43.0,4.19327731092437,0.0,43.0,221.0,17.134615384615383,5.961538461538462,371.0,207.0,35.5968992248062,7.248062015503876,12.0,28.0,10.525,0.0,15.0,21.0,8.844827586206897,0.0,
Presentation 71,47.0,62.0,8.638655462184873,0.0,43.0,254.0,32.90384615384615,10.0,399.0,261.0,76.43410852713178,12.48062015503876,14.0,41.0,14.25,0.0,33.0,44.0,19.379310344827587,0.0,
Presentation 72,144.0,93.0,17.445378151260503,0.0,34.0,278.0,21.48076923076923,9.134615384615385,655.0,300.0,76.56589147286822,10.813953488372093,51.0,42.0,23.2,0.0,34.0,48.0,20.379310344827587,0.0,
Presentation 73,271.0,140.0,27.462184873949578,0.0,209.0,531.0,107.6923076923077,16.923076923076923,1080.0,532.0,188.49612403100775,20.503875968992247,144.0,83.0,55.675,0.0,83.0,81.0,38.206896551724135,0.0,
Presentation 74,152.0,102.0,17.680672268907564,0.0,131.0,429.0,81.71153846153847,13.75,1267.0,404.0,205.8372093023256,17.94573643410853,75.0,71.0,35.525,0.0,84.0,88.0,40.474137931034484,0.0,
Presentation 75,37.0,46.0,6.4789915966386555,0.0,36.0,167.0,25.78846153846154,5.769230769230769,757.0,174.0,76.48062015503876,8.720930232558139,28.0,30.0,15.475,0.0,2.0,20.0,6.0,0.0,
Presentation 76,171.0,124.0,20.15126050420168,0.0,252.0,535.0,133.23076923076923,15.76923076923077,1374.0,516.0,226.5891472868217,20.46511627906977,126.0,74.0,48.525,0.0,90.0,82.0,40.5,0.0,
Presentation 77,51.0,79.0,9.529411764705882,0.0,180.0,325.0,96.86538461538461,10.096153846153847,873.0,296.0,141.2325581395349,12.170542635658915,41.0,63.0,26.0,0.0,34.0,53.0,21.06896551724138,0.0,
Presentation 78,49.0,26.0,6.487394957983193,0.0,17.0,150.0,3.4423076923076925,4.615384615384615,608.0,161.0,52.7906976744186,5.736434108527132,30.0,13.0,11.25,0.0,1.0,10.0,3.2241379310344827,0.0,
Presentation 79,68.0,55.0,9.495798319327731,0.0,46.0,309.0,28.75,10.288461538461538,1094.0,332.0,139.984496124031,14.224806201550388,61.0,37.0,24.475,0.0,2.0,23.0,6.646551724137931,0.0,
Presentation 80,79.0,110.0,13.428571428571429,0.0,130.0,405.0,71.42307692307692,11.346153846153847,1266.0,403.0,213.0077519379845,16.085271317829456,98.0,71.0,41.375,0.0,46.0,55.0,24.948275862068964,0.0,
Presentation 81,53.0,53.0,9.07563025210084,0.0,2.0,195.0,5.538461538461538,4.615384615384615,613.0,212.0,56.68217054263566,7.325581395348837,27.0,27.0,13.575,0.0,2.0,21.0,6.474137931034483,0.0,
Presentation 82,42.0,39.0,7.697478991596639,0.0,21.0,225.0,7.365384615384615,8.461538461538462,322.0,243.0,47.3875968992248,10.155038759689923,42.0,26.0,17.275,0.0,6.0,13.0,5.474137931034483,0.0,
Presentation 83,180.0,130.0,21.680672268907564,0.0,152.0,473.0,90.23076923076923,15.384615384615385,1206.0,450.0,213.7906976744186,18.372093023255815,194.0,94.0,68.725,0.0,111.0,81.0,44.37931034482759,0.0,
Presentation 84,143.0,136.0,18.04201680672269,0.0,279.0,694.0,132.32692307692307,20.384615384615383,1439.0,647.0,229.7751937984496,23.06201550387597,257.0,102.0,84.625,0.0,186.0,108.0,66.8103448275862,0.0,
Presentation 85,61.0,57.0,9.764705882352942,0.0,11.0,235.0,8.76923076923077,8.846153846153847,192.0,241.0,33.751937984496124,9.96124031007752,75.0,29.0,26.2,0.0,10.0,31.0,10.767241379310345,0.0,
Presentation 86,71.0,88.0,11.731092436974789,0.0,88.0,306.0,58.13461538461539,9.903846153846153,548.0,298.0,154.07751937984497,12.093023255813954,48.0,62.0,26.875,0.0,36.0,48.0,20.53448275862069,0.0,
Presentation 87,90.0,71.0,12.563025210084033,0.0,12.0,220.0,12.538461538461538,9.038461538461538,580.0,234.0,97.70542635658914,10.232558139534884,79.0,42.0,29.625,0.0,10.0,37.0,12.327586206896552,0.0,
Presentation 88,30.0,68.0,7.4033613445378155,0.0,128.0,352.0,70.25,9.134615384615385,1138.0,294.0,169.8139534883721,12.51937984496124,43.0,55.0,24.4,0.0,55.0,66.0,28.586206896551722,0.0,
Presentation 89,5.0,11.0,2.176470588235294,0.0,36.0,87.0,15.23076923076923,4.615384615384615,192.0,88.0,30.93798449612403,5.155038759689923,1.0,5.0,1.675,0.0,0.0,7.0,2.189655172413793,0.0,
Presentation 90,1.0,15.0,1.815126050420168,0.0,2.0,170.0,3.2115384615384617,5.480769230769231,416.0,171.0,43.07751937984496,6.007751937984496,0.0,11.0,3.325,0.0,6.0,11.0,4.620689655172414,0.0,
Presentation 91,18.0,40.0,4.302521008403361,0.0,8.0,252.0,12.134615384615385,6.730769230769231,303.0,246.0,77.56589147286822,9.806201550387597,18.0,33.0,13.1,0.0,12.0,19.0,7.922413793103448,0.0,
Presentation 92,92.0,106.0,14.596638655462185,0.0,97.0,316.0,62.17307692307692,9.807692307692308,418.0,305.0,97.29457364341086,11.821705426356589,93.0,79.0,42.025,0.0,72.0,63.0,31.853448275862068,0.0,
Presentation 93,41.0,44.0,7.025210084033613,0.0,37.0,237.0,21.153846153846153,8.461538461538462,352.0,251.0,82.44186046511628,10.65891472868217,12.0,23.0,9.35,0.0,7.0,15.0,5.922413793103448,0.0,
Presentation 94,8.0,13.0,2.4873949579831933,0.0,0.0,81.0,0.23076923076923078,2.019230769230769,400.0,89.0,28.92248062015504,3.2170542635658914,8.0,8.0,4.45,0.0,11.0,9.0,5.405172413793103,0.0,
Presentation 95,289.0,152.0,29.218487394957982,0.0,222.0,508.0,117.38461538461539,16.634615384615383,1168.0,491.0,183.0,20.46511627906977,157.0,91.0,59.425,0.0,132.0,103.0,54.4051724137931,0.0,
Presentation 96,11.0,37.0,3.7563025210084033,0.0,46.0,246.0,22.403846153846153,7.6923076923076925,970.0,241.0,126.20930232558139,11.046511627906977,16.0,27.0,11.05,0.0,3.0,16.0,4.810344827586207,0.0,
Presentation 97,30.0,75.0,7.109243697478991,0.0,275.0,589.0,124.61538461538461,18.26923076923077,1278.0,540.0,185.10852713178295,20.1937984496124,67.0,58.0,31.525,0.0,109.0,50.0,36.44827586206897,0.0,
Presentation 98,32.0,68.0,7.285714285714286,0.0,140.0,346.0,87.1923076923077,11.923076923076923,581.0,305.0,143.6046511627907,13.449612403100776,61.0,65.0,30.65,0.0,91.0,56.0,34.23275862068966,0.0,
Presentation 99,37.0,47.0,7.3277310924369745,0.0,90.0,405.0,52.34615384615385,13.173076923076923,993.0,378.0,134.94573643410854,14.612403100775193,35.0,50.0,21.2,0.0,36.0,40.0,18.68103448275862,0.0,
Presentation 100,39.0,79.0,8.714285714285714,0.0,75.0,487.0,43.98076923076923,12.115384615384615,886.0,458.0,142.46511627906978,16.2015503875969,32.0,57.0,22.8,0.0,28.0,46.0,18.155172413793103,0.0,
Presentation 101,0.0,4.0,0.6218487394957983,0.0,0.0,81.0,0.23076923076923078,1.25,544.0,81.0,45.17829457364341,2.441860465116279,0.0,1.0,0.225,0.0,3.0,4.0,1.9224137931034482,0.0,
Presentation 102,0.0,2.0,0.5210084033613446,0.0,0.0,145.0,0.23076923076923078,3.173076923076923,448.0,145.0,39.2093023255814,5.658914728682171,0.0,1.0,0.225,0.0,0.0,2.0,0.7844827586206896,0.0,
Presentation 103,1.0,3.0,0.7563025210084033,0.0,0.0,81.0,0.23076923076923078,2.019230769230769,224.0,82.0,20.728682170542637,2.9069767441860463,0.0,2.0,0.45,0.0,3.0,2.0,1.5172413793103448,0.0,
Presentation 104,1.0,11.0,1.6974789915966386,0.0,16.0,162.0,2.5,6.634615384615385,272.0,164.0,23.2015503875969,8.372093023255815,0.0,6.0,1.95,0.0,1.0,9.0,2.6724137931034484,0.0,
Presentation 105,48.0,101.0,11.252100840336135,0.0,153.0,332.0,87.28846153846153,10.096153846153847,983.0,293.0,163.51162790697674,12.44186046511628,30.0,71.0,25.8,0.0,82.0,65.0,34.14655172413793,0.0,
Presentation 106,0.0,1.0,0.15126050420168066,0.0,0.0,64.0,0.0,1.5384615384615385,96.0,65.0,12.953488372093023,2.751937984496124,0.0,1.0,0.225,0.0,0.0,0.0,0.0,0.0,
Presentation 107,0.0,0.0,0.0,0.0,0.0,64.0,0.0,1.7307692307692308,128.0,64.0,9.806201550387597,2.054263565891473,0.0,0.0,0.0,0.0,0.0,0.0,0.0,0.0,
Presentation 108,9.0,39.0,4.151260504201681,0.0,35.0,98.0,27.46153846153846,5.1923076923076925,64.0,72.0,6.651162790697675,5.0,3.0,20.0,6.175,0.0,56.0,55.0,26.086206896551722,0.0,
Presentation 109,2.0,19.0,2.5294117647058822,0.0,48.0,139.0,24.173076923076923,5.673076923076923,224.0,137.0,23.54263565891473,7.248062015503876,0.0,10.0,3.1,0.0,5.0,14.0,5.060344827586207,0.0,
Presentation 110,34.0,88.0,9.092436974789916,0.0,170.0,432.0,85.25,14.423076923076923,616.0,398.0,145.84496124031008,17.868217054263567,38.0,70.0,27.05,0.0,97.0,64.0,36.89655172413793,0.0,
Presentation 111,41.0,100.0,10.100840336134453,0.0,154.0,460.0,85.36538461538461,15.384615384615385,990.0,412.0,158.8217054263566,17.4031007751938,9.0,73.0,20.5,0.0,118.0,79.0,45.14655172413793,0.0,
Presentation 112,44.0,97.0,9.394957983193278,0.0,257.0,639.0,122.0576923076923,18.75,1212.0,580.0,191.08527131782947,21.2015503875969,30.0,79.0,26.5,0.0,154.0,79.0,53.06896551724138,0.0,
Presentation 113,57.0,116.0,12.453781512605042,0.0,225.0,595.0,121.88461538461539,19.134615384615383,1312.0,573.0,212.29457364341084,22.093023255813954,50.0,86.0,32.65,0.0,138.0,83.0,50.706896551724135,0.0,
Presentation 114,48.0,80.0,9.77310924369748,0.0,71.0,309.0,41.07692307692308,8.75,850.0,315.0,128.07751937984497,11.085271317829458,18.0,52.0,17.325,0.0,20.0,51.0,17.68103448275862,0.0,
Presentation 115,47.0,98.0,10.319327731092438,0.0,113.0,410.0,68.07692307692308,12.307692307692308,745.0,369.0,148.13953488372093,14.031007751937985,25.0,69.0,23.125,0.0,120.0,97.0,49.6551724137931,0.0,
Presentation 116,0.0,0.0,0.0,0.0,0.0,80.0,0.0,1.9230769230769231,144.0,80.0,17.829457364341085,3.604651162790698,0.0,0.0,0.0,0.0,0.0,0.0,0.0,0.0,
Presentation 117,22.0,16.0,3.5546218487394956,0.0,0.0,129.0,0.23076923076923078,2.8846153846153846,288.0,141.0,38.03875968992248,5.155038759689923,6.0,9.0,4.375,0.0,6.0,9.0,4.198275862068965,0.0,
Presentation 118,1.0,20.0,2.46218487394958,0.0,16.0,161.0,2.1538461538461537,4.038461538461538,176.0,171.0,27.209302325581394,5.930232558139535,7.0,10.0,4.925,0.0,24.0,16.0,10.775862068965518,0.0,
Presentation 119,14.0,14.0,3.0840336134453783,0.0,0.0,97.0,0.23076923076923078,2.2115384615384617,320.0,109.0,32.883720930232556,2.7906976744186047,4.0,8.0,3.725,0.0,3.0,7.0,2.8275862068965516,0.0,
Presentation 120,7.0,7.0,1.4705882352941178,0.0,0.0,65.0,0.23076923076923078,1.3461538461538463,256.0,68.0,24.449612403100776,2.868217054263566,0.0,3.0,0.825,0.0,0.0,6.0,1.9913793103448276,0.0,
Presentation 121,9.0,18.0,3.0252100840336134,0.0,0.0,113.0,0.23076923076923078,2.5961538461538463,128.0,125.0,21.72093023255814,4.186046511627907,5.0,9.0,4.125,0.0,4.0,11.0,4.2844827586206895,0.0,
Presentation 122,0.0,7.0,1.453781512605042,0.0,0.0,49.0,0.23076923076923078,1.4423076923076923,176.0,55.0,11.852713178294573,1.821705426356589,2.0,4.0,2.2,0.0,0.0,4.0,1.3275862068965518,0.0,
Presentation 123,88.0,96.0,12.915966386554622,0.0,148.0,398.0,80.90384615384616,11.153846153846153,777.0,388.0,112.73643410852713,16.162790697674417,73.0,72.0,36.1,0.0,33.0,56.0,21.724137931034484,0.0,
Presentation 124,36.0,36.0,6.050420168067227,0.0,35.0,156.0,19.923076923076923,5.576923076923077,178.0,159.0,45.41860465116279,7.093023255813954,18.0,24.0,11.35,0.0,6.0,22.0,7.732758620689655,0.0,
Presentation 125,159.0,94.0,18.722689075630253,0.0,31.0,293.0,26.26923076923077,10.096153846153847,758.0,313.0,95.4186046511628,12.829457364341085,57.0,52.0,27.225,0.0,47.0,51.0,24.28448275862069,0.0,
Presentation 126,204.0,133.0,23.168067226890756,0.0,190.0,495.0,106.25,14.326923076923077,1198.0,470.0,206.10852713178295,18.17829457364341,164.0,93.0,61.675,0.0,155.0,100.0,58.19827586206897,0.0,
Presentation 127,330.0,177.0,32.42857142857143,0.0,250.0,722.0,132.5,20.576923076923077,1295.0,684.0,213.4496124031008,24.147286821705425,243.0,113.0,83.375,0.0,211.0,134.0,78.89655172413794,0.0,
Presentation 128,35.0,29.0,5.697478991596639,0.0,16.0,119.0,12.557692307692308,5.0,178.0,133.0,26.775193798449614,7.015503875968992,18.0,18.0,9.975,0.0,6.0,16.0,6.439655172413793,0.0,
Presentation 129,122.0,110.0,16.33613445378151,0.0,121.0,464.0,76.13461538461539,15.576923076923077,1111.0,440.0,199.31782945736435,18.72093023255814,156.0,87.0,58.575,0.0,98.0,82.0,42.0948275862069,0.0,
GroupStudy 1,1.0,7.0,0.7226890756302521,0.0,0.0,0.0,0.0,0.0,0.0,3.0,0.7674418604651163,0.0,1.0,3.0,1.225,0.0,1.0,5.0,1.9482758620689655,0.0,
GroupStudy 2,82.0,105.0,12.46218487394958,0.0,38.0,100.0,29.903846153846153,0.0,27.0,72.0,24.434108527131784,0.0,205.0,78.0,67.025,0.0,57.0,77.0,31.810344827586206,0.0,
GroupStudy 3,0.0,5.0,0.6302521008403361,0.0,0.0,0.0,0.0,0.0,0.0,3.0,0.8604651162790697,0.0,4.0,5.0,2.875,0.0,4.0,6.0,2.7241379310344827,0.0,
GroupStudy 4,4.0,6.0,0.957983193277311,0.0,0.0,0.0,0.0,0.0,0.0,4.0,1.1395348837209303,0.0,6.0,7.0,3.5,0.0,11.0,5.0,4.4655172413793105,0.0,
GroupStudy 5,8.0,4.0,1.0420168067226891,0.0,0.0,0.0,0.0,0.0,0.0,4.0,1.1395348837209303,0.0,1.0,4.0,1.55,0.0,0.0,2.0,0.6293103448275862,0.0,
GroupStudy 6,0.0,9.0,0.957983193277311,0.0,0.0,0.0,0.0,0.0,0.0,5.0,1.4031007751937985,0.0,7.0,9.0,4.7,0.0,13.0,9.0,5.870689655172414,0.0,
GroupStudy 7,2.0,5.0,0.9159663865546218,0.0,0.0,0.0,0.0,0.0,0.0,5.0,1.3410852713178294,0.0,3.0,4.0,2.4,0.0,0.0,3.0,0.7586206896551724,0.0,
GroupStudy 8,0.0,4.0,0.5882352941176471,0.0,0.0,0.0,0.0,0.0,0.0,3.0,0.8604651162790697,0.0,5.0,5.0,3.075,0.0,2.0,5.0,1.9396551724137931,0.0,
GroupStudy 9,111.0,123.0,15.201680672268907,0.0,56.0,103.0,34.03846153846154,0.0,9.0,60.0,17.286821705426355,0.0,267.0,89.0,84.125,0.0,206.0,109.0,71.40517241379311,0.0,
GroupStudy 10,79.0,96.0,11.512605042016807,0.0,48.0,83.0,27.692307692307693,0.0,2.0,44.0,12.015503875968992,0.0,46.0,65.0,28.15,0.0,189.0,87.0,63.206896551724135,0.0,
GroupStudy 11,13.0,43.0,3.8403361344537816,0.0,8.0,44.0,11.807692307692308,0.0,2.0,19.0,5.589147286821706,0.0,97.0,42.0,36.1,0.0,32.0,37.0,16.71551724137931,0.0,
GroupStudy 12,8.0,18.0,2.319327731092437,0.0,6.0,11.0,3.6923076923076925,0.0,0.0,10.0,2.8372093023255816,0.0,38.0,16.0,13.95,0.0,6.0,7.0,3.75,0.0,
GroupStudy 13,15.0,54.0,4.857142857142857,0.0,52.0,89.0,29.98076923076923,0.0,5.0,34.0,10.069767441860465,0.0,127.0,57.0,45.625,0.0,84.0,50.0,31.198275862068964,0.0,
GroupStudy 14,26.0,70.0,6.890756302521009,0.0,56.0,127.0,39.11538461538461,0.0,31.0,59.0,22.434108527131784,0.0,190.0,85.0,65.225,0.0,113.0,78.0,43.68103448275862,0.0,
GroupStudy 15,51.0,68.0,8.596638655462185,0.0,23.0,78.0,22.096153846153847,0.0,15.0,45.0,15.224806201550388,0.0,172.0,66.0,58.825,0.0,42.0,53.0,22.92241379310345,0.0,
GroupStudy 16,128.0,128.0,17.142857142857142,0.0,78.0,148.0,47.65384615384615,0.0,31.0,86.0,28.906976744186046,0.0,185.0,102.0,68.5,0.0,245.0,107.0,78.6896551724138,0.0,
GroupStudy 17,41.0,57.0,7.176470588235294,0.0,19.0,60.0,17.673076923076923,0.0,13.0,45.0,15.108527131782946,0.0,140.0,44.0,44.65,0.0,43.0,36.0,19.224137931034484,0.0,
GroupStudy 18,56.0,74.0,9.84873949579832,0.0,49.0,58.0,23.96153846153846,0.0,4.0,51.0,14.077519379844961,0.0,118.0,50.0,41.3,0.0,61.0,43.0,24.45689655172414,0.0,
GroupStudy 19,4.0,21.0,2.680672268907563,0.0,1.0,9.0,2.769230769230769,0.0,3.0,15.0,4.658914728682171,0.0,7.0,19.0,6.8,0.0,3.0,9.0,3.336206896551724,0.0,
GroupStudy 20,33.0,84.0,8.092436974789916,0.0,31.0,85.0,25.78846153846154,0.0,19.0,67.0,21.82170542635659,0.0,123.0,62.0,45.7,0.0,51.0,50.0,24.137931034482758,0.0,
GroupStudy 21,45.0,67.0,8.495798319327731,0.0,22.0,64.0,18.71153846153846,0.0,7.0,45.0,13.418604651162791,0.0,156.0,65.0,53.2,0.0,34.0,39.0,17.78448275862069,0.0,
GroupStudy 22,117.0,102.0,15.798319327731093,0.0,38.0,95.0,29.596153846153847,0.0,5.0,74.0,20.387596899224807,0.0,213.0,89.0,71.925,0.0,102.0,66.0,38.89655172413793,0.0,
GroupStudy 23,39.0,50.0,7.2100840336134455,0.0,16.0,30.0,11.23076923076923,0.0,7.0,42.0,12.209302325581396,0.0,83.0,39.0,30.525,0.0,7.0,22.0,7.422413793103448,0.0,
GroupStudy 24,18.0,58.0,6.033613445378151,0.0,26.0,88.0,25.21153846153846,0.0,8.0,49.0,14.891472868217054,0.0,140.0,58.0,48.725,0.0,52.0,39.0,21.525862068965516,0.0,
GroupStudy 25,1.0,4.0,0.5378151260504201,0.0,0.0,2.0,0.5384615384615384,0.0,0.0,2.0,0.6821705426356589,0.0,0.0,3.0,0.85,0.0,1.0,3.0,1.1810344827586208,0.0,
GroupStudy 26,10.0,14.0,2.1512605042016806,0.0,3.0,8.0,2.480769230769231,0.0,0.0,6.0,1.7829457364341086,0.0,22.0,9.0,9.05,0.0,2.0,7.0,2.4827586206896552,0.0,
GroupStudy 27,8.0,28.0,2.991596638655462,0.0,4.0,27.0,7.923076923076923,0.0,2.0,17.0,5.8062015503875966,0.0,28.0,22.0,13.15,0.0,5.0,11.0,4.482758620689655,0.0,
GroupStudy 28,31.0,68.0,7.378151260504202,0.0,73.0,107.0,38.36538461538461,0.0,35.0,70.0,25.674418604651162,0.0,116.0,65.0,43.65,0.0,58.0,50.0,25.56896551724138,0.0,
GroupStudy 29,31.0,79.0,7.411764705882353,0.0,84.0,108.0,41.13461538461539,0.0,20.0,59.0,20.0,0.0,51.0,71.0,29.9,0.0,101.0,63.0,37.33620689655172,0.0,
GroupStudy 30,1.0,5.0,0.4789915966386555,0.0,0.0,6.0,1.5769230769230769,0.0,0.0,3.0,0.7984496124031008,0.0,0.0,3.0,0.9,0.0,3.0,4.0,1.8275862068965518,0.0,
GroupStudy 31,1.0,16.0,2.2016806722689077,0.0,0.0,1.0,0.23076923076923078,0.0,0.0,11.0,3.10077519379845,0.0,7.0,10.0,4.925,0.0,16.0,12.0,7.646551724137931,0.0,
GroupStudy 32,6.0,11.0,2.226890756302521,0.0,0.0,1.0,0.23076923076923078,0.0,0.0,9.0,2.565891472868217,0.0,3.0,6.0,2.9,0.0,2.0,6.0,2.3706896551724137,0.0,
GroupStudy 33,9.0,16.0,2.6218487394957983,0.0,0.0,1.0,0.23076923076923078,0.0,0.0,11.0,3.10077519379845,0.0,4.0,8.0,3.8,0.0,9.0,11.0,5.862068965517241,0.0,
GroupStudy 34,0.0,2.0,0.2773109243697479,0.0,0.0,0.0,0.0,0.0,0.0,1.0,0.2868217054263566,0.0,0.0,1.0,0.55,0.0,0.0,2.0,0.7931034482758621,0.0,
GroupStudy 35,11.0,17.0,3.100840336134454,0.0,0.0,1.0,0.23076923076923078,0.0,0.0,13.0,3.5813953488372094,0.0,8.0,11.0,5.175,0.0,16.0,11.0,7.353448275862069,0.0,
GroupStudy 36,93.0,118.0,15.285714285714286,0.0,48.0,92.0,30.923076923076923,0.0,41.0,93.0,32.666666666666664,0.0,170.0,87.0,60.975,0.0,42.0,71.0,26.93103448275862,0.0,
GroupStudy 37,62.0,113.0,12.201680672268907,0.0,90.0,135.0,47.63461538461539,0.0,36.0,99.0,32.53488372093023,0.0,278.0,102.0,89.6,0.0,144.0,76.0,50.025862068965516,0.0,
GroupStudy 38,216.0,140.0,24.521008403361346,0.0,69.0,134.0,42.67307692307692,0.0,40.0,107.0,35.286821705426355,0.0,252.0,98.0,82.275,0.0,114.0,102.0,50.543103448275865,0.0,
GroupStudy 39,106.0,151.0,17.840336134453782,0.0,77.0,139.0,45.73076923076923,0.0,50.0,117.0,39.89922480620155,0.0,252.0,110.0,85.725,0.0,94.0,93.0,43.706896551724135,0.0,
GroupStudy 40,130.0,128.0,17.781512605042018,0.0,54.0,133.0,39.90384615384615,0.0,14.0,85.0,24.558139534883722,0.0,229.0,107.0,79.925,0.0,126.0,102.0,52.922413793103445,0.0,
NULL 1,1.0,5.0,0.7647058823529411,0.0,0.0,1.0,0.23076923076923078,0.0,0.0,1.0,0.4496124031007752,0.0,0.0,1.0,0.225,0.0,0.0,5.0,1.853448275862069,0.0,
NULL 2,1.0,4.0,0.7226890756302521,0.0,0.0,1.0,0.23076923076923078,0.0,0.0,1.0,0.4496124031007752,0.0,0.0,1.0,0.225,0.0,5.0,4.0,2.663793103448276,0.0,
NULL 3,1.0,5.0,0.7647058823529411,0.0,0.0,1.0,0.23076923076923078,0.0,0.0,1.0,0.4496124031007752,0.0,0.0,1.0,0.225,0.0,0.0,5.0,1.853448275862069,0.0,
NULL 4,0.0,2.0,0.17647058823529413,0.0,0.0,0.0,0.0,0.0,0.0,0.0,0.0,0.0,0.0,0.0,0.0,0.0,0.0,2.0,0.7155172413793104,0.0,
NULL 5,1.0,0.0,0.05042016806722689,0.0,0.0,0.0,0.0,0.0,0.0,0.0,0.0,0.0,0.0,0.0,0.0,0.0,0.0,0.0,0.0,0.0,
NULL 6,2.0,3.0,0.8487394957983193,0.0,0.0,1.0,0.23076923076923078,0.0,0.0,2.0,0.7286821705426356,0.0,0.0,2.0,0.45,0.0,0.0,2.0,0.7844827586206896,0.0,
NULL 7,1.0,4.0,0.7226890756302521,0.0,0.0,1.0,0.23076923076923078,0.0,0.0,1.0,0.4496124031007752,0.0,0.0,1.0,0.225,0.0,0.0,4.0,1.5603448275862069,0.0,
NULL 8,1.0,0.0,0.05042016806722689,0.0,0.0,0.0,0.0,0.0,0.0,0.0,0.0,0.0,0.0,0.0,0.0,0.0,1.0,0.0,0.25,0.0,
NULL 9,3.0,3.0,0.7310924369747899,0.0,0.0,1.0,0.23076923076923078,0.0,0.0,1.0,0.4496124031007752,0.0,0.0,1.0,0.225,0.0,3.0,3.0,1.7327586206896552,0.0,
NULL 10,22.0,57.0,5.697478991596639,0.0,45.0,74.0,25.596153846153847,0.0,6.0,46.0,13.465116279069768,0.0,75.0,48.0,30.775,0.0,23.0,42.0,16.31896551724138,0.0,
NULL 11,226.0,163.0,26.084033613445378,0.0,84.0,140.0,47.59615384615385,0.0,43.0,117.0,38.12403100775194,0.0,247.0,109.0,83.6,0.0,244.0,123.0,83.48275862068965,0.0,
NULL 12,34.0,76.0,7.46218487394958,0.0,36.0,88.0,26.71153846153846,0.0,18.0,38.0,13.775193798449612,0.0,167.0,68.0,56.55,0.0,198.0,72.0,60.80172413793103,0.0,
NULL 13,0.0,3.0,0.226890756302521,0.0,0.0,0.0,0.0,0.0,0.0,0.0,0.0,0.0,0.0,0.0,0.0,0.0,1.0,3.0,1.206896551724138,0.0,
NULL 14,1.0,4.0,0.6722689075630253,0.0,0.0,1.0,0.23076923076923078,0.0,0.0,1.0,0.4496124031007752,0.0,0.0,1.0,0.225,0.0,0.0,4.0,1.2672413793103448,0.0,
NULL 15,276.0,153.0,28.0,0.0,67.0,140.0,43.73076923076923,0.0,33.0,103.0,32.81395348837209,0.0,263.0,108.0,87.8,0.0,255.0,127.0,86.3103448275862,0.0,
NULL 16,26.0,57.0,7.168067226890757,0.0,14.0,37.0,11.596153846153847,0.0,0.0,23.0,5.75968992248062,0.0,8.0,30.0,10.0,0.0,128.0,68.0,45.241379310344826,0.0,
NULL 17,19.0,20.0,3.7142857142857144,0.0,2.0,6.0,2.019230769230769,0.0,0.0,8.0,2.612403100775194,0.0,3.0,7.0,2.9,0.0,9.0,16.0,7.017241379310345,0.0,
NULL 18,1.0,1.0,0.15966386554621848,0.0,0.0,0.0,0.0,0.0,0.0,0.0,0.0,0.0,0.0,0.0,0.0,0.0,0.0,1.0,0.21551724137931033,0.0,
NULL 19,216.0,150.0,24.831932773109244,0.0,88.0,135.0,47.30769230769231,0.0,44.0,112.0,37.14728682170543,0.0,190.0,103.0,69.375,0.0,233.0,111.0,78.1896551724138,0.0,
NULL 20,0.0,7.0,0.42016806722689076,0.0,0.0,0.0,0.0,0.0,0.0,0.0,0.0,0.0,0.0,3.0,0.775,0.0,9.0,8.0,4.801724137931035,0.0,
NULL 21,154.0,108.0,17.974789915966387,0.0,26.0,61.0,19.076923076923077,0.0,5.0,51.0,14.093023255813954,0.0,124.0,62.0,45.725,0.0,120.0,93.0,50.31896551724138,0.0,
NULL 22,88.0,102.0,11.798319327731093,0.0,76.0,118.0,41.23076923076923,0.0,9.0,60.0,17.496124031007753,0.0,56.0,70.0,30.8,0.0,209.0,95.0,68.05172413793103,0.0,
NULL 23,10.0,13.0,2.46218487394958,0.0,0.0,4.0,1.2884615384615385,0.0,0.0,8.0,2.5891472868217056,0.0,0.0,5.0,1.6,0.0,5.0,9.0,4.732758620689655,0.0,
NULL 24,120.0,117.0,16.159663865546218,0.0,44.0,90.0,28.557692307692307,0.0,8.0,49.0,14.37984496124031,0.0,20.0,67.0,21.325,0.0,209.0,116.0,74.71551724137932,0.0,
NULL 25,2.0,16.0,1.915966386554622,0.0,0.0,2.0,0.6153846153846154,0.0,0.0,8.0,2.356589147286822,0.0,0.0,5.0,1.575,0.0,11.0,13.0,7.258620689655173,0.0,
NULL 26,42.0,85.0,8.369747899159664,0.0,49.0,114.0,35.01923076923077,0.0,12.0,52.0,16.441860465116278,0.0,144.0,76.0,52.35,0.0,172.0,84.0,57.827586206896555,0.0,
NULL 27,2.0,11.0,1.5546218487394958,0.0,0.0,2.0,0.6923076923076923,0.0,0.0,4.0,1.302325581395349,0.0,0.0,3.0,0.925,0.0,2.0,9.0,3.6379310344827585,0.0,
NULL 28,179.0,128.0,21.07563025210084,0.0,38.0,105.0,30.403846153846153,0.0,10.0,61.0,17.58139534883721,0.0,147.0,79.0,54.525,0.0,274.0,143.0,94.66379310344827,0.0,
NULL 29,0.0,11.0,1.1092436974789917,0.0,0.0,0.0,0.0,0.0,0.0,5.0,1.4031007751937985,0.0,8.0,9.0,4.9,0.0,21.0,11.0,8.525862068965518,0.0,
NULL 30,1.0,10.0,1.184873949579832,0.0,0.0,1.0,0.23076923076923078,0.0,0.0,3.0,1.0310077519379846,0.0,1.0,3.0,1.075,0.0,7.0,10.0,5.172413793103448,0.0,
NULL 31,6.0,17.0,1.7647058823529411,0.0,0.0,7.0,1.3461538461538463,0.0,0.0,4.0,0.9302325581395349,0.0,2.0,5.0,1.85,0.0,24.0,17.0,10.89655172413793,0.0,
NULL 33,228.0,142.0,24.327731092436974,0.0,64.0,123.0,39.28846153846154,0.0,10.0,65.0,18.27906976744186,0.0,223.0,97.0,75.95,0.0,238.0,145.0,87.41379310344827,0.0,
NULL 34,62.0,76.0,10.61344537815126,0.0,11.0,55.0,14.576923076923077,0.0,0.0,22.0,5.736434108527132,0.0,11.0,36.0,12.25,0.0,159.0,90.0,57.025862068965516,0.0,
NULL 35,2.0,10.0,1.218487394957983,0.0,0.0,1.0,0.23076923076923078,0.0,0.0,3.0,1.0310077519379846,0.0,1.0,5.0,1.575,0.0,24.0,11.0,9.706896551724139,0.0,
NULL 36,90.0,122.0,14.705882352941176,0.0,53.0,116.0,36.21153846153846,0.0,29.0,79.0,26.209302325581394,0.0,52.0,90.0,33.75,0.0,238.0,117.0,80.63793103448276,0.0,
NULL 37,133.0,119.0,17.73109243697479,0.0,70.0,105.0,38.25,0.0,14.0,73.0,21.906976744186046,0.0,27.0,64.0,22.725,0.0,134.0,102.0,55.758620689655174,0.0,
NULL 38,38.0,27.0,5.831932773109243,0.0,0.0,7.0,1.9038461538461537,0.0,1.0,18.0,5.116279069767442,0.0,14.0,11.0,7.05,0.0,1.0,14.0,4.431034482758621,0.0,
NULL 39,19.0,28.0,3.672268907563025,0.0,2.0,13.0,3.5,0.0,1.0,14.0,4.449612403100775,0.0,15.0,13.0,7.375,0.0,25.0,21.0,11.956896551724139,0.0,
NULL 40,141.0,99.0,16.983193277310924,0.0,51.0,90.0,30.173076923076923,0.0,9.0,62.0,17.41860465116279,0.0,130.0,73.0,49.25,0.0,158.0,90.0,56.80172413793103,0.0,
NULL 41,240.0,160.0,26.092436974789916,0.0,83.0,136.0,46.19230769230769,0.0,28.0,93.0,29.364341085271317,0.0,224.0,99.0,76.725,0.0,218.0,137.0,81.14655172413794,0.0,
NULL 42,71.0,88.0,10.403361344537815,0.0,43.0,83.0,26.76923076923077,0.0,3.0,31.0,8.744186046511627,0.0,18.0,56.0,18.425,0.0,141.0,97.0,54.61206896551724,0.0,
NULL 43,0.0,1.0,0.2773109243697479,0.0,0.0,0.0,0.0,0.0,0.0,1.0,0.23255813953488372,0.0,0.0,1.0,0.3,0.0,0.0,1.0,0.3448275862068966,0.0,
NULL 44,16.0,18.0,2.3361344537815127,0.0,0.0,10.0,2.3653846153846154,0.0,0.0,3.0,0.7286821705426356,0.0,8.0,9.0,5.1,0.0,1.0,12.0,3.5689655172413794,0.0,
NULL 45,15.0,19.0,3.092436974789916,0.0,0.0,1.0,0.23076923076923078,0.0,0.0,11.0,3.10077519379845,0.0,5.0,10.0,4.325,0.0,27.0,15.0,11.275862068965518,0.0,
NULL 46,17.0,21.0,3.773109243697479,0.0,1.0,18.0,4.673076923076923,0.0,0.0,9.0,2.5348837209302326,0.0,11.0,17.0,7.525,0.0,24.0,32.0,14.543103448275861,0.0,
NULL 47,13.0,20.0,3.033613445378151,0.0,0.0,1.0,0.23076923076923078,0.0,0.0,11.0,3.10077519379845,0.0,5.0,10.0,4.325,0.0,24.0,16.0,10.775862068965518,0.0,
NULL 48,19.0,25.0,4.26890756302521,0.0,0.0,6.0,1.5,0.0,0.0,6.0,1.7751937984496124,0.0,5.0,11.0,4.275,0.0,8.0,27.0,9.310344827586206,0.0,
NULL 49,6.0,10.0,2.1848739495798317,0.0,0.0,1.0,0.23076923076923078,0.0,0.0,9.0,2.565891472868217,0.0,2.0,5.0,2.375,0.0,5.0,5.0,2.7241379310344827,0.0,
NULL 50,51.0,80.0,8.159663865546218,0.0,51.0,116.0,36.17307692307692,0.0,18.0,54.0,18.13953488372093,0.0,14.0,65.0,19.45,0.0,193.0,92.0,64.38793103448276,0.0,
NULL 51,0.0,10.0,1.6470588235294117,0.0,0.0,1.0,0.23076923076923078,0.0,0.0,7.0,2.0852713178294575,0.0,2.0,4.0,2.2,0.0,4.0,7.0,3.25,0.0,
NULL 52,29.0,25.0,4.764705882352941,0.0,12.0,16.0,6.230769230769231,0.0,3.0,20.0,6.038759689922481,0.0,2.0,9.0,2.95,0.0,4.0,15.0,5.051724137931035,0.0,
NULL 53,48.0,33.0,7.4033613445378155,0.0,0.0,8.0,1.9807692307692308,0.0,0.0,10.0,2.697674418604651,0.0,18.0,14.0,8.475,0.0,7.0,27.0,9.310344827586206,0.0,
NULL 54,32.0,51.0,6.033613445378151,0.0,17.0,60.0,17.365384615384617,0.0,10.0,39.0,13.015503875968992,0.0,0.0,29.0,7.55,0.0,33.0,42.0,18.70689655172414,0.0,
NULL 55,180.0,108.0,19.714285714285715,0.0,18.0,81.0,20.96153846153846,0.0,0.0,35.0,8.852713178294573,0.0,174.0,64.0,56.875,0.0,209.0,128.0,77.07758620689656,0.0,
NULL 56,83.0,71.0,11.588235294117647,0.0,7.0,49.0,12.48076923076923,0.0,0.0,26.0,6.7984496124031,0.0,39.0,46.0,21.475,0.0,113.0,82.0,45.8448275862069,0.0,
NULL 57,1.0,19.0,2.3949579831932772,0.0,0.0,1.0,0.23076923076923078,0.0,0.0,11.0,3.10077519379845,0.0,3.0,8.0,3.575,0.0,14.0,14.0,7.706896551724138,0.0,
NULL 58,7.0,16.0,2.453781512605042,0.0,0.0,5.0,1.2115384615384615,0.0,0.0,5.0,1.3875968992248062,0.0,0.0,6.0,1.525,0.0,6.0,15.0,5.974137931034483,0.0,
NULL 59,177.0,92.0,18.69747899159664,0.0,17.0,54.0,15.788461538461538,0.0,3.0,46.0,12.86046511627907,0.0,168.0,54.0,53.55,0.0,106.0,79.0,43.456896551724135,0.0,
NULL 60,78.0,100.0,12.117647058823529,0.0,29.0,102.0,28.596153846153847,0.0,11.0,64.0,19.0,0.0,203.0,87.0,69.6,0.0,63.0,70.0,31.79310344827586,0.0,
NULL 61,151.0,76.0,16.210084033613445,0.0,9.0,37.0,10.48076923076923,0.0,0.0,38.0,10.178294573643411,0.0,47.0,39.0,21.85,0.0,54.0,62.0,28.57758620689655,0.0,
NULL 62,225.0,120.0,22.6218487394958,0.0,27.0,78.0,22.115384615384617,0.0,0.0,40.0,10.364341085271318,0.0,114.0,65.0,43.975,0.0,201.0,123.0,74.43103448275862,0.0,
NULL 63,0.0,9.0,1.050420168067227,0.0,0.0,1.0,0.23076923076923078,0.0,0.0,3.0,1.0310077519379846,0.0,1.0,3.0,1.075,0.0,12.0,9.0,6.060344827586207,0.0,
NULL 64,1.0,4.0,0.7226890756302521,0.0,0.0,1.0,0.23076923076923078,0.0,0.0,1.0,0.4496124031007752,0.0,0.0,1.0,0.225,0.0,0.0,4.0,1.5603448275862069,0.0,
NULL 65,45.0,50.0,7.436974789915967,0.0,9.0,26.0,7.846153846153846,0.0,7.0,31.0,9.852713178294573,0.0,7.0,24.0,8.225,0.0,31.0,26.0,14.551724137931034,0.0,
NULL 66,3.0,8.0,1.504201680672269,0.0,0.0,3.0,0.75,0.0,0.0,4.0,1.178294573643411,0.0,0.0,4.0,1.05,0.0,1.0,8.0,2.9827586206896552,0.0,
NULL 67,66.0,78.0,8.453781512605042,0.0,34.0,100.0,28.25,0.0,0.0,28.0,6.9147286821705425,0.0,64.0,61.0,30.85,0.0,199.0,105.0,68.12931034482759,0.0,
NULL 68,91.0,53.0,12.058823529411764,0.0,1.0,18.0,5.038461538461538,0.0,2.0,31.0,8.984496124031008,0.0,51.0,28.0,20.075,0.0,7.0,30.0,9.672413793103448,0.0,
NULL 69,29.0,26.0,3.73109243697479,0.0,1.0,23.0,6.038461538461538,0.0,0.0,12.0,3.356589147286822,0.0,0.0,10.0,2.625,0.0,8.0,19.0,6.7844827586206895,0.0,
NULL 70,94.0,94.0,12.630252100840336,0.0,10.0,45.0,12.192307692307692,0.0,0.0,26.0,6.891472868217054,0.0,16.0,42.0,14.575,0.0,140.0,95.0,55.18103448275862,0.0,
NULL 71,79.0,80.0,9.302521008403362,0.0,20.0,83.0,22.673076923076923,0.0,3.0,36.0,9.775193798449612,0.0,15.0,54.0,17.125,0.0,217.0,89.0,68.45689655172414,0.0,
NULL 72,13.0,26.0,3.588235294117647,0.0,6.0,20.0,6.519230769230769,0.0,3.0,24.0,7.24031007751938,0.0,0.0,12.0,3.225,0.0,5.0,11.0,4.439655172413793,0.0,
NULL 73,1.0,21.0,2.504201680672269,0.0,0.0,1.0,0.23076923076923078,0.0,0.0,11.0,3.10077519379845,0.0,9.0,10.0,5.325,0.0,27.0,17.0,11.724137931034482,0.0,
NULL 74,60.0,38.0,8.336134453781513,0.0,0.0,15.0,3.8653846153846154,0.0,0.0,19.0,5.4728682170542635,0.0,59.0,22.0,20.975,0.0,4.0,18.0,6.482758620689655,0.0,
NULL 75,0.0,11.0,1.1596638655462186,0.0,0.0,1.0,0.23076923076923078,0.0,0.0,3.0,1.0310077519379846,0.0,1.0,5.0,1.575,0.0,21.0,12.0,9.206896551724139,0.0,
NULL 76,7.0,17.0,2.3781512605042017,0.0,0.0,4.0,0.9615384615384616,0.0,0.0,5.0,1.3875968992248062,0.0,0.0,5.0,1.275,0.0,9.0,16.0,6.922413793103448,0.0,
NULL 77,52.0,59.0,6.563025210084033,0.0,16.0,44.0,13.173076923076923,0.0,0.0,18.0,4.565891472868217,0.0,1.0,27.0,7.375,0.0,45.0,58.0,23.75862068965517,0.0,
NULL 78,3.0,18.0,2.4789915966386555,0.0,0.0,1.0,0.23076923076923078,0.0,0.0,11.0,3.10077519379845,0.0,8.0,10.0,5.125,0.0,22.0,14.0,9.879310344827585,0.0,
NULL 79,60.0,76.0,8.739495798319327,0.0,22.0,80.0,21.673076923076923,0.0,0.0,29.0,7.069767441860465,0.0,10.0,55.0,17.15,0.0,205.0,97.0,67.77586206896552,0.0,
NULL 80,260.0,164.0,27.218487394957982,0.0,71.0,130.0,42.61538461538461,0.0,31.0,97.0,30.976744186046513,0.0,279.0,105.0,90.025,0.0,243.0,130.0,85.00862068965517,0.0,
NULL 81,3.0,8.0,1.2016806722689075,0.0,0.0,1.0,0.23076923076923078,0.0,0.0,1.0,0.4496124031007752,0.0,1.0,3.0,0.925,0.0,6.0,9.0,4.405172413793103,0.0,
NULL 82,31.0,32.0,4.050420168067227,0.0,0.0,17.0,4.019230769230769,0.0,0.0,6.0,1.4883720930232558,0.0,0.0,10.0,2.725,0.0,15.0,29.0,10.991379310344827,0.0,
NULL 83,4.0,6.0,0.680672268907563,0.0,0.0,4.0,1.0384615384615385,0.0,0.0,2.0,0.4108527131782946,0.0,0.0,3.0,0.675,0.0,1.0,5.0,1.603448275862069,0.0,
NULL 84,71.0,101.0,10.647058823529411,0.0,81.0,144.0,47.82692307692308,0.0,25.0,75.0,24.68217054263566,0.0,28.0,74.0,25.125,0.0,203.0,99.0,67.45689655172414,0.0,
NULL 85,72.0,99.0,11.159663865546218,0.0,81.0,142.0,47.09615384615385,0.0,11.0,63.0,18.82170542635659,0.0,144.0,80.0,54.475,0.0,156.0,93.0,56.577586206896555,0.0,
NULL 86,22.0,42.0,4.53781512605042,0.0,32.0,85.0,25.153846153846153,0.0,4.0,25.0,7.891472868217054,0.0,45.0,45.0,22.55,0.0,123.0,67.0,43.48275862068966,0.0,
NULL 87,72.0,98.0,11.369747899159664,0.0,91.0,140.0,48.92307692307692,0.0,25.0,84.0,27.25581395348837,0.0,9.0,67.0,19.45,0.0,183.0,86.0,60.706896551724135,0.0,
NULL 88,1.0,4.0,0.7226890756302521,0.0,0.0,1.0,0.23076923076923078,0.0,0.0,1.0,0.4496124031007752,0.0,0.0,1.0,0.225,0.0,0.0,4.0,1.5603448275862069,0.0,
NULL 89,1.0,3.0,0.6302521008403361,0.0,0.0,1.0,0.23076923076923078,0.0,0.0,1.0,0.4496124031007752,0.0,0.0,2.0,0.475,0.0,1.0,3.0,1.3879310344827587,0.0,
NULL 90,26.0,46.0,5.3277310924369745,0.0,3.0,29.0,7.519230769230769,0.0,0.0,21.0,5.449612403100775,0.0,18.0,25.0,11.6,0.0,55.0,42.0,23.439655172413794,0.0,
NULL 91,74.0,94.0,9.966386554621849,0.0,74.0,119.0,40.76923076923077,0.0,17.0,60.0,19.511627906976745,0.0,43.0,67.0,27.65,0.0,147.0,79.0,50.85344827586207,0.0,
NULL 92,1.0,0.0,0.05042016806722689,0.0,0.0,0.0,0.0,0.0,0.0,0.0,0.0,0.0,0.0,0.0,0.0,0.0,0.0,0.0,0.0,0.0,
NULL 93,0.0,1.0,0.4369747899159664,0.0,0.0,1.0,0.23076923076923078,0.0,0.0,1.0,0.4496124031007752,0.0,0.0,1.0,0.225,0.0,0.0,1.0,0.5689655172413793,0.0,
NULL 94,3.0,18.0,2.4789915966386555,0.0,0.0,1.0,0.23076923076923078,0.0,0.0,11.0,3.10077519379845,0.0,8.0,10.0,5.125,0.0,22.0,14.0,9.879310344827585,0.0,
NULL 95,0.0,9.0,1.050420168067227,0.0,0.0,1.0,0.23076923076923078,0.0,0.0,3.0,1.0310077519379846,0.0,0.0,3.0,0.875,0.0,12.0,9.0,6.060344827586207,0.0,
NULL 97,1.0,1.0,0.14285714285714285,0.0,0.0,0.0,0.0,0.0,0.0,0.0,0.0,0.0,0.0,0.0,0.0,0.0,0.0,1.0,0.5,0.0,
NULL 98,71.0,75.0,10.865546218487395,0.0,17.0,77.0,20.692307692307693,0.0,4.0,41.0,11.511627906976743,0.0,60.0,58.0,28.875,0.0,111.0,88.0,46.58620689655172,0.0,
NULL 99,33.0,30.0,3.865546218487395,0.0,2.0,20.0,5.019230769230769,0.0,0.0,10.0,2.364341085271318,0.0,24.0,14.0,9.875,0.0,5.0,23.0,7.181034482758621,0.0,
NULL 100,0.0,3.0,0.5882352941176471,0.0,0.0,1.0,0.23076923076923078,0.0,0.0,1.0,0.4496124031007752,0.0,0.0,1.0,0.225,0.0,0.0,3.0,1.3448275862068966,0.0,
NULL 101,0.0,6.0,0.7310924369747899,0.0,0.0,1.0,0.23076923076923078,0.0,0.0,1.0,0.4496124031007752,0.0,0.0,1.0,0.225,0.0,6.0,6.0,3.4310344827586206,0.0,
NULL 102,67.0,51.0,8.991596638655462,0.0,2.0,22.0,5.403846153846154,0.0,0.0,22.0,5.410852713178294,0.0,7.0,18.0,6.575,0.0,49.0,48.0,23.853448275862068,0.0,
NULL 103,23.0,47.0,4.8655462184873945,0.0,9.0,60.0,15.173076923076923,0.0,0.0,12.0,3.054263565891473,0.0,7.0,34.0,10.15,0.0,151.0,74.0,51.03448275862069,0.0,
NULL 104,2.0,3.0,0.8487394957983193,0.0,0.0,1.0,0.23076923076923078,0.0,0.0,2.0,0.7286821705426356,0.0,0.0,2.0,0.45,0.0,0.0,2.0,0.7844827586206896,0.0,
NULL 105,6.0,22.0,2.453781512605042,0.0,5.0,18.0,5.365384615384615,0.0,0.0,10.0,2.9844961240310077,0.0,11.0,17.0,7.475,0.0,5.0,16.0,5.732758620689655,0.0,
NULL 106,107.0,123.0,16.084033613445378,0.0,86.0,126.0,45.13461538461539,0.0,10.0,74.0,20.88372093023256,0.0,57.0,83.0,33.7,0.0,185.0,121.0,70.07758620689656,0.0,
NULL 107,35.0,74.0,7.235294117647059,0.0,40.0,82.0,26.46153846153846,0.0,18.0,43.0,15.24031007751938,0.0,31.0,53.0,20.475,0.0,135.0,68.0,46.775862068965516,0.0,
NULL 108,0.0,7.0,0.773109243697479,0.0,0.0,1.0,0.23076923076923078,0.0,0.0,1.0,0.4496124031007752,0.0,0.0,2.0,0.5,0.0,3.0,7.0,3.1724137931034484,0.0,
NULL 109,25.0,27.0,3.504201680672269,0.0,2.0,21.0,5.365384615384615,0.0,0.0,8.0,1.7829457364341086,0.0,0.0,10.0,2.7,0.0,33.0,28.0,14.46551724137931,0.0,
NULL 111,1.0,21.0,2.504201680672269,0.0,0.0,1.0,0.23076923076923078,0.0,0.0,11.0,3.10077519379845,0.0,8.0,10.0,5.125,0.0,27.0,17.0,11.724137931034482,0.0,
NULL 112,84.0,96.0,13.15126050420168,0.0,43.0,95.0,29.653846153846153,0.0,8.0,51.0,15.124031007751938,0.0,50.0,60.0,26.9,0.0,177.0,101.0,63.275862068965516,0.0,
NULL 113,129.0,129.0,17.210084033613445,0.0,81.0,114.0,41.44230769230769,0.0,28.0,78.0,25.472868217054263,0.0,41.0,76.0,28.1,0.0,139.0,107.0,57.077586206896555,0.0,
NULL 114,195.0,121.0,21.48739495798319,0.0,43.0,98.0,30.076923076923077,0.0,10.0,65.0,18.728682170542637,0.0,162.0,77.0,57.8,0.0,179.0,115.0,67.25,0.0,
NULL 115,68.0,78.0,10.100840336134453,0.0,13.0,48.0,13.942307692307692,0.0,4.0,38.0,10.891472868217054,0.0,33.0,52.0,20.775,0.0,76.0,73.0,36.224137931034484,0.0,
NULL 116,124.0,140.0,17.680672268907564,0.0,92.0,136.0,47.82692307692308,0.0,41.0,98.0,33.17829457364341,0.0,44.0,92.0,32.95,0.0,179.0,120.0,69.1896551724138,0.0,
