Chatting 1,75.0,225.0,1.4201680672268908,47.075630252100844,44.0,233.0,1.9423076923076923,194.34615384615384,12.0,250.0,0.3488372093023256,182.51937984496124,50.0,250.0,3.25,294.925,79.0,284.0,2.9655172413793105,171.5344827586207,
Chatting 2,39.0,90.0,0.7310924369747899,36.285714285714285,28.0,84.0,1.1346153846153846,88.42307692307692,5.0,86.0,0.13953488372093023,108.89147286821705,15.0,77.0,0.875,139.15,37.0,98.0,1.1982758620689655,86.91379310344827,
Chatting 3,6.0,44.0,0.10084033613445378,26.03361344537815,1.0,36.0,0.038461538461538464,30.53846153846154,1.0,50.0,0.046511627906976744,42.51937984496124,0.0,43.0,0.0,83.3,5.0,52.0,0.27586206896551724,48.62068965517241,
Chatting 4,39.0,71.0,1.1512605042016806,23.327731092436974,8.0,74.0,0.3076923076923077,45.78846153846154,4.0,69.0,0.3798449612403101,56.89922480620155,28.0,85.0,1.6,60.875,3.0,63.0,0.10344827586206896,33.12068965517241,
Chatting 5,1.0,5.0,0.03361344537815126,3.1596638655462184,0.0,4.0,0.0,3.75,0.0,5.0,0.0,6.116279069767442,0.0,4.0,0.0,3.55,0.0,5.0,0.0,2.5258620689655173,
Chatting 6,17.0,53.0,0.31932773109243695,29.949579831932773,9.0,44.0,0.36538461538461536,64.25,7.0,53.0,0.18604651162790697,65.55038759689923,20.0,51.0,1.0,79.075,1.0,49.0,0.02586206896551724,39.69827586206897,
Chatting 7,0.0,9.0,0.0,3.4285714285714284,0.0,8.0,0.0,21.96153846153846,0.0,9.0,0.0,21.62015503875969,0.0,11.0,0.0,26.7,0.0,8.0,0.0,10.448275862068966,
Chatting 8,13.0,37.0,0.23529411764705882,25.89075630252101,4.0,34.0,0.17307692307692307,54.42307692307692,0.0,39.0,0.0,54.58139534883721,1.0,35.0,0.05,52.05,7.0,36.0,0.27586206896551724,40.39655172413793,
Chatting 9,3.0,20.0,0.06722689075630252,11.77310924369748,1.0,16.0,0.038461538461538464,14.615384615384615,0.0,21.0,0.0,31.86046511627907,5.0,16.0,0.25,12.125,0.0,19.0,0.0,19.267241379310345,
Chatting 10,19.0,37.0,0.3865546218487395,29.42016806722689,9.0,31.0,0.36538461538461536,66.32692307692308,5.0,37.0,0.13953488372093023,71.78294573643412,10.0,40.0,0.5,73.125,0.0,27.0,0.0,35.543103448275865,
Chatting 11,17.0,76.0,0.29411764705882354,31.73109243697479,35.0,82.0,1.4807692307692308,81.36538461538461,3.0,82.0,0.10077519379844961,86.85271317829458,7.0,66.0,0.4,126.9,6.0,83.0,0.15517241379310345,84.62068965517241,
Chatting 12,3.0,15.0,0.058823529411764705,2.168067226890756,0.0,13.0,0.0,2.8846153846153846,0.0,14.0,0.0,10.10077519379845,0.0,12.0,0.0,2.125,5.0,17.0,0.1810344827586207,4.956896551724138,
Chatting 13,52.0,99.0,0.907563025210084,38.78151260504202,17.0,109.0,0.6730769230769231,152.09615384615384,4.0,122.0,0.09302325581395349,156.24806201550388,18.0,121.0,1.05,236.65,5.0,128.0,0.25,140.39655172413794,
Chatting 14,9.0,37.0,0.15966386554621848,4.73109243697479,3.0,61.0,0.23076923076923078,21.826923076923077,0.0,63.0,0.0,30.527131782945737,1.0,56.0,0.05,97.925,6.0,76.0,0.3620689655172414,49.21551724137931,
Chatting 15,0.0,3.0,0.0,0.5042016806722689,0.0,3.0,0.0,1.5961538461538463,0.0,3.0,0.0,2.1627906976744184,0.0,2.0,0.0,1.8,0.0,3.0,0.0,0.5517241379310345,
Chatting 16,54.0,117.0,0.9327731092436975,35.831932773109244,7.0,122.0,0.2692307692307692,135.46153846153845,7.0,125.0,0.23255813953488372,121.48062015503876,27.0,148.0,1.55,202.075,20.0,151.0,0.5603448275862069,126.03448275862068,
Chatting 17,59.0,144.0,1.0672268907563025,41.88235294117647,34.0,150.0,1.4038461538461537,184.65384615384616,12.0,157.0,0.3875968992248062,177.37209302325581,27.0,139.0,1.475,222.825,20.0,156.0,0.9137931034482759,136.25,
Chatting 18,12.0,40.0,0.21008403361344538,17.403361344537814,0.0,34.0,0.0,21.73076923076923,1.0,42.0,0.023255813953488372,31.248062015503876,5.0,34.0,0.25,21.9,11.0,44.0,0.39655172413793105,19.112068965517242,
Chatting 19,0.0,12.0,0.0,1.7226890756302522,0.0,13.0,0.0,3.9038461538461537,0.0,21.0,0.0,15.69767441860465,0.0,17.0,0.0,63.925,1.0,20.0,0.14655172413793102,19.939655172413794,
Chatting 20,7.0,23.0,0.12605042016806722,14.084033613445378,5.0,24.0,0.21153846153846154,38.61538461538461,0.0,25.0,0.0,48.031007751937985,1.0,24.0,0.05,50.65,2.0,22.0,0.05172413793103448,23.301724137931036,
Chatting 21,3.0,23.0,0.058823529411764705,14.546218487394958,1.0,20.0,0.038461538461538464,11.98076923076923,0.0,21.0,0.0,23.007751937984494,0.0,19.0,0.0,14.275,0.0,22.0,0.0,15.241379310344827,
Chatting 22,46.0,113.0,0.8403361344537815,22.33613445378151,14.0,101.0,0.5769230769230769,62.59615384615385,15.0,122.0,0.7596899224806202,77.7751937984496,29.0,104.0,1.65,83.3,4.0,105.0,0.22413793103448276,52.060344827586206,
Chatting 23,19.0,83.0,0.33613445378151263,23.58823529411765,20.0,104.0,0.9038461538461539,62.53846153846154,2.0,102.0,0.05426356589147287,63.5968992248062,3.0,82.0,0.175,141.375,7.0,107.0,0.23275862068965517,75.65517241379311,
Chatting 24,110.0,194.0,2.0672268907563027,41.865546218487395,18.0,161.0,0.6923076923076923,135.5,7.0,175.0,0.18604651162790697,136.72093023255815,115.0,222.0,7.075,253.525,101.0,247.0,3.206896551724138,162.20689655172413,
Chatting 25,0.0,22.0,0.0,2.142857142857143,8.0,38.0,0.4807692307692308,6.365384615384615,0.0,34.0,0.0,7.984496124031008,0.0,27.0,0.0,16.55,1.0,35.0,0.02586206896551724,7.724137931034483,
Chatting 26,3.0,59.0,0.058823529411764705,4.722689075630252,3.0,63.0,0.23076923076923078,26.96153846153846,1.0,84.0,0.06976744186046512,37.01550387596899,0.0,54.0,0.0,86.425,4.0,71.0,1.043103448275862,34.16379310344828,
Chatting 27,50.0,85.0,0.9663865546218487,33.23529411764706,12.0,91.0,0.46153846153846156,92.59615384615384,3.0,95.0,0.13178294573643412,93.89922480620154,8.0,97.0,0.5,180.225,13.0,111.0,0.3706896551724138,86.6896551724138,
Chatting 28,83.0,190.0,1.453781512605042,48.42016806722689,45.0,220.0,1.8076923076923077,231.96153846153845,21.0,238.0,0.6589147286821705,197.45736434108528,67.0,230.0,3.8,324.825,42.0,247.0,1.7155172413793103,173.99137931034483,
Chatting 29,24.0,64.0,0.453781512605042,27.873949579831933,9.0,71.0,0.4423076923076923,88.11538461538461,0.0,68.0,0.0,79.23255813953489,4.0,60.0,0.2,87.475,4.0,76.0,0.10344827586206896,49.724137931034484,
Chatting 30,103.0,217.0,1.7899159663865547,47.33613445378151,70.0,259.0,2.923076923076923,207.1346153846154,20.0,271.0,0.9457364341085271,192.30232558139534,78.0,267.0,4.35,294.4,83.0,295.0,3.603448275862069,169.10344827586206,
Chatting 31,0.0,24.0,0.0,3.5294117647058822,0.0,29.0,0.0,11.653846153846153,0.0,37.0,0.0,14.775193798449612,2.0,31.0,0.1,24.4,1.0,32.0,0.14655172413793102,11.53448275862069,
Chatting 32,49.0,104.0,0.907563025210084,38.109243697478995,18.0,114.0,0.7115384615384616,145.69230769230768,2.0,119.0,0.05426356589147287,130.72093023255815,35.0,118.0,1.95,151.1,8.0,124.0,0.49137931034482757,87.6896551724138,
Chatting 33,21.0,93.0,0.4117647058823529,23.050420168067227,11.0,88.0,0.4423076923076923,105.92307692307692,4.0,107.0,0.14728682170542637,104.92248062015504,19.0,101.0,1.15,147.425,9.0,99.0,0.2672413793103448,83.92241379310344,
Chatting 34,46.0,97.0,0.8067226890756303,16.638655462184875,5.0,112.0,0.3076923076923077,42.69230769230769,4.0,116.0,0.17054263565891473,49.89922480620155,7.0,103.0,0.4,130.975,18.0,129.0,0.5603448275862069,64.41379310344827,
Chatting 35,32.0,108.0,0.5630252100840336,35.63025210084034,27.0,106.0,1.1730769230769231,122.36538461538461,2.0,120.0,0.09302325581395349,132.09302325581396,8.0,94.0,0.4,123.125,6.0,108.0,0.5689655172413793,78.19827586206897,
Chatting 36,34.0,87.0,0.6218487394957983,32.42016806722689,14.0,92.0,0.5384615384615384,136.0,9.0,96.0,0.8604651162790697,113.72868217054264,17.0,87.0,0.9,110.5,1.0,80.0,0.02586206896551724,58.46551724137931,
Chatting 37,11.0,29.0,0.20168067226890757,4.100840336134453,0.0,29.0,0.0,14.73076923076923,0.0,31.0,0.0,26.705426356589147,0.0,33.0,0.0,17.9,0.0,34.0,0.0,11.655172413793103,
Chatting 38,0.0,12.0,0.0,0.8571428571428571,1.0,8.0,0.07692307692307693,1.8076923076923077,0.0,12.0,0.0,10.108527131782946,0.0,9.0,0.0,1.55,0.0,8.0,0.0,2.9741379310344827,
Chatting 39,19.0,44.0,0.35294117647058826,26.915966386554622,3.0,39.0,0.11538461538461539,54.65384615384615,1.0,39.0,0.023255813953488372,65.68992248062015,7.0,37.0,0.35,54.625,7.0,40.0,0.3017241379310345,33.991379310344826,
Chatting 40,14.0,54.0,0.2605042016806723,28.176470588235293,4.0,49.0,0.15384615384615385,66.46153846153847,0.0,55.0,0.0,72.68992248062015,2.0,51.0,0.125,72.15,5.0,51.0,0.3017241379310345,40.51724137931034,
Chatting 41,0.0,6.0,0.0,1.915966386554622,0.0,3.0,0.0,1.25,0.0,5.0,0.0,8.310077519379846,0.0,3.0,0.0,1.4,0.0,3.0,0.0,2.793103448275862,
Chatting 42,2.0,14.0,0.03361344537815126,0.773109243697479,0.0,18.0,0.0,1.3653846153846154,2.0,26.0,0.08527131782945736,8.387596899224807,0.0,13.0,0.0,1.575,4.0,22.0,0.47413793103448276,3.8620689655172415,
Chatting 43,24.0,67.0,0.453781512605042,24.428571428571427,2.0,51.0,0.07692307692307693,34.05769230769231,0.0,54.0,0.0,44.97674418604651,9.0,63.0,0.6,50.575,14.0,69.0,0.5172413793103449,29.836206896551722,
Chatting 44,5.0,15.0,0.17647058823529413,2.7394957983193278,0.0,19.0,0.0,4.326923076923077,0.0,23.0,0.0,10.162790697674419,0.0,24.0,0.0,13.15,3.0,24.0,0.11206896551724138,5.551724137931035,
Chatting 45,0.0,42.0,0.0,6.873949579831932,0.0,50.0,0.0,38.55769230769231,4.0,61.0,0.40310077519379844,33.85271317829457,4.0,58.0,0.2,53.5,5.0,59.0,0.16379310344827586,18.120689655172413,
Chatting 46,81.0,111.0,1.8067226890756303,23.974789915966387,21.0,91.0,0.8269230769230769,105.28846153846153,5.0,104.0,0.4186046511627907,85.17829457364341,55.0,119.0,3.175,130.4,28.0,102.0,1.0344827586206897,55.827586206896555,
Chatting 47,107.0,92.0,2.361344537815126,16.722689075630253,25.0,82.0,1.1538461538461537,30.365384615384617,15.0,91.0,0.875968992248062,35.84496124031008,22.0,86.0,1.175,38.95,6.0,69.0,0.20689655172413793,23.189655172413794,
Chatting 48,13.0,24.0,0.3025210084033613,5.689075630252101,0.0,16.0,0.0,8.557692307692308,0.0,19.0,0.0,13.054263565891473,3.0,26.0,0.2,14.15,3.0,20.0,0.11206896551724138,6.198275862068965,
Chatting 49,43.0,66.0,1.1596638655462186,15.579831932773109,3.0,39.0,0.11538461538461539,21.557692307692307,11.0,51.0,0.3023255813953488,30.72093023255814,27.0,65.0,1.575,28.85,0.0,45.0,0.0,16.43103448275862,
Chatting 50,46.0,53.0,1.0588235294117647,26.529411764705884,8.0,46.0,0.3076923076923077,46.11538461538461,2.0,54.0,0.32558139534883723,57.89922480620155,4.0,56.0,0.25,54.725,6.0,51.0,0.2413793103448276,29.70689655172414,
Chatting 51,29.0,49.0,0.8991596638655462,13.369747899159664,5.0,30.0,0.19230769230769232,14.75,3.0,35.0,0.3643410852713178,24.24031007751938,20.0,50.0,1.05,15.65,0.0,31.0,0.0,12.956896551724139,
Chatting 52,0.0,14.0,0.0,1.5630252100840336,1.0,18.0,0.038461538461538464,4.769230769230769,0.0,14.0,0.0,6.2015503875969,1.0,22.0,0.1,22.925,0.0,24.0,0.0,10.982758620689655,
Chatting 53,32.0,75.0,0.8067226890756303,17.521008403361346,13.0,79.0,0.5769230769230769,70.38461538461539,9.0,83.0,0.7829457364341085,58.248062015503876,21.0,79.0,1.125,75.975,14.0,66.0,0.4482758620689655,42.922413793103445,
Chatting 54,0.0,3.0,0.0,0.9747899159663865,0.0,3.0,0.0,1.4230769230769231,0.0,2.0,0.0,2.7829457364341086,0.0,3.0,0.0,1.25,0.0,2.0,0.0,0.9310344827586207,
Chatting 55,0.0,9.0,0.0,1.5294117647058822,0.0,10.0,0.0,2.75,0.0,9.0,0.0,5.372093023255814,0.0,12.0,0.0,11.375,0.0,12.0,0.0,4.086206896551724,
Chatting 56,4.0,29.0,0.13445378151260504,2.80672268907563,1.0,47.0,0.038461538461538464,8.23076923076923,9.0,46.0,0.4728682170542636,11.689922480620154,2.0,38.0,0.1,19.7,5.0,44.0,0.23275862068965517,8.094827586206897,
Chatting 57,14.0,53.0,0.31932773109243695,8.840336134453782,0.0,55.0,0.0,31.634615384615383,0.0,54.0,0.0,29.651162790697676,13.0,72.0,0.875,85.075,30.0,72.0,1.043103448275862,44.060344827586206,
Chatting 58,21.0,65.0,0.4369747899159664,27.201680672268907,3.0,47.0,0.11538461538461539,27.346153846153847,8.0,56.0,0.23255813953488372,38.054263565891475,19.0,69.0,1.15,42.125,26.0,73.0,0.9741379310344828,23.905172413793103,
Chatting 59,6.0,17.0,0.19327731092436976,2.6134453781512605,2.0,27.0,0.07692307692307693,7.096153846153846,5.0,31.0,0.27906976744186046,10.116279069767442,2.0,28.0,0.1,14.8,0.0,21.0,0.0,5.974137931034483,
Chatting 60,0.0,3.0,0.0,0.9747899159663865,0.0,3.0,0.0,1.4230769230769231,0.0,2.0,0.0,2.7829457364341086,0.0,3.0,0.0,1.25,0.0,2.0,0.0,0.9310344827586207,
Chatting 61,1.0,8.0,0.01680672268907563,1.5546218487394958,0.0,9.0,0.0,2.5,0.0,10.0,0.0,4.325581395348837,0.0,11.0,0.0,5.475,2.0,12.0,0.0603448275862069,3.1982758620689653,
Chatting 62,0.0,8.0,0.0,1.8907563025210083,0.0,15.0,0.0,3.8461538461538463,1.0,17.0,0.05426356589147287,8.015503875968992,3.0,20.0,0.15,17.575,0.0,17.0,0.0,4.525862068965517,
Chatting 63,0.0,8.0,0.0,1.7983193277310925,2.0,10.0,0.07692307692307693,2.8461538461538463,3.0,11.0,0.13953488372093023,5.434108527131783,0.0,12.0,0.0,5.875,0.0,9.0,0.0,2.336206896551724,
Chatting 64,57.0,113.0,1.2352941176470589,34.05882352941177,34.0,85.0,1.3461538461538463,68.82692307692308,23.0,98.0,1.0387596899224807,78.59689922480621,69.0,111.0,3.875,73.575,8.0,84.0,0.23275862068965517,46.28448275862069,
Chatting 65,0.0,23.0,0.0,3.1848739495798317,0.0,26.0,0.0,6.6923076923076925,1.0,26.0,0.29457364341085274,12.372093023255815,0.0,29.0,0.0,18.65,3.0,28.0,0.08620689655172414,8.344827586206897,
Chatting 66,39.0,58.0,1.1932773109243697,14.882352941176471,5.0,39.0,0.19230769230769232,20.01923076923077,7.0,45.0,0.5271317829457365,25.34108527131783,20.0,59.0,1.075,29.525,4.0,38.0,0.13793103448275862,20.32758620689655,
Chatting 67,125.0,184.0,2.7478991596638656,39.596638655462186,14.0,165.0,0.5384615384615384,149.07692307692307,12.0,172.0,0.6124031007751938,115.98449612403101,97.0,223.0,5.4,189.05,72.0,195.0,2.4741379310344827,88.89655172413794,
Chatting 68,13.0,56.0,0.2689075630252101,15.764705882352942,2.0,47.0,0.07692307692307693,34.46153846153846,2.0,60.0,0.08527131782945736,38.5968992248062,5.0,53.0,0.275,72.475,12.0,63.0,0.5086206896551724,46.4051724137931,
Chatting 69,44.0,104.0,0.8991596638655462,18.798319327731093,5.0,104.0,0.19230769230769232,59.76923076923077,4.0,119.0,0.6589147286821705,78.18604651162791,18.0,121.0,1.225,81.25,16.0,104.0,0.6120689655172413,49.05172413793103,
Chatting 70,44.0,81.0,0.9243697478991597,30.30252100840336,5.0,66.0,0.2692307692307692,38.67307692307692,13.0,94.0,0.9457364341085271,64.62790697674419,20.0,79.0,1.075,38.45,5.0,62.0,0.14655172413793102,29.413793103448278,
Chatting 71,6.0,59.0,0.10084033613445378,5.529411764705882,0.0,57.0,0.0,19.576923076923077,6.0,79.0,0.7054263565891473,35.689922480620154,4.0,68.0,0.2,36.925,10.0,62.0,0.5775862068965517,20.68103448275862,
Chatting 72,54.0,132.0,1.0084033613445378,36.81512605042017,24.0,127.0,1.0,117.92307692307692,19.0,138.0,1.5116279069767442,116.27906976744185,31.0,122.0,1.75,132.175,25.0,121.0,0.8879310344827587,74.08620689655173,
Chatting 73,7.0,51.0,0.17647058823529413,5.563025210084033,0.0,47.0,0.0,18.576923076923077,6.0,67.0,0.5271317829457365,28.11627906976744,1.0,43.0,0.075,21.4,3.0,49.0,0.5862068965517241,12.939655172413794,
Chatting 74,10.0,46.0,0.19327731092436976,25.294117647058822,2.0,41.0,0.07692307692307693,28.884615384615383,3.0,49.0,0.13178294573643412,35.372093023255815,0.0,39.0,0.0,34.55,2.0,43.0,0.1724137931034483,21.267241379310345,
Chatting 75,0.0,19.0,0.0,14.823529411764707,0.0,17.0,0.0,13.98076923076923,0.0,20.0,0.0,21.782945736434108,0.0,20.0,0.0,9.35,1.0,17.0,0.04310344827586207,10.474137931034482,
Chatting 76,2.0,25.0,0.03361344537815126,15.411764705882353,0.0,23.0,0.0,17.884615384615383,0.0,31.0,0.0,32.4031007751938,0.0,29.0,0.0,14.55,1.0,20.0,0.034482758620689655,15.35344827586207,
Chatting 77,21.0,54.0,0.37815126050420167,14.252100840336135,2.0,47.0,0.07692307692307693,57.36538461538461,6.0,52.0,0.7209302325581395,62.89922480620155,9.0,48.0,0.525,65.975,5.0,47.0,0.12931034482758622,35.78448275862069,
Chatting 78,52.0,93.0,1.0924369747899159,15.61344537815126,2.0,55.0,0.07692307692307693,20.48076923076923,5.0,66.0,0.14728682170542637,27.209302325581394,0.0,71.0,0.0,30.025,36.0,99.0,1.2586206896551724,25.267241379310345,
Chatting 79,68.0,143.0,1.2521008403361344,15.235294117647058,16.0,133.0,0.6923076923076923,62.75,11.0,134.0,0.9224806201550387,61.53488372093023,50.0,164.0,2.8,99.5,38.0,157.0,1.4137931034482758,45.3448275862069,
Chatting 80,28.0,67.0,0.5126050420168067,17.764705882352942,2.0,64.0,0.07692307692307693,46.03846153846154,1.0,67.0,0.031007751937984496,53.666666666666664,0.0,73.0,0.0,85.325,15.0,83.0,0.5775862068965517,47.991379310344826,
Chatting 81,1.0,20.0,0.01680672268907563,1.915966386554622,0.0,14.0,0.0,3.326923076923077,1.0,28.0,0.29457364341085274,15.782945736434108,0.0,22.0,0.0,9.3,1.0,23.0,0.034482758620689655,6.646551724137931,
Chatting 82,61.0,139.0,1.134453781512605,20.025210084033613,6.0,113.0,0.23076923076923078,34.36538461538461,6.0,95.0,0.18604651162790697,34.07751937984496,40.0,153.0,2.35,101.2,117.0,174.0,4.267241379310345,61.87931034482759,
Chatting 83,132.0,157.0,2.403361344537815,23.6218487394958,25.0,149.0,1.0576923076923077,89.96153846153847,20.0,169.0,1.0,82.47286821705427,32.0,145.0,1.825,89.7,11.0,164.0,0.3879310344827586,54.98275862068966,
Chatting 84,6.0,23.0,0.16806722689075632,3.302521008403361,0.0,22.0,0.0,7.019230769230769,1.0,29.0,0.10852713178294573,11.193798449612403,0.0,22.0,0.0,13.2,2.0,26.0,0.07758620689655173,7.051724137931035,
Chatting 85,53.0,93.0,1.218487394957983,24.58823529411765,2.0,78.0,0.07692307692307693,49.26923076923077,13.0,97.0,0.9844961240310077,54.4031007751938,19.0,86.0,1.1,53.45,9.0,90.0,0.8620689655172413,30.07758620689655,
Chatting 86,14.0,37.0,0.33613445378151263,18.65546218487395,2.0,28.0,0.07692307692307693,22.096153846153847,1.0,38.0,0.17054263565891473,35.434108527131784,0.0,40.0,0.0,29.125,2.0,29.0,0.08620689655172414,13.862068965517242,
Chatting 87,16.0,30.0,0.3445378151260504,2.680672268907563,0.0,24.0,0.0,4.038461538461538,0.0,27.0,0.0,7.248062015503876,0.0,22.0,0.0,3.475,9.0,39.0,0.3103448275862069,6.836206896551724,
Chatting 88,34.0,39.0,0.6890756302521008,6.26890756302521,0.0,36.0,0.0,18.692307692307693,6.0,43.0,0.3488372093023256,20.844961240310077,23.0,46.0,1.5,28.1,1.0,39.0,0.02586206896551724,11.422413793103448,
Chatting 89,131.0,134.0,2.80672268907563,34.403361344537814,23.0,120.0,0.9423076923076923,134.34615384615384,16.0,128.0,0.9534883720930233,85.65116279069767,51.0,140.0,2.8,148.375,8.0,126.0,0.3706896551724138,62.53448275862069,
Chatting 90,138.0,144.0,2.9243697478991595,33.73109243697479,16.0,102.0,0.6538461538461539,44.34615384615385,7.0,110.0,0.4883720930232558,51.1937984496124,63.0,145.0,3.425,73.05,45.0,121.0,1.603448275862069,38.5948275862069,
Chatting 91,20.0,52.0,0.4957983193277311,25.34453781512605,10.0,55.0,0.46153846153846156,48.61538461538461,16.0,60.0,1.4651162790697674,59.4031007751938,17.0,59.0,0.875,56.725,2.0,49.0,0.06896551724137931,35.94827586206897,
Chatting 92,80.0,69.0,1.7899159663865547,7.773109243697479,29.0,57.0,1.2692307692307692,26.596153846153847,3.0,64.0,0.43410852713178294,27.45736434108527,10.0,56.0,0.575,35.525,4.0,57.0,0.11206896551724138,18.49137931034483,
Chatting 93,62.0,156.0,1.1008403361344539,38.39495798319328,15.0,126.0,0.6153846153846154,92.13461538461539,12.0,149.0,0.3875968992248062,107.24031007751938,59.0,136.0,3.15,152.125,61.0,162.0,2.4224137931034484,95.16379310344827,
Chatting 94,136.0,155.0,2.5294117647058822,38.075630252100844,29.0,125.0,1.2307692307692308,84.36538461538461,20.0,132.0,0.9147286821705426,87.08527131782945,73.0,154.0,3.95,92.85,30.0,142.0,1.103448275862069,51.91379310344828,
Chatting 95,0.0,22.0,0.0,14.22689075630252,1.0,27.0,0.038461538461538464,13.711538461538462,0.0,32.0,0.0,24.232558139534884,1.0,25.0,0.05,26.85,2.0,29.0,0.5775862068965517,14.741379310344827,
Chatting 96,107.0,97.0,1.915966386554622,32.0,11.0,65.0,0.46153846153846156,49.59615384615385,10.0,69.0,0.27906976744186046,59.72093023255814,29.0,85.0,1.725,50.175,22.0,84.0,0.8448275862068966,38.64655172413793,
Chatting 97,29.0,45.0,0.7226890756302521,7.907563025210084,7.0,50.0,0.3076923076923077,24.5,1.0,58.0,0.023255813953488372,33.14728682170543,2.0,52.0,0.1,36.025,5.0,48.0,0.15517241379310345,18.45689655172414,
Chatting 98,13.0,31.0,0.3025210084033613,7.798319327731092,1.0,22.0,0.038461538461538464,25.346153846153847,1.0,26.0,0.29457364341085274,36.37984496124031,6.0,32.0,0.325,19.8,1.0,22.0,0.02586206896551724,17.517241379310345,
Chatting 99,24.0,65.0,0.4957983193277311,28.73109243697479,2.0,56.0,0.07692307692307693,72.11538461538461,5.0,66.0,0.6666666666666666,86.14728682170542,10.0,64.0,0.575,84.275,2.0,51.0,0.0603448275862069,43.672413793103445,
Chatting 100,46.0,62.0,0.9663865546218487,10.630252100840336,7.0,51.0,0.3076923076923077,58.46153846153846,7.0,60.0,0.2558139534883721,41.78294573643411,23.0,60.0,1.45,59.65,4.0,68.0,0.19827586206896552,28.948275862068964,
Chatting 101,84.0,72.0,1.9747899159663866,9.61344537815126,3.0,65.0,0.1346153846153846,51.34615384615385,21.0,75.0,1.0930232558139534,40.01550387596899,17.0,70.0,1.05,61.15,4.0,57.0,0.1724137931034483,29.07758620689655,
Chatting 102,76.0,144.0,1.5798319327731092,32.15126050420168,17.0,112.0,0.6730769230769231,79.5576923076923,11.0,131.0,0.4108527131782946,65.53488372093024,36.0,140.0,1.9,84.775,71.0,173.0,3.0,66.73275862068965,
Chatting 103,19.0,67.0,0.3865546218487395,28.81512605042017,13.0,70.0,0.5384615384615384,101.75,8.0,77.0,0.5581395348837209,90.29457364341086,14.0,68.0,0.775,101.95,1.0,64.0,0.02586206896551724,46.98275862068966,
Chatting 104,14.0,34.0,0.23529411764705882,1.7394957983193278,2.0,50.0,0.17307692307692307,6.9423076923076925,11.0,62.0,0.7364341085271318,17.88372093023256,1.0,31.0,0.05,5.775,2.0,42.0,0.29310344827586204,5.232758620689655,
Chatting 105,2.0,15.0,0.03361344537815126,1.8403361344537814,0.0,15.0,0.0,3.730769230769231,0.0,19.0,0.0,15.674418604651162,0.0,18.0,0.0,5.375,1.0,20.0,0.034482758620689655,5.086206896551724,
Chatting 106,0.0,7.0,0.0,1.4789915966386555,0.0,5.0,0.0,2.173076923076923,0.0,5.0,0.0,5.682170542635659,0.0,6.0,0.0,1.85,0.0,6.0,0.0,2.25,
Chatting 107,0.0,13.0,0.0,1.6890756302521008,0.0,15.0,0.0,3.4038461538461537,0.0,19.0,0.0,14.30232558139535,0.0,15.0,0.0,3.025,2.0,17.0,0.29310344827586204,4.353448275862069,
Chatting 108,27.0,84.0,0.47058823529411764,10.806722689075631,10.0,92.0,0.5,61.19230769230769,6.0,102.0,0.8604651162790697,56.0,6.0,68.0,0.325,77.725,4.0,87.0,0.33620689655172414,31.53448275862069,
Chatting 109,29.0,38.0,0.9663865546218487,17.84873949579832,1.0,42.0,0.038461538461538464,20.884615384615383,3.0,41.0,0.3875968992248062,29.085271317829456,11.0,48.0,0.575,29.875,2.0,28.0,0.0603448275862069,13.71551724137931,
Chatting 110,147.0,153.0,3.2857142857142856,40.53781512605042,33.0,128.0,1.3461538461538463,161.17307692307693,12.0,140.0,0.6046511627906976,124.57364341085271,95.0,162.0,5.35,181.275,19.0,137.0,0.6551724137931034,79.27586206896552,
Chatting 111,0.0,19.0,0.0,1.1932773109243697,0.0,33.0,0.0,5.134615384615385,3.0,36.0,0.43410852713178294,15.496124031007753,0.0,32.0,0.0,11.7,2.0,36.0,0.1206896551724138,8.025862068965518,
Chatting 112,6.0,51.0,0.10084033613445378,6.92436974789916,12.0,57.0,0.5,28.153846153846153,1.0,69.0,0.3023255813953488,36.25581395348837,2.0,45.0,0.1,37.175,1.0,59.0,0.02586206896551724,18.96551724137931,
Chatting 113,13.0,46.0,0.25210084033613445,17.941176470588236,4.0,63.0,0.3269230769230769,31.115384615384617,0.0,63.0,0.0,44.47286821705426,4.0,52.0,0.2,28.975,5.0,53.0,0.1724137931034483,27.387931034482758,
Chatting 114,13.0,26.0,0.2605042016806723,25.470588235294116,2.0,25.0,0.07692307692307693,32.80769230769231,4.0,28.0,0.5891472868217055,49.37984496124031,0.0,25.0,0.0,26.7,2.0,18.0,0.1724137931034483,21.189655172413794,
Chatting 115,14.0,38.0,0.25210084033613445,3.563025210084034,2.0,38.0,0.17307692307692307,9.961538461538462,3.0,44.0,0.21705426356589147,18.046511627906977,1.0,28.0,0.05,6.725,0.0,39.0,0.0,8.560344827586206,
Chatting 116,33.0,73.0,0.5630252100840336,13.899159663865547,1.0,62.0,0.07692307692307693,28.365384615384617,4.0,65.0,0.13178294573643412,37.751937984496124,18.0,60.0,1.05,29.175,3.0,68.0,0.09482758620689655,25.137931034482758,
Chatting 117,3.0,32.0,0.058823529411764705,4.445378151260504,16.0,32.0,0.7884615384615384,10.788461538461538,1.0,32.0,0.031007751937984496,13.682170542635658,2.0,25.0,0.1,8.525,0.0,33.0,0.0,7.853448275862069,
Chatting 118,1.0,3.0,0.04201680672268908,0.6050420168067226,0.0,3.0,0.0,0.8846153846153846,1.0,4.0,0.03875968992248062,2.9844961240310077,0.0,3.0,0.0,0.75,0.0,3.0,0.0,1.2327586206896552,
Chatting 119,0.0,16.0,0.0,1.7226890756302522,4.0,34.0,0.15384615384615385,8.01923076923077,0.0,32.0,0.0,13.589147286821705,7.0,45.0,0.5,112.525,12.0,49.0,0.3620689655172414,35.689655172413794,
Discussion 1,52.0,134.0,0.957983193277311,38.35294117647059,114.0,165.0,4.980769230769231,162.46153846153845,30.0,162.0,1.1705426356589148,134.31782945736435,50.0,145.0,2.675,144.85,58.0,159.0,1.7672413793103448,80.25862068965517,
Discussion 2,26.0,114.0,0.48739495798319327,38.529411764705884,80.0,131.0,3.3653846153846154,157.67307692307693,29.0,138.0,1.573643410852713,136.46511627906978,93.0,142.0,5.35,133.175,18.0,133.0,0.5862068965517241,70.6896551724138,
Discussion 3,26.0,100.0,0.46218487394957986,37.411764705882355,64.0,109.0,2.8076923076923075,149.92307692307693,9.0,113.0,0.2558139534883721,145.3798449612403,32.0,126.0,1.9,244.15,43.0,134.0,1.3706896551724137,131.25,
Discussion 4,26.0,103.0,0.5042016806722689,35.32773109243698,69.0,128.0,3.1346153846153846,193.34615384615384,12.0,118.0,1.1317829457364341,145.30232558139534,15.0,117.0,0.825,172.2,21.0,112.0,0.5775862068965517,89.76724137931035,
Discussion 5,52.0,132.0,0.9159663865546218,36.831932773109244,78.0,152.0,3.5,144.21153846153845,8.0,157.0,0.24031007751937986,146.8217054263566,40.0,161.0,2.375,241.575,24.0,173.0,1.103448275862069,140.45689655172413,
Discussion 6,42.0,127.0,0.7226890756302521,39.53781512605042,104.0,158.0,4.596153846153846,206.17307692307693,12.0,149.0,0.7829457364341085,166.26356589147287,16.0,142.0,0.9,218.8,23.0,149.0,0.6637931034482759,130.5,
Discussion 7,28.0,111.0,0.4957983193277311,22.11764705882353,71.0,142.0,3.25,128.42307692307693,6.0,137.0,0.17054263565891473,97.43410852713178,17.0,131.0,0.9,157.55,35.0,163.0,1.4051724137931034,97.09482758620689,
Discussion 8,27.0,131.0,0.4789915966386555,36.260504201680675,49.0,153.0,2.1153846153846154,90.57692307692308,15.0,159.0,1.0,104.18604651162791,34.0,135.0,1.85,124.475,18.0,155.0,0.7758620689655172,80.78448275862068,
Discussion 9,11.0,83.0,0.18487394957983194,28.294117647058822,67.0,94.0,2.980769230769231,116.40384615384616,8.0,93.0,0.5426356589147286,117.15503875968992,17.0,96.0,0.95,166.8,7.0,90.0,0.3017241379310345,101.93103448275862,
Discussion 10,18.0,78.0,0.31932773109243695,33.436974789915965,73.0,102.0,3.173076923076923,144.6346153846154,12.0,91.0,0.9069767441860465,120.0077519379845,16.0,92.0,0.85,117.2,5.0,77.0,0.12931034482758622,73.54310344827586,
Discussion 11,17.0,67.0,0.3277310924369748,20.22689075630252,40.0,64.0,1.8269230769230769,92.23076923076923,11.0,65.0,0.32558139534883723,90.9922480620155,23.0,65.0,1.45,94.3,4.0,58.0,0.22413793103448276,52.38793103448276,
Discussion 12,56.0,134.0,1.0084033613445378,31.092436974789916,39.0,133.0,1.8461538461538463,167.78846153846155,11.0,137.0,0.29457364341085274,160.7829457364341,91.0,176.0,5.925,234.775,23.0,168.0,0.7672413793103449,140.74137931034483,
Discussion 13,23.0,82.0,0.4117647058823529,33.53781512605042,35.0,96.0,1.6346153846153846,116.42307692307692,11.0,90.0,0.627906976744186,104.11627906976744,25.0,85.0,1.5,113.95,13.0,87.0,0.47413793103448276,67.08620689655173,
Discussion 14,29.0,90.0,0.5798319327731093,19.403361344537814,46.0,79.0,2.076923076923077,60.94230769230769,14.0,84.0,0.40310077519379844,65.51162790697674,37.0,91.0,2.275,105.25,15.0,102.0,0.45689655172413796,61.33620689655172,
Discussion 15,5.0,24.0,0.10084033613445378,2.8739495798319328,13.0,39.0,0.7884615384615384,16.5,3.0,39.0,0.12403100775193798,13.37984496124031,0.0,29.0,0.0,51.2,8.0,41.0,0.22413793103448276,22.801724137931036,
Discussion 16,45.0,141.0,0.8151260504201681,39.319327731092436,98.0,157.0,4.1923076923076925,187.53846153846155,17.0,163.0,1.503875968992248,162.91472868217053,19.0,139.0,1.05,187.575,5.0,139.0,0.7155172413793104,127.31896551724138,
Discussion 17,9.0,36.0,0.15966386554621848,21.18487394957983,2.0,64.0,0.07692307692307693,23.942307692307693,9.0,64.0,0.4263565891472868,28.34108527131783,0.0,49.0,0.0,71.125,4.0,59.0,0.4482758620689655,36.189655172413794,
Discussion 18,65.0,190.0,1.1596638655462186,38.403361344537814,103.0,229.0,4.576923076923077,154.05769230769232,38.0,246.0,1.9689922480620154,153.30232558139534,66.0,207.0,3.875,207.025,30.0,226.0,1.146551724137931,118.56896551724138,
Discussion 19,22.0,55.0,0.3949579831932773,9.016806722689076,11.0,61.0,0.75,41.25,8.0,70.0,0.34108527131782945,42.72868217054263,3.0,56.0,0.2,53.3,2.0,56.0,0.29310344827586204,27.405172413793103,
Discussion 20,48.0,144.0,0.8991596638655462,43.72268907563025,63.0,141.0,2.769230769230769,186.21153846153845,24.0,152.0,1.0,165.0,55.0,148.0,3.15,158.875,22.0,138.0,0.7844827586206896,87.02586206896552,
Discussion 21,137.0,265.0,2.4873949579831933,51.36134453781513,226.0,317.0,9.903846153846153,262.7692307692308,47.0,324.0,4.387596899224806,220.49612403100775,136.0,316.0,8.025,240.025,73.0,316.0,2.4310344827586206,138.3793103448276,
Discussion 22,19.0,80.0,0.33613445378151263,33.680672268907564,91.0,90.0,4.0,127.61538461538461,7.0,84.0,0.5193798449612403,122.55813953488372,12.0,72.0,0.65,135.05,6.0,79.0,0.6810344827586207,99.25862068965517,
Discussion 23,83.0,203.0,1.4705882352941178,49.016806722689076,85.0,219.0,3.6538461538461537,248.25,20.0,235.0,0.6434108527131783,212.68992248062017,52.0,227.0,3.0,319.45,67.0,263.0,2.9655172413793105,186.58620689655172,
Discussion 24,5.0,27.0,0.21008403361344538,4.109243697478991,1.0,23.0,0.038461538461538464,13.326923076923077,5.0,27.0,0.9689922480620154,14.55813953488372,1.0,27.0,0.075,19.65,1.0,21.0,0.02586206896551724,10.620689655172415,
Discussion 25,96.0,135.0,1.9747899159663866,36.63865546218487,78.0,156.0,3.5,158.48076923076923,35.0,167.0,2.2635658914728682,123.09302325581395,90.0,174.0,5.225,168.225,15.0,132.0,0.5,72.62931034482759,
Discussion 26,0.0,3.0,0.0,0.9747899159663865,0.0,3.0,0.0,1.6538461538461537,1.0,2.0,0.15503875968992248,2.9844961240310077,0.0,3.0,0.0,1.25,0.0,2.0,0.0,0.9310344827586207,
Discussion 27,15.0,107.0,0.2773109243697479,33.529411764705884,34.0,151.0,1.4423076923076923,169.07692307692307,26.0,161.0,2.356589147286822,133.02325581395348,10.0,131.0,0.5,127.65,7.0,118.0,0.19827586206896552,72.97413793103448,
Discussion 28,33.0,129.0,0.6302521008403361,32.08403361344538,51.0,203.0,2.480769230769231,186.78846153846155,19.0,211.0,1.302325581395349,131.67441860465115,30.0,186.0,1.575,210.325,19.0,183.0,0.5517241379310345,102.20689655172414,
Discussion 29,67.0,182.0,1.2941176470588236,45.87394957983193,95.0,236.0,4.173076923076923,230.84615384615384,16.0,243.0,1.565891472868217,211.14728682170542,45.0,240.0,2.375,295.675,66.0,252.0,2.4482758620689653,161.52586206896552,
Discussion 30,21.0,76.0,0.5210084033613446,25.781512605042018,16.0,83.0,0.75,45.57692307692308,13.0,93.0,0.9922480620155039,45.434108527131784,6.0,75.0,0.3,57.95,13.0,97.0,1.0775862068965518,32.38793103448276,
Discussion 31,16.0,77.0,0.36134453781512604,30.361344537815125,62.0,97.0,2.8653846153846154,131.34615384615384,17.0,101.0,1.434108527131783,105.97674418604652,8.0,80.0,0.425,118.425,6.0,79.0,0.3706896551724138,65.6896551724138,
Discussion 32,81.0,177.0,1.5714285714285714,41.252100840336134,122.0,201.0,5.25,203.21153846153845,16.0,199.0,2.3255813953488373,181.31007751937983,55.0,199.0,2.975,194.125,38.0,195.0,1.4741379310344827,106.78448275862068,
Discussion 33,99.0,207.0,2.042016806722689,44.436974789915965,98.0,247.0,4.326923076923077,231.73076923076923,35.0,279.0,2.201550387596899,201.84496124031008,52.0,238.0,2.625,261.375,62.0,276.0,3.5,147.68103448275863,
Discussion 34,58.0,159.0,1.1260504201680672,40.05882352941177,73.0,183.0,3.0961538461538463,194.05769230769232,19.0,199.0,1.6434108527131783,161.7906976744186,47.0,184.0,2.45,190.05,27.0,187.0,1.1379310344827587,84.23275862068965,
Discussion 35,20.0,86.0,0.3949579831932773,36.747899159663866,50.0,102.0,2.0576923076923075,182.15384615384616,9.0,94.0,1.2093023255813953,145.72868217054264,17.0,93.0,0.925,144.4,1.0,92.0,0.02586206896551724,82.24137931034483,
Discussion 36,119.0,175.0,2.4705882352941178,38.67226890756302,197.0,187.0,8.384615384615385,186.51923076923077,23.0,179.0,1.317829457364341,147.56589147286823,52.0,183.0,3.0,180.4,38.0,177.0,1.1120689655172413,86.74137931034483,
Discussion 37,27.0,76.0,0.5462184873949579,21.18487394957983,12.0,93.0,0.75,73.92307692307692,15.0,98.0,0.9844961240310077,51.55813953488372,6.0,83.0,0.3,72.65,2.0,80.0,0.2672413793103448,28.724137931034484,
Discussion 38,213.0,420.0,3.899159663865546,58.285714285714285,272.0,547.0,11.73076923076923,327.5192307692308,113.0,607.0,6.0,270.62015503875966,292.0,550.0,16.325,427.325,225.0,610.0,10.03448275862069,235.08620689655172,
Discussion 39,6.0,59.0,0.1092436974789916,11.655462184873949,3.0,55.0,0.19230769230769232,67.15384615384616,11.0,66.0,1.0310077519379846,72.3953488372093,8.0,57.0,0.425,58.925,10.0,57.0,0.5172413793103449,31.74137931034483,
Discussion 40,0.0,17.0,0.0,0.8067226890756303,4.0,33.0,0.28846153846153844,5.711538461538462,8.0,40.0,0.37209302325581395,13.782945736434108,2.0,10.0,0.15,1.825,0.0,20.0,0.0,3.2413793103448274,
Discussion 41,0.0,10.0,0.0,0.44537815126050423,0.0,15.0,0.0,2.019230769230769,2.0,25.0,0.17054263565891473,9.170542635658915,0.0,18.0,0.0,3.425,0.0,21.0,0.0,4.362068965517241,
Discussion 42,17.0,48.0,0.2857142857142857,2.689075630252101,3.0,87.0,0.23076923076923078,14.98076923076923,27.0,107.0,2.565891472868217,25.74418604651163,3.0,49.0,0.15,14.8,9.0,79.0,1.0344827586206897,11.21551724137931,
Discussion 43,0.0,6.0,0.0,0.46218487394957986,2.0,19.0,0.15384615384615385,3.5961538461538463,10.0,21.0,1.8449612403100775,10.69767441860465,0.0,17.0,0.0,4.4,1.0,13.0,0.14655172413793102,2.6551724137931036,
Discussion 44,31.0,87.0,0.6386554621848739,37.470588235294116,49.0,86.0,2.0,151.6346153846154,10.0,91.0,0.5581395348837209,133.4031007751938,37.0,92.0,2.05,120.05,2.0,79.0,0.06896551724137931,64.06896551724138,
Discussion 45,6.0,22.0,0.16806722689075632,2.1092436974789917,1.0,24.0,0.057692307692307696,5.865384615384615,2.0,29.0,0.06976744186046512,9.077519379844961,0.0,26.0,0.0,8.0,11.0,32.0,0.3793103448275862,5.586206896551724,
Discussion 46,0.0,11.0,0.0,1.218487394957983,6.0,15.0,0.46153846153846156,3.076923076923077,0.0,15.0,0.0,4.294573643410852,0.0,10.0,0.0,2.075,0.0,13.0,0.0,2.413793103448276,
Discussion 47,0.0,9.0,0.0,1.73109243697479,0.0,17.0,0.0,4.346153846153846,2.0,18.0,0.11627906976744186,8.573643410852712,2.0,22.0,0.1,18.425,1.0,22.0,0.02586206896551724,6.275862068965517,
Discussion 48,5.0,29.0,0.16806722689075632,3.1176470588235294,16.0,58.0,0.8846153846153846,12.365384615384615,13.0,64.0,0.875968992248062,16.07751937984496,4.0,50.0,0.2,20.875,3.0,43.0,0.09482758620689655,8.870689655172415,
Discussion 49,2.0,49.0,0.03361344537815126,3.588235294117647,45.0,154.0,2.3076923076923075,24.173076923076923,8.0,135.0,0.4108527131782946,25.93798449612403,25.0,127.0,1.45,73.85,33.0,151.0,1.0172413793103448,32.19827586206897,
Discussion 50,142.0,144.0,2.957983193277311,26.49579831932773,103.0,112.0,4.461538461538462,95.5,37.0,123.0,1.821705426356589,91.91472868217055,84.0,157.0,4.8,114.325,20.0,124.0,0.6637931034482759,57.0,
Discussion 51,101.0,196.0,1.8991596638655461,40.20168067226891,162.0,181.0,7.019230769230769,121.25,27.0,184.0,0.9844961240310077,106.31007751937985,80.0,209.0,4.4,162.575,81.0,226.0,2.9310344827586206,89.13793103448276,
Discussion 52,73.0,146.0,1.3109243697478992,35.9327731092437,121.0,146.0,5.25,98.46153846153847,10.0,139.0,0.7209302325581395,96.51162790697674,40.0,154.0,2.125,121.85,38.0,160.0,1.3879310344827587,67.02586206896552,
Presentation 1,2.0,38.0,0.03361344537815126,5.470588235294118,0.0,29.0,0.0,33.55769230769231,6.0,49.0,3.7131782945736433,47.17829457364341,0.0,28.0,0.0,103.525,6.0,41.0,1.4137931034482758,47.956896551724135,
Presentation 2,45.0,114.0,0.8151260504201681,38.87394957983193,35.0,98.0,1.6153846153846154,126.76923076923077,24.0,123.0,20.94573643410853,136.08527131782947,28.0,107.0,1.775,118.0,5.0,99.0,0.3706896551724138,77.87068965517241,
Presentation 3,7.0,48.0,0.11764705882352941,29.571428571428573,18.0,49.0,0.8076923076923077,63.03846153846154,3.0,55.0,4.310077519379845,84.26356589147287,5.0,50.0,0.3,105.75,1.0,55.0,0.02586206896551724,85.17241379310344,
Presentation 4,16.0,42.0,0.2857142857142857,25.941176470588236,20.0,43.0,0.8653846153846154,79.82692307692308,1.0,46.0,14.085271317829458,83.18604651162791,3.0,37.0,0.175,79.3,1.0,43.0,0.02586206896551724,57.14655172413793,
Presentation 5,20.0,84.0,0.36134453781512604,36.285714285714285,56.0,82.0,2.519230769230769,138.32692307692307,10.0,87.0,15.224806201550388,135.93798449612405,41.0,81.0,2.35,131.275,12.0,75.0,0.4224137931034483,74.43103448275862,
Presentation 6,40.0,130.0,0.6890756302521008,40.18487394957983,81.0,142.0,3.7115384615384617,199.44230769230768,22.0,150.0,18.689922480620154,173.28682170542635,16.0,145.0,0.9,250.6,11.0,141.0,0.28448275862068967,138.01724137931035,
Presentation 7,69.0,168.0,1.2436974789915967,45.49579831932773,67.0,167.0,2.8846153846153846,206.8653846153846,19.0,186.0,19.069767441860463,189.94573643410854,109.0,200.0,6.325,275.85,28.0,200.0,0.9741379310344828,155.56896551724137,
Presentation 8,48.0,106.0,0.8319327731092437,40.36974789915966,37.0,97.0,1.5,169.8653846153846,10.0,107.0,18.914728682170544,152.3875968992248,62.0,117.0,3.8,145.0,6.0,111.0,0.15517241379310345,89.28448275862068,
Presentation 9,18.0,61.0,0.31932773109243695,18.537815126050422,20.0,66.0,0.9423076923076923,91.26923076923077,6.0,72.0,16.124031007751938,105.04651162790698,5.0,65.0,0.3,155.475,1.0,71.0,0.02586206896551724,99.51724137931035,
Presentation 10,44.0,153.0,0.773109243697479,44.00840336134454,70.0,157.0,3.0384615384615383,192.30769230769232,17.0,166.0,21.751937984496124,181.6201550387597,97.0,197.0,5.875,281.625,46.0,191.0,1.4655172413793103,157.57758620689654,
Presentation 11,51.0,159.0,0.8991596638655462,45.38655462184874,80.0,155.0,3.576923076923077,210.23076923076923,26.0,176.0,23.899224806201552,198.7906976744186,56.0,173.0,3.4,248.075,19.0,174.0,0.6724137931034483,146.42241379310346,
Presentation 12,52.0,113.0,0.8991596638655462,27.025210084033613,59.0,109.0,2.5961538461538463,171.8846153846154,8.0,106.0,14.333333333333334,150.9922480620155,62.0,121.0,3.65,150.725,6.0,118.0,0.15517241379310345,88.73275862068965,
Presentation 13,38.0,129.0,0.6554621848739496,40.15966386554622,79.0,153.0,3.480769230769231,196.17307692307693,16.0,150.0,19.65891472868217,176.5968992248062,18.0,150.0,1.0,254.825,10.0,150.0,0.25862068965517243,148.19827586206895,
Presentation 14,16.0,54.0,0.2857142857142857,29.403361344537814,30.0,50.0,1.3653846153846154,107.13461538461539,8.0,51.0,11.953488372093023,106.25581395348837,10.0,55.0,0.575,94.75,0.0,48.0,0.0,62.525862068965516,
Presentation 15,53.0,117.0,0.9747899159663865,39.46218487394958,40.0,115.0,1.8076923076923077,135.8653846153846,15.0,134.0,15.790697674418604,142.11627906976744,93.0,152.0,5.6,238.05,36.0,152.0,1.1982758620689655,128.56034482758622,
Presentation 16,12.0,52.0,0.21008403361344538,24.11764705882353,19.0,51.0,0.9615384615384616,61.23076923076923,4.0,60.0,10.503875968992247,69.68217054263566,11.0,61.0,0.65,120.5,4.0,63.0,0.28448275862068967,61.577586206896555,
Presentation 17,35.0,109.0,0.6050420168067226,38.857142857142854,60.0,120.0,2.7884615384615383,185.8846153846154,7.0,122.0,15.155038759689923,165.10077519379846,12.0,118.0,0.675,222.675,6.0,120.0,0.15517241379310345,134.3448275862069,
Presentation 18,8.0,50.0,0.14285714285714285,26.96638655462185,12.0,56.0,0.5192307692307693,74.1923076923077,4.0,57.0,8.953488372093023,78.27906976744185,4.0,49.0,0.2,70.2,0.0,54.0,0.0,40.62068965517241,
Presentation 19,18.0,69.0,0.3277310924369748,30.478991596638654,23.0,74.0,1.0769230769230769,87.9423076923077,4.0,73.0,12.604651162790697,90.51162790697674,13.0,60.0,0.775,84.75,9.0,66.0,0.49137931034482757,50.73275862068966,
Presentation 20,14.0,72.0,0.31092436974789917,37.075630252100844,35.0,74.0,1.5192307692307692,159.09615384615384,22.0,82.0,13.24031007751938,144.43410852713177,15.0,77.0,0.775,143.95,8.0,71.0,0.29310344827586204,96.23275862068965,
Presentation 21,24.0,82.0,0.4117647058823529,25.41176470588235,11.0,103.0,0.6923076923076923,32.05769230769231,6.0,112.0,4.744186046511628,46.07751937984496,3.0,76.0,0.175,108.7,6.0,99.0,0.15517241379310345,55.10344827586207,
Presentation 22,76.0,155.0,1.3697478991596639,42.38655462184874,61.0,171.0,2.5,153.84615384615384,22.0,183.0,23.705426356589147,162.48837209302326,39.0,174.0,2.2,239.2,13.0,185.0,0.5258620689655172,125.76724137931035,
Presentation 23,12.0,44.0,0.21008403361344538,22.084033613445378,14.0,41.0,0.8076923076923077,25.692307692307693,4.0,53.0,4.24031007751938,40.25581395348837,2.0,43.0,0.1,40.1,3.0,50.0,0.3706896551724138,24.43103448275862,
Presentation 24,78.0,180.0,1.453781512605042,43.26890756302521,90.0,178.0,4.0576923076923075,178.5,34.0,206.0,21.899224806201552,184.5891472868217,53.0,192.0,2.85,233.4,21.0,183.0,0.6637931034482759,118.17241379310344,
Presentation 25,26.0,130.0,0.48739495798319327,25.436974789915965,69.0,137.0,3.1923076923076925,136.53846153846155,9.0,155.0,15.790697674418604,131.74418604651163,46.0,138.0,3.075,139.15,12.0,149.0,0.5086206896551724,81.85344827586206,
Presentation 26,58.0,195.0,1.0756302521008403,43.8235294117647,159.0,245.0,7.0,241.19230769230768,44.0,269.0,28.13953488372093,204.13178294573643,81.0,245.0,4.3,228.0,47.0,236.0,1.5775862068965518,118.68103448275862,
Presentation 27,75.0,168.0,1.3277310924369747,41.96638655462185,118.0,170.0,5.153846153846154,147.48076923076923,43.0,178.0,13.627906976744185,160.03875968992247,105.0,185.0,6.4,141.15,33.0,170.0,1.2672413793103448,86.32758620689656,
Presentation 28,13.0,62.0,0.226890756302521,27.067226890756302,26.0,66.0,1.1730769230769231,64.09615384615384,4.0,76.0,8.007751937984496,73.26356589147287,4.0,61.0,0.2,131.55,2.0,61.0,0.23275862068965517,57.36206896551724,
Presentation 29,36.0,121.0,0.6470588235294118,37.42857142857143,59.0,133.0,2.4615384615384617,194.48076923076923,19.0,134.0,21.069767441860463,156.42635658914728,17.0,124.0,0.95,155.2,2.0,111.0,0.05172413793103448,100.30172413793103,
Presentation 30,43.0,138.0,0.7563025210084033,37.747899159663866,66.0,172.0,2.9423076923076925,195.80769230769232,8.0,167.0,20.697674418604652,155.2170542635659,25.0,161.0,1.3,165.85,16.0,164.0,0.5517241379310345,102.22413793103448,
Presentation 31,13.0,66.0,0.23529411764705882,29.369747899159663,27.0,79.0,1.1538461538461537,107.0576923076923,6.0,77.0,11.51937984496124,94.40310077519379,3.0,74.0,0.15,99.475,8.0,73.0,0.3103448275862069,50.94827586206897,
Presentation 32,38.0,114.0,0.7226890756302521,40.51260504201681,56.0,109.0,2.519230769230769,179.03846153846155,24.0,124.0,17.155038759689923,158.31782945736435,34.0,121.0,1.975,158.4,7.0,105.0,0.3879310344827586,82.68103448275862,
Presentation 33,38.0,81.0,0.7142857142857143,36.016806722689076,28.0,73.0,1.1346153846153846,105.71153846153847,14.0,84.0,16.503875968992247,113.48837209302326,19.0,72.0,1.1,98.1,7.0,70.0,0.3017241379310345,57.87931034482759,
Presentation 34,42.0,135.0,0.7563025210084033,37.87394957983193,62.0,173.0,2.7115384615384617,194.3653846153846,12.0,173.0,14.875968992248062,149.08527131782947,22.0,153.0,1.15,171.3,9.0,150.0,0.25862068965517243,90.59482758620689,
Presentation 35,62.0,141.0,1.1932773109243697,40.97478991596638,81.0,131.0,3.519230769230769,169.46153846153845,36.0,145.0,13.968992248062015,147.75193798449612,83.0,147.0,4.625,163.025,25.0,144.0,0.9655172413793104,86.83620689655173,
Presentation 36,46.0,146.0,0.8403361344537815,41.3109243697479,77.0,177.0,3.5576923076923075,200.8846153846154,32.0,188.0,14.434108527131784,157.89147286821705,64.0,171.0,3.55,178.05,18.0,160.0,0.5172413793103449,92.94827586206897,
Presentation 37,22.0,73.0,0.42857142857142855,32.529411764705884,24.0,59.0,1.0576923076923077,90.8076923076923,8.0,67.0,9.062015503875969,83.84496124031008,40.0,69.0,2.2,100.475,5.0,67.0,0.16379310344827586,53.8448275862069,
Presentation 38,28.0,67.0,0.5378151260504201,34.91596638655462,31.0,62.0,1.3653846153846154,129.3846153846154,19.0,68.0,13.10077519379845,121.47286821705427,26.0,64.0,1.55,116.875,1.0,59.0,0.02586206896551724,61.8448275862069,
Presentation 39,1.0,8.0,0.01680672268907563,0.3025210084033613,0.0,14.0,0.0,1.6538461538461537,6.0,17.0,1.3875968992248062,3.627906976744186,0.0,14.0,0.0,5.0,1.0,15.0,0.034482758620689655,1.9396551724137931,
Presentation 40,0.0,8.0,0.0,1.218487394957983,0.0,8.0,0.0,2.5384615384615383,5.0,16.0,3.7829457364341086,13.573643410852712,1.0,11.0,0.05,2.775,2.0,12.0,0.1810344827586207,4.025862068965517,
Presentation 41,6.0,29.0,0.19327731092436976,3.6050420168067228,0.0,51.0,0.0,13.25,7.0,54.0,8.116279069767442,18.697674418604652,8.0,60.0,0.475,37.175,6.0,58.0,0.2672413793103448,15.39655172413793,
Presentation 42,46.0,85.0,1.3025210084033614,15.546218487394958,26.0,85.0,1.2115384615384615,125.61538461538461,15.0,85.0,15.651162790697674,87.25581395348837,37.0,96.0,2.3,114.0,6.0,71.0,0.19827586206896552,51.293103448275865,
Presentation 43,46.0,106.0,1.0252100840336134,29.092436974789916,36.0,91.0,1.5384615384615385,124.59615384615384,13.0,104.0,19.302325581395348,109.06976744186046,69.0,129.0,3.75,127.925,20.0,99.0,0.7413793103448276,54.71551724137931,
Presentation 44,65.0,102.0,1.680672268907563,22.831932773109244,22.0,81.0,1.0192307692307692,90.84615384615384,24.0,92.0,13.573643410852712,95.86821705426357,93.0,108.0,5.325,103.275,8.0,70.0,0.2413793103448276,53.73275862068966,
Presentation 45,1.0,14.0,0.01680672268907563,1.915966386554622,4.0,25.0,0.25,9.211538461538462,12.0,26.0,9.294573643410853,11.527131782945736,2.0,23.0,0.1,11.675,1.0,20.0,0.04310344827586207,5.862068965517241,
Presentation 46,1.0,7.0,0.01680672268907563,1.2436974789915967,0.0,6.0,0.0,2.25,5.0,8.0,6.294573643410852,5.162790697674419,0.0,9.0,0.0,9.95,0.0,7.0,0.0,2.7758620689655173,
Presentation 47,61.0,162.0,1.411764705882353,41.49579831932773,42.0,154.0,1.6923076923076923,206.80769230769232,28.0,174.0,26.92248062015504,170.0,146.0,206.0,8.425,202.55,21.0,153.0,0.6982758620689655,90.9396551724138,
Presentation 48,149.0,176.0,3.2184873949579833,42.33613445378151,74.0,165.0,3.1346153846153846,154.09615384615384,33.0,179.0,18.46511627906977,150.04651162790697,114.0,184.0,6.35,141.4,17.0,143.0,0.5,84.17241379310344,
Presentation 49,11.0,29.0,0.2689075630252101,3.042016806722689,3.0,40.0,0.11538461538461539,9.384615384615385,7.0,43.0,4.325581395348837,14.976744186046512,2.0,36.0,0.1,18.075,3.0,36.0,0.09482758620689655,8.172413793103448,
Presentation 50,2.0,10.0,0.10084033613445378,1.9831932773109244,1.0,10.0,0.038461538461538464,5.134615384615385,2.0,12.0,4.038759689922481,7.5813953488372094,0.0,15.0,0.0,10.125,0.0,11.0,0.0,4.275862068965517,
Presentation 51,0.0,7.0,0.0,1.8907563025210083,0.0,8.0,0.0,3.3461538461538463,1.0,9.0,6.325581395348837,7.069767441860465,0.0,11.0,0.0,10.375,0.0,10.0,0.0,3.0689655172413794,
Presentation 52,14.0,47.0,0.2605042016806723,8.302521008403362,12.0,44.0,0.5769230769230769,30.71153846153846,10.0,42.0,7.496124031007752,31.147286821705425,11.0,54.0,0.65,48.35,12.0,48.0,0.49137931034482757,18.939655172413794,
Presentation 53,10.0,94.0,0.24369747899159663,18.899159663865547,25.0,109.0,1.1346153846153846,123.13461538461539,23.0,121.0,11.736434108527131,97.31007751937985,34.0,129.0,2.025,155.15,4.0,115.0,0.11206896551724138,58.31896551724138,
Presentation 54,13.0,51.0,0.2184873949579832,8.966386554621849,37.0,58.0,1.8653846153846154,44.15384615384615,12.0,56.0,8.147286821705427,39.10077519379845,13.0,59.0,0.85,63.8,3.0,55.0,0.07758620689655173,27.353448275862068,
Presentation 55,20.0,79.0,0.47058823529411764,24.235294117647058,18.0,81.0,0.7692307692307693,73.1923076923077,25.0,92.0,9.472868217054264,78.03100775193798,29.0,92.0,1.725,72.45,3.0,83.0,0.08620689655172414,42.706896551724135,
Presentation 56,10.0,31.0,0.2184873949579832,3.310924369747899,12.0,37.0,0.6730769230769231,13.115384615384615,3.0,40.0,4.217054263565892,18.217054263565892,3.0,41.0,0.15,22.225,5.0,45.0,0.1896551724137931,9.982758620689655,
Presentation 57,24.0,111.0,0.42016806722689076,35.705882352941174,24.0,125.0,1.0576923076923077,193.53846153846155,25.0,143.0,14.953488372093023,154.7984496124031,17.0,135.0,0.9,173.3,2.0,104.0,0.05172413793103448,86.26724137931035,
Presentation 58,5.0,30.0,0.10084033613445378,23.134453781512605,7.0,38.0,0.28846153846153844,75.8076923076923,3.0,45.0,9.255813953488373,70.86046511627907,2.0,37.0,0.1,71.3,0.0,34.0,0.0,40.724137931034484,
Presentation 59,104.0,132.0,2.235294117647059,37.33613445378151,78.0,124.0,3.2115384615384617,111.59615384615384,28.0,129.0,14.13953488372093,114.06201550387597,31.0,111.0,1.725,86.825,44.0,133.0,2.3189655172413794,71.16379310344827,
Presentation 60,67.0,166.0,1.4873949579831933,42.42016806722689,112.0,160.0,4.980769230769231,188.82692307692307,38.0,178.0,18.751937984496124,164.41860465116278,81.0,170.0,4.375,171.45,44.0,163.0,1.4913793103448276,92.50862068965517,
Presentation 61,21.0,118.0,0.37815126050420167,33.773109243697476,31.0,146.0,1.2692307692307692,167.30769230769232,12.0,161.0,14.10077519379845,140.2093023255814,21.0,134.0,1.15,155.65,16.0,142.0,0.46551724137931033,84.18103448275862,
Presentation 62,31.0,121.0,0.6134453781512605,38.63025210084034,77.0,125.0,3.25,166.09615384615384,31.0,137.0,16.53488372093023,162.54263565891472,32.0,132.0,1.675,153.85,23.0,114.0,0.7931034482758621,87.56896551724138,
Presentation 63,1.0,6.0,0.01680672268907563,0.24369747899159663,0.0,7.0,0.0,0.9807692307692307,1.0,11.0,1.7674418604651163,2.488372093023256,0.0,11.0,0.0,3.2,1.0,11.0,0.034482758620689655,1.6293103448275863,
Presentation 64,14.0,51.0,0.2773109243697479,23.65546218487395,2.0,53.0,0.07692307692307693,55.28846153846154,7.0,67.0,12.178294573643411,65.08527131782945,0.0,44.0,0.0,51.475,2.0,45.0,0.1206896551724138,43.30172413793103,
Presentation 65,0.0,6.0,0.0,0.19327731092436976,1.0,6.0,0.038461538461538464,0.9423076923076923,6.0,11.0,3.6744186046511627,7.736434108527132,0.0,8.0,0.0,1.925,1.0,9.0,0.2413793103448276,2.4655172413793105,
Presentation 66,33.0,118.0,0.6134453781512605,32.10084033613445,27.0,135.0,1.1538461538461537,157.76923076923077,6.0,146.0,11.868217054263566,151.66666666666666,9.0,147.0,0.5,197.2,37.0,147.0,2.8793103448275863,107.51724137931035,
Presentation 67,37.0,105.0,0.6974789915966386,34.39495798319328,35.0,116.0,1.5769230769230769,72.78846153846153,37.0,134.0,10.86046511627907,96.97674418604652,51.0,123.0,2.95,79.325,6.0,118.0,0.1810344827586207,45.025862068965516,
Presentation 68,45.0,98.0,0.865546218487395,33.34453781512605,75.0,110.0,3.4615384615384617,146.48076923076923,19.0,109.0,14.046511627906977,131.15503875968992,20.0,108.0,1.1,143.025,13.0,99.0,0.3706896551724138,76.02586206896552,
Presentation 69,50.0,148.0,1.0,40.554621848739494,89.0,168.0,4.0576923076923075,198.59615384615384,42.0,186.0,21.27906976744186,172.5503875968992,36.0,154.0,1.9,191.225,24.0,152.0,0.7413793103448276,92.76724137931035,
Presentation 70,47.0,101.0,0.8487394957983193,21.3781512605042,34.0,103.0,1.4807692307692308,89.61538461538461,8.0,115.0,5.496124031007752,86.0077519379845,14.0,90.0,0.775,92.525,18.0,120.0,1.1810344827586208,63.706896551724135,
Presentation 71,104.0,158.0,2.3865546218487395,25.361344537815125,126.0,174.0,5.788461538461538,144.34615384615384,32.0,188.0,15.255813953488373,124.51162790697674,81.0,188.0,4.6,152.025,15.0,167.0,0.4051724137931034,80.78448275862068,
Presentation 72,133.0,228.0,2.5546218487394956,27.142857142857142,32.0,208.0,1.5192307692307692,159.76923076923077,26.0,221.0,15.55813953488372,138.5581395348837,194.0,288.0,10.95,176.625,118.0,273.0,4.241379310344827,94.63793103448276,
Presentation 73,249.0,306.0,5.092436974789916,51.7563025210084,205.0,265.0,8.692307692307692,196.40384615384616,73.0,290.0,19.11627906976744,184.6124031007752,164.0,309.0,8.9,205.45,146.0,305.0,5.043103448275862,130.80172413793105,
Presentation 74,127.0,257.0,2.4285714285714284,47.924369747899156,134.0,239.0,5.6923076923076925,207.53846153846155,74.0,286.0,27.968992248062015,182.89922480620154,210.0,292.0,12.075,192.85,97.0,272.0,3.9310344827586206,119.93103448275862,
Presentation 75,20.0,91.0,0.4369747899159664,21.26890756302521,12.0,101.0,0.5961538461538461,101.73076923076923,46.0,125.0,21.13953488372093,93.1937984496124,12.0,103.0,0.625,95.2,5.0,84.0,0.20689655172413793,43.922413793103445,
Presentation 76,164.0,239.0,3.3949579831932772,46.57142857142857,131.0,263.0,5.673076923076923,232.40384615384616,70.0,278.0,30.015503875968992,200.41860465116278,180.0,285.0,10.2,235.975,53.0,253.0,1.8706896551724137,122.07758620689656,
Presentation 77,31.0,104.0,0.6050420168067226,35.109243697478995,33.0,110.0,1.3461538461538463,158.92307692307693,20.0,120.0,15.852713178294573,143.8294573643411,30.0,113.0,1.675,135.475,1.0,104.0,0.06896551724137931,77.89655172413794,
Presentation 78,22.0,89.0,0.5126050420168067,10.294117647058824,10.0,100.0,0.40384615384615385,69.03846153846153,13.0,114.0,20.286821705426355,59.10852713178294,28.0,108.0,1.45,94.1,13.0,105.0,0.8879310344827587,35.741379310344826,
Presentation 79,86.0,153.0,1.6470588235294117,37.27731092436975,36.0,166.0,1.75,162.0,49.0,184.0,27.5968992248062,148.07751937984497,104.0,182.0,5.825,171.125,18.0,156.0,0.5344827586206896,94.19827586206897,
Presentation 80,27.0,135.0,0.5294117647058824,38.60504201680672,38.0,148.0,1.6346153846153846,181.96153846153845,36.0,163.0,24.984496124031008,160.73643410852713,86.0,170.0,4.85,189.475,28.0,142.0,0.9482758620689655,98.11206896551724,
Presentation 81,97.0,126.0,2.1092436974789917,34.78991596638655,71.0,124.0,3.0961538461538463,82.28846153846153,18.0,136.0,18.286821705426355,89.9922480620155,44.0,127.0,2.225,75.45,7.0,116.0,0.22413793103448276,50.689655172413794,
Presentation 82,82.0,123.0,1.638655462184874,21.159663865546218,77.0,103.0,3.519230769230769,79.51923076923077,20.0,115.0,10.984496124031008,75.68992248062015,78.0,129.0,4.275,105.825,22.0,122.0,0.7672413793103449,46.56896551724138,
Presentation 83,111.0,182.0,2.1260504201680672,45.88235294117647,82.0,172.0,3.3653846153846154,215.92307692307693,44.0,192.0,27.666666666666668,180.90697674418604,87.0,200.0,4.675,199.15,30.0,163.0,0.896551724137931,105.4396551724138,
Presentation 84,119.0,280.0,2.2016806722689077,49.11764705882353,227.0,318.0,9.634615384615385,255.30769230769232,63.0,351.0,29.94573643410853,224.14728682170542,137.0,325.0,7.35,316.0,122.0,363.0,4.482758620689655,175.1206896551724,
Presentation 85,76.0,123.0,1.7563025210084033,36.1764705882353,64.0,133.0,2.8846153846153846,118.61538461538461,25.0,148.0,10.689922480620154,100.96899224806202,34.0,144.0,1.8,146.7,20.0,133.0,0.8793103448275862,64.97413793103448,
Presentation 86,64.0,101.0,1.495798319327731,35.84873949579832,53.0,89.0,2.4038461538461537,123.32692307692308,24.0,94.0,14.542635658914728,124.93023255813954,46.0,103.0,2.5,114.75,9.0,80.0,0.28448275862068967,68.33620689655173,
Presentation 87,37.0,109.0,0.6974789915966386,30.03361344537815,19.0,92.0,0.8269230769230769,121.03846153846153,23.0,106.0,16.007751937984494,117.31782945736434,33.0,118.0,1.725,113.85,28.0,111.0,1.0172413793103448,62.793103448275865,
Presentation 88,47.0,97.0,0.907563025210084,39.142857142857146,71.0,105.0,3.076923076923077,147.59615384615384,36.0,112.0,23.75968992248062,145.97674418604652,28.0,107.0,1.5,131.0,4.0,86.0,0.22413793103448276,75.87068965517241,
Presentation 89,15.0,53.0,0.25210084033613445,10.403361344537815,11.0,49.0,0.5,30.0,10.0,58.0,3.953488372093023,40.674418604651166,4.0,51.0,0.2,27.275,2.0,52.0,0.0603448275862069,18.00862068965517,
Presentation 90,2.0,62.0,0.04201680672268908,13.352941176470589,9.0,76.0,0.40384615384615385,50.42307692307692,20.0,95.0,11.426356589147288,59.06201550387597,5.0,76.0,0.25,57.2,7.0,63.0,0.5431034482758621,36.62931034482759,
Presentation 91,17.0,88.0,0.33613445378151263,31.294117647058822,12.0,106.0,0.5192307692307693,134.34615384615384,10.0,110.0,11.503875968992247,125.12403100775194,11.0,88.0,0.55,123.0,7.0,95.0,0.1896551724137931,70.23275862068965,
Presentation 92,42.0,131.0,0.7899159663865546,40.18487394957983,20.0,122.0,0.9038461538461539,181.78846153846155,28.0,147.0,17.147286821705425,163.85271317829458,117.0,157.0,6.825,167.15,7.0,118.0,0.22413793103448276,90.74137931034483,
Presentation 93,39.0,115.0,0.8235294117647058,22.142857142857142,26.0,130.0,1.25,110.92307692307692,24.0,151.0,10.790697674418604,105.46511627906976,29.0,122.0,1.775,111.725,13.0,113.0,0.9655172413793104,65.20689655172414,
Presentation 94,5.0,44.0,0.08403361344537816,3.9831932773109244,5.0,75.0,0.2692307692307692,12.653846153846153,7.0,92.0,10.937984496124031,22.953488372093023,11.0,67.0,0.725,72.7,11.0,95.0,1.1724137931034482,29.5,
Presentation 95,188.0,275.0,3.991596638655462,52.81512605042017,144.0,256.0,6.1923076923076925,247.0,65.0,274.0,28.82170542635659,206.92248062015503,195.0,302.0,11.325,247.625,72.0,265.0,2.586206896551724,135.50862068965517,
Presentation 96,41.0,131.0,0.8151260504201681,29.605042016806724,31.0,162.0,1.5384615384615385,129.71153846153845,53.0,192.0,19.209302325581394,130.93023255813952,29.0,152.0,1.525,112.125,13.0,138.0,0.6120689655172413,65.24137931034483,
Presentation 97,87.0,245.0,1.5378151260504203,34.05882352941177,182.0,324.0,7.826923076923077,238.46153846153845,63.0,347.0,26.488372093023255,196.8294573643411,97.0,280.0,5.525,200.975,35.0,297.0,1.9224137931034482,113.73275862068965,
Presentation 98,73.0,158.0,1.5798319327731092,42.57983193277311,111.0,194.0,4.923076923076923,211.76923076923077,43.0,204.0,14.279069767441861,171.46511627906978,62.0,198.0,3.5,199.375,7.0,157.0,0.1810344827586207,90.76724137931035,
Presentation 99,67.0,168.0,1.5714285714285714,40.84033613445378,144.0,221.0,6.326923076923077,208.82692307692307,34.0,232.0,22.775193798449614,170.35658914728683,54.0,205.0,3.35,183.325,14.0,193.0,0.5,95.69827586206897,
Presentation 100,42.0,153.0,0.7563025210084033,43.27731092436975,61.0,190.0,2.576923076923077,217.05769230769232,51.0,209.0,24.74418604651163,195.07751937984497,43.0,188.0,2.425,183.45,8.0,150.0,0.33620689655172414,102.59482758620689,
Presentation 101,4.0,54.0,0.06722689075630252,2.5714285714285716,8.0,129.0,0.5576923076923077,18.51923076923077,44.0,168.0,11.279069767441861,34.62015503875969,4.0,95.0,0.2,33.175,8.0,131.0,0.8103448275862069,18.49137931034483,
Presentation 102,1.0,19.0,0.01680672268907563,1.6050420168067228,0.0,42.0,0.0,9.942307692307692,18.0,49.0,9.75968992248062,22.837209302325583,3.0,37.0,0.15,10.45,2.0,31.0,0.1810344827586207,5.974137931034483,
Presentation 103,8.0,28.0,0.13445378151260504,2.176470588235294,2.0,41.0,0.07692307692307693,5.9423076923076925,12.0,49.0,5.1937984496124034,16.713178294573645,0.0,23.0,0.0,5.025,4.0,39.0,0.7672413793103449,7.896551724137931,
Presentation 104,19.0,87.0,0.3697478991596639,18.789915966386555,27.0,89.0,1.3846153846153846,80.0,24.0,104.0,10.790697674418604,85.82170542635659,7.0,73.0,0.4,83.275,11.0,86.0,0.5344827586206896,49.39655172413793,
Presentation 105,37.0,127.0,0.7899159663865546,41.20168067226891,21.0,111.0,0.9615384615384616,157.21153846153845,38.0,139.0,20.310077519379846,164.49612403100775,62.0,139.0,3.725,138.1,2.0,98.0,0.0603448275862069,85.89655172413794,
Presentation 106,0.0,2.0,0.0,0.2689075630252101,0.0,8.0,0.0,2.1153846153846154,10.0,10.0,6.046511627906977,8.86046511627907,0.0,8.0,0.0,2.9,0.0,7.0,0.0,1.6379310344827587,
Presentation 107,0.0,1.0,0.0,0.04201680672268908,0.0,4.0,0.0,1.7692307692307692,2.0,9.0,2.744186046511628,10.232558139534884,0.0,9.0,0.0,2.475,0.0,10.0,0.0,2.6982758620689653,
Presentation 108,7.0,29.0,0.15126050420168066,25.470588235294116,10.0,26.0,0.4423076923076923,69.0576923076923,1.0,27.0,2.937984496124031,58.457364341085274,0.0,30.0,0.0,74.675,1.0,31.0,0.02586206896551724,48.68103448275862,
Presentation 109,8.0,73.0,0.15126050420168066,16.26890756302521,16.0,83.0,0.6730769230769231,60.84615384615385,22.0,101.0,6.248062015503876,71.30232558139535,2.0,65.0,0.1,68.525,6.0,68.0,0.41379310344827586,39.793103448275865,
Presentation 110,37.0,135.0,0.7394957983193278,40.94957983193277,53.0,147.0,2.3461538461538463,189.1346153846154,50.0,182.0,22.170542635658915,169.49612403100775,50.0,159.0,2.8,159.875,3.0,125.0,0.3275862068965517,72.45689655172414,
Presentation 111,34.0,137.0,0.6134453781512605,43.15966386554622,90.0,149.0,3.8653846153846154,193.59615384615384,30.0,159.0,19.488372093023255,178.31007751937983,48.0,151.0,3.025,158.775,12.0,134.0,0.5086206896551724,106.5,
Presentation 112,55.0,179.0,0.9663865546218487,43.76470588235294,128.0,249.0,5.596153846153846,231.17307692307693,28.0,249.0,26.387596899224807,191.15503875968992,50.0,221.0,2.9,198.9,27.0,225.0,1.0862068965517242,121.75,
Presentation 113,68.0,162.0,1.218487394957983,43.72268907563025,118.0,167.0,5.076923076923077,211.40384615384616,29.0,174.0,26.0,180.65891472868216,130.0,195.0,7.8,172.025,9.0,172.0,0.5172413793103449,109.73275862068965,
Presentation 114,49.0,150.0,0.9411764705882353,34.15966386554622,132.0,152.0,5.711538461538462,108.09615384615384,28.0,152.0,17.170542635658915,118.13178294573643,119.0,160.0,6.95,95.35,12.0,140.0,0.3793103448275862,75.99137931034483,
Presentation 115,71.0,151.0,1.3025210084033614,41.378151260504204,79.0,164.0,3.3846153846153846,172.05769230769232,20.0,175.0,16.906976744186046,151.68992248062017,133.0,179.0,7.675,158.475,16.0,171.0,0.49137931034482757,93.00862068965517,
Presentation 116,0.0,6.0,0.0,0.15966386554621848,0.0,20.0,0.0,3.6923076923076925,5.0,24.0,2.953488372093023,6.217054263565892,0.0,23.0,0.0,18.475,0.0,22.0,0.0,4.603448275862069,
Presentation 117,12.0,40.0,0.2857142857142857,3.596638655462185,10.0,81.0,0.40384615384615385,16.173076923076923,19.0,91.0,11.193798449612403,23.565891472868216,9.0,77.0,0.525,44.925,10.0,72.0,0.3017241379310345,17.198275862068964,
Presentation 118,0.0,22.0,0.0,2.6554621848739495,25.0,63.0,1.0,13.211538461538462,4.0,60.0,6.449612403100775,21.147286821705425,24.0,85.0,1.4,118.975,22.0,87.0,0.6379310344827587,36.08620689655172,
Presentation 119,6.0,29.0,0.16806722689075632,2.9831932773109244,4.0,43.0,0.23076923076923078,10.173076923076923,8.0,54.0,9.310077519379846,16.3953488372093,4.0,44.0,0.2,26.025,3.0,40.0,0.08620689655172414,9.991379310344827,
Presentation 120,0.0,13.0,0.0,1.781512605042017,6.0,25.0,0.3076923076923077,7.365384615384615,8.0,24.0,9.178294573643411,9.782945736434108,2.0,24.0,0.1,9.925,1.0,19.0,0.04310344827586207,5.603448275862069,
Presentation 121,0.0,17.0,0.0,2.53781512605042,2.0,34.0,0.09615384615384616,10.5,3.0,35.0,7.8062015503875966,15.813953488372093,5.0,41.0,0.3,32.325,1.0,38.0,0.02586206896551724,11.78448275862069,
Presentation 122,1.0,8.0,0.01680672268907563,1.5546218487394958,0.0,12.0,0.0,4.038461538461538,3.0,15.0,7.604651162790698,8.387596899224807,1.0,16.0,0.05,17.175,0.0,14.0,0.0,4.887931034482759,
Presentation 123,70.0,150.0,1.4621848739495797,37.705882352941174,36.0,176.0,1.5769230769230769,181.01923076923077,38.0,195.0,24.41860465116279,157.24806201550388,78.0,190.0,4.275,168.35,18.0,160.0,0.603448275862069,79.75862068965517,
Presentation 124,30.0,63.0,0.5630252100840336,26.369747899159663,16.0,72.0,0.6730769230769231,77.15384615384616,2.0,75.0,9.565891472868216,83.4186046511628,4.0,71.0,0.2,79.6,5.0,67.0,0.12931034482758622,44.76724137931034,
Presentation 125,90.0,180.0,1.9747899159663866,42.983193277310924,88.0,183.0,3.8461538461538463,142.1346153846154,26.0,196.0,20.07751937984496,145.04651162790697,135.0,228.0,7.5,192.825,72.0,198.0,2.353448275862069,101.67241379310344,
Presentation 126,66.0,205.0,1.3361344537815125,46.33613445378151,87.0,205.0,3.8653846153846154,232.32692307692307,26.0,220.0,27.7984496124031,191.5891472868217,196.0,275.0,11.1,257.375,80.0,233.0,2.663793103448276,123.97413793103448,
Presentation 127,229.0,335.0,4.470588235294118,56.34453781512605,187.0,346.0,7.980769230769231,279.11538461538464,51.0,371.0,30.58139534883721,249.49612403100775,306.0,444.0,17.175,381.6,169.0,419.0,5.387931034482759,201.56034482758622,
Presentation 128,15.0,68.0,0.2857142857142857,23.605042016806724,10.0,89.0,0.46153846153846156,51.5,10.0,93.0,6.813953488372093,59.06201550387597,21.0,89.0,1.15,85.25,10.0,96.0,0.3103448275862069,39.55172413793103,
Presentation 129,65.0,164.0,1.4705882352941178,42.84033613445378,64.0,183.0,3.019230769230769,206.59615384615384,40.0,185.0,26.3953488372093,178.4496124031008,107.0,217.0,5.95,222.125,33.0,167.0,1.0344827586206897,110.95689655172414,
GroupStudy 1,0.0,15.0,0.0,1.3445378151260505,2.0,28.0,0.07692307692307693,5.038461538461538,3.0,33.0,0.4186046511627907,14.395348837209303,1.0,29.0,0.05,23.075,4.0,32.0,0.25,11.068965517241379,
GroupStudy 2,124.0,262.0,2.4285714285714284,46.57142857142857,92.0,275.0,3.7115384615384617,203.57692307692307,15.0,270.0,0.5116279069767442,170.03100775193798,183.0,344.0,10.5,274.025,159.0,342.0,5.241379310344827,138.7844827586207,
GroupStudy 3,6.0,42.0,0.16806722689075632,3.722689075630252,12.0,105.0,0.7115384615384616,15.442307692307692,1.0,108.0,0.031007751937984496,22.24031007751938,15.0,106.0,0.85,111.275,22.0,122.0,0.7413793103448276,38.68103448275862,
GroupStudy 4,2.0,18.0,0.10084033613445378,2.857142857142857,1.0,63.0,0.038461538461538464,12.442307692307692,5.0,74.0,0.26356589147286824,21.790697674418606,23.0,95.0,1.35,150.5,7.0,82.0,0.21551724137931033,42.8448275862069,
GroupStudy 5,0.0,13.0,0.0,2.1848739495798317,0.0,24.0,0.0,6.4423076923076925,9.0,25.0,0.5503875968992248,9.527131782945736,3.0,24.0,0.15,13.525,0.0,18.0,0.0,5.094827586206897,
GroupStudy 6,1.0,28.0,0.01680672268907563,3.142857142857143,2.0,83.0,0.07692307692307693,16.057692307692307,1.0,91.0,0.05426356589147287,25.74418604651163,39.0,125.0,2.2,158.175,22.0,121.0,0.6551724137931034,48.439655172413794,
GroupStudy 7,0.0,8.0,0.0,1.8991596638655461,0.0,15.0,0.0,3.8653846153846154,0.0,18.0,0.0,8.007751937984496,3.0,22.0,0.15,18.225,0.0,19.0,0.0,5.094827586206897,
GroupStudy 8,0.0,13.0,0.0,2.2436974789915967,0.0,33.0,0.0,7.326923076923077,0.0,43.0,0.0,16.984496124031008,8.0,49.0,0.425,106.65,5.0,44.0,0.16379310344827586,32.37068965517241,
GroupStudy 9,125.0,274.0,2.2857142857142856,37.73109243697479,91.0,359.0,3.8076923076923075,235.32692307692307,16.0,369.0,1.1627906976744187,197.64341085271317,296.0,431.0,16.475,379.325,210.0,454.0,7.0344827586206895,195.93965517241378,
GroupStudy 10,79.0,175.0,1.5630252100840336,42.36134453781513,24.0,187.0,0.9615384615384616,168.90384615384616,13.0,193.0,0.9302325581395349,144.0,66.0,236.0,3.95,280.6,88.0,233.0,2.706896551724138,142.82758620689654,
GroupStudy 11,26.0,82.0,0.5546218487394958,28.58823529411765,16.0,93.0,0.6153846153846154,90.40384615384616,7.0,98.0,0.5348837209302325,82.0077519379845,4.0,85.0,0.225,116.325,18.0,97.0,0.8275862068965517,60.224137931034484,
GroupStudy 12,10.0,52.0,0.20168067226890757,7.495798319327731,3.0,57.0,0.11538461538461539,47.88461538461539,2.0,74.0,0.6046511627906976,47.2093023255814,8.0,74.0,0.4,81.125,11.0,72.0,0.4827586206896552,33.93103448275862,
GroupStudy 13,23.0,101.0,0.4117647058823529,33.73109243697479,19.0,128.0,0.7692307692307693,151.32692307692307,12.0,137.0,1.0,122.7984496124031,24.0,124.0,1.225,163.975,25.0,139.0,1.75,87.84482758620689,
GroupStudy 14,28.0,128.0,0.4957983193277311,40.81512605042017,22.0,165.0,0.9038461538461539,197.6153846153846,15.0,172.0,1.426356589147287,166.48837209302326,37.0,177.0,1.95,192.65,27.0,150.0,0.8448275862068966,95.27586206896552,
GroupStudy 15,36.0,130.0,0.7394957983193278,37.94957983193277,16.0,155.0,0.6346153846153846,166.90384615384616,14.0,172.0,1.0310077519379846,141.2248062015504,25.0,156.0,1.275,174.2,20.0,157.0,1.5517241379310345,89.60344827586206,
GroupStudy 16,170.0,345.0,3.2941176470588234,54.89915966386555,84.0,462.0,3.6923076923076925,298.53846153846155,41.0,497.0,2.0930232558139537,247.92248062015503,100.0,454.0,5.475,396.725,141.0,516.0,7.25,216.49137931034483,
GroupStudy 17,134.0,247.0,2.5714285714285716,45.63865546218487,36.0,258.0,1.4230769230769231,187.51923076923077,10.0,270.0,0.6124031007751938,173.58139534883722,212.0,331.0,11.95,308.825,137.0,326.0,6.560344827586207,160.60344827586206,
GroupStudy 18,133.0,189.0,2.899159663865546,29.689075630252102,38.0,182.0,1.6923076923076923,145.19230769230768,17.0,189.0,0.751937984496124,110.34108527131782,155.0,260.0,9.05,182.625,84.0,223.0,2.836206896551724,84.63793103448276,
GroupStudy 19,67.0,103.0,1.26890756302521,31.142857142857142,5.0,84.0,0.21153846153846154,66.5,14.0,106.0,0.4573643410852713,62.34108527131783,33.0,98.0,1.925,79.625,8.0,95.0,0.9224137931034483,42.241379310344826,
GroupStudy 20,89.0,232.0,1.6470588235294117,44.94957983193277,39.0,254.0,1.6153846153846154,221.67307692307693,28.0,298.0,2.0155038759689923,172.93798449612405,141.0,312.0,7.775,237.075,134.0,308.0,4.603448275862069,116.29310344827586,
GroupStudy 21,48.0,116.0,1.0420168067226891,36.80672268907563,10.0,108.0,0.40384615384615385,145.65384615384616,11.0,124.0,0.9224806201550387,114.59689922480621,65.0,134.0,3.45,162.65,18.0,111.0,0.5603448275862069,68.74137931034483,
GroupStudy 22,55.0,146.0,1.0420168067226891,38.10084033613445,29.0,118.0,1.1730769230769231,148.15384615384616,12.0,127.0,0.9612403100775194,116.82170542635659,123.0,173.0,6.775,170.95,32.0,148.0,1.0603448275862069,78.58620689655173,
GroupStudy 23,109.0,151.0,2.5294117647058822,37.21008403361345,47.0,139.0,1.9615384615384615,99.82692307692308,22.0,148.0,1.054263565891473,90.23255813953489,120.0,185.0,6.975,120.45,31.0,159.0,0.9568965517241379,57.41379310344828,
GroupStudy 24,56.0,121.0,1.0924369747899159,37.84033613445378,22.0,126.0,0.9038461538461539,157.6153846153846,4.0,131.0,0.7131782945736435,131.36434108527132,47.0,153.0,2.8,180.75,21.0,143.0,0.6982758620689655,84.36206896551724,
GroupStudy 25,1.0,15.0,0.01680672268907563,2.865546218487395,0.0,16.0,0.0,6.0,0.0,17.0,0.0,7.108527131782946,1.0,18.0,0.05,9.075,2.0,18.0,0.05172413793103448,6.775862068965517,
GroupStudy 26,9.0,71.0,0.15966386554621848,8.857142857142858,2.0,95.0,0.07692307692307693,52.26923076923077,5.0,110.0,0.4728682170542636,47.63565891472868,6.0,96.0,0.325,78.725,21.0,102.0,0.75,28.913793103448278,
GroupStudy 27,22.0,98.0,0.3865546218487395,31.781512605042018,16.0,117.0,0.6730769230769231,94.4423076923077,8.0,129.0,0.8914728682170543,86.62015503875969,16.0,116.0,0.925,114.45,4.0,115.0,0.10344827586206896,58.38793103448276,
GroupStudy 28,96.0,220.0,2.0168067226890756,45.10084033613445,59.0,278.0,2.5576923076923075,220.23076923076923,51.0,303.0,2.9069767441860463,177.10852713178295,68.0,252.0,3.85,202.65,18.0,231.0,0.8017241379310345,108.05172413793103,
GroupStudy 29,33.0,147.0,0.6050420168067226,40.33613445378151,44.0,178.0,1.8653846153846154,164.78846153846155,22.0,190.0,2.0310077519379846,150.37209302325581,46.0,165.0,2.45,153.775,19.0,146.0,1.3362068965517242,79.50862068965517,
GroupStudy 30,5.0,18.0,0.09243697478991597,4.117647058823529,2.0,19.0,0.15384615384615385,23.596153846153847,1.0,20.0,0.023255813953488372,27.11627906976744,0.0,18.0,0.0,34.725,0.0,16.0,0.0,15.810344827586206,
GroupStudy 31,1.0,28.0,0.01680672268907563,2.9243697478991595,9.0,76.0,0.34615384615384615,13.711538461538462,0.0,77.0,0.0,23.03875968992248,29.0,106.0,1.65,136.775,24.0,108.0,0.7241379310344828,44.456896551724135,
GroupStudy 32,3.0,27.0,0.05042016806722689,2.857142857142857,0.0,59.0,0.0,12.25,0.0,60.0,0.0,17.131782945736433,12.0,65.0,0.675,40.15,8.0,64.0,0.23275862068965517,15.293103448275861,
GroupStudy 33,5.0,42.0,0.08403361344537816,3.226890756302521,9.0,104.0,0.4423076923076923,17.423076923076923,4.0,112.0,0.23255813953488372,20.248062015503876,17.0,109.0,0.925,48.725,27.0,113.0,0.8793103448275862,19.95689655172414,
GroupStudy 34,0.0,7.0,0.0,1.6890756302521008,0.0,11.0,0.0,3.1346153846153846,0.0,11.0,0.0,6.248062015503876,0.0,13.0,0.0,11.025,0.0,14.0,0.0,4.258620689655173,
GroupStudy 35,0.0,23.0,0.0,2.8907563025210083,0.0,62.0,0.0,12.538461538461538,1.0,71.0,0.05426356589147287,23.472868217054263,33.0,101.0,1.9,145.6,12.0,94.0,0.3620689655172414,43.85344827586207,
GroupStudy 36,81.0,180.0,1.4285714285714286,43.890756302521005,43.0,177.0,1.7115384615384615,172.55769230769232,30.0,197.0,2.4728682170542635,158.34108527131784,242.0,241.0,14.225,194.225,19.0,190.0,0.6724137931034483,104.12931034482759,
GroupStudy 37,120.0,217.0,2.546218487394958,45.15126050420168,43.0,191.0,1.7115384615384615,207.69230769230768,16.0,223.0,0.7829457364341085,169.14728682170542,219.0,272.0,12.575,226.325,75.0,254.0,2.5258620689655173,106.02586206896552,
GroupStudy 38,103.0,232.0,2.0672268907563027,48.81512605042017,26.0,220.0,1.0384615384615385,225.3653846153846,16.0,223.0,0.9612403100775194,182.89922480620154,210.0,298.0,11.75,258.525,108.0,262.0,3.6724137931034484,131.5948275862069,
GroupStudy 39,171.0,247.0,3.1596638655462184,49.142857142857146,57.0,245.0,2.2884615384615383,210.23076923076923,22.0,258.0,1.302325581395349,191.93798449612405,260.0,322.0,15.3,328.05,97.0,294.0,3.2672413793103448,162.8706896551724,
GroupStudy 40,112.0,208.0,2.369747899159664,46.80672268907563,21.0,196.0,0.8653846153846154,195.1346153846154,17.0,210.0,0.7674418604651163,176.02325581395348,146.0,270.0,8.25,302.65,81.0,245.0,2.646551724137931,160.07758620689654,
NULL 1,1.0,12.0,0.01680672268907563,1.5714285714285714,0.0,8.0,0.0,2.4423076923076925,1.0,7.0,0.05426356589147287,5.89922480620155,0.0,9.0,0.0,1.975,0.0,12.0,0.0,3.939655172413793,
NULL 2,6.0,15.0,0.12605042016806722,1.773109243697479,0.0,12.0,0.0,3.269230769230769,2.0,15.0,0.046511627906976744,7.945736434108527,0.0,16.0,0.0,2.45,7.0,21.0,0.1896551724137931,5.146551724137931,
NULL 3,1.0,12.0,0.01680672268907563,1.5714285714285714,0.0,8.0,0.0,2.4423076923076925,1.0,7.0,0.05426356589147287,5.89922480620155,0.0,9.0,0.0,1.975,0.0,12.0,0.0,3.939655172413793,
NULL 4,0.0,14.0,0.0,1.0,0.0,17.0,0.0,2.3461538461538463,1.0,27.0,0.05426356589147287,14.10077519379845,0.0,22.0,0.0,62.675,4.0,30.0,0.20689655172413793,21.93103448275862,
NULL 5,1.0,5.0,0.01680672268907563,0.226890756302521,0.0,10.0,0.0,0.7884615384615384,0.0,9.0,0.0,1.7674418604651163,0.0,10.0,0.0,3.475,1.0,11.0,0.034482758620689655,1.646551724137931,
NULL 6,0.0,7.0,0.0,1.4789915966386555,0.0,5.0,0.0,2.173076923076923,0.0,5.0,0.0,5.682170542635659,0.0,6.0,0.0,1.85,0.0,6.0,0.0,2.25,
NULL 7,0.0,11.0,0.0,1.4705882352941178,0.0,8.0,0.0,2.4423076923076925,0.0,10.0,0.0,12.046511627906977,0.0,11.0,0.0,2.425,1.0,13.0,0.034482758620689655,4.629310344827586,
NULL 8,0.0,12.0,0.0,0.7478991596638656,0.0,13.0,0.0,2.0,1.0,14.0,0.05426356589147287,7.7984496124031,0.0,16.0,0.0,8.125,1.0,17.0,0.14655172413793102,4.241379310344827,
NULL 9,10.0,38.0,0.16806722689075632,2.327731092436975,0.0,82.0,0.0,14.23076923076923,3.0,97.0,0.10077519379844961,28.13953488372093,7.0,84.0,0.35,34.4,12.0,99.0,0.46551724137931033,16.53448275862069,
NULL 10,40.0,105.0,0.7478991596638656,19.974789915966387,37.0,111.0,1.5576923076923077,101.9423076923077,1.0,99.0,0.023255813953488372,87.5891472868217,14.0,96.0,0.725,95.4,43.0,118.0,1.396551724137931,66.75862068965517,
NULL 11,196.0,297.0,3.6218487394957983,49.714285714285715,79.0,340.0,3.3653846153846154,231.75,15.0,334.0,0.3953488372093023,184.47286821705427,220.0,384.0,12.65,278.5,231.0,422.0,7.4655172413793105,157.11206896551724,
NULL 12,98.0,201.0,1.8403361344537814,41.19327731092437,35.0,246.0,1.4038461538461537,186.40384615384616,20.0,256.0,1.1317829457364341,148.06976744186048,34.0,227.0,1.925,200.925,56.0,274.0,2.2758620689655173,109.54310344827586,
NULL 13,1.0,39.0,0.01680672268907563,1.73109243697479,0.0,73.0,0.0,9.23076923076923,2.0,94.0,0.13178294573643412,23.434108527131784,0.0,69.0,0.0,115.025,20.0,112.0,1.543103448275862,38.8448275862069,
NULL 14,1.0,16.0,0.01680672268907563,1.5210084033613445,0.0,16.0,0.0,3.326923076923077,1.0,19.0,0.023255813953488372,14.937984496124031,0.0,19.0,0.0,9.6,3.0,24.0,0.3017241379310345,7.163793103448276,
NULL 15,241.0,323.0,4.647058823529412,51.94957983193277,130.0,360.0,5.461538461538462,236.59615384615384,13.0,366.0,0.6124031007751938,207.87596899224806,217.0,430.0,12.25,373.9,217.0,472.0,7.327586206896552,202.14655172413794,
NULL 16,53.0,124.0,1.0756302521008403,32.890756302521005,13.0,134.0,0.5961538461538461,112.07692307692308,4.0,145.0,0.11627906976744186,86.89147286821705,40.0,157.0,2.725,141.275,56.0,185.0,1.896551724137931,88.87931034482759,
NULL 17,8.0,58.0,0.14285714285714285,13.100840336134453,5.0,57.0,0.25,17.903846153846153,1.0,64.0,0.023255813953488372,34.224806201550386,8.0,58.0,0.475,71.625,18.0,71.0,0.5086206896551724,37.76724137931034,
NULL 18,1.0,16.0,0.01680672268907563,1.050420168067227,0.0,32.0,0.0,3.3461538461538463,2.0,45.0,0.07751937984496124,18.294573643410853,0.0,37.0,0.0,82.4,4.0,51.0,0.3275862068965517,28.25862068965517,
NULL 19,147.0,268.0,2.764705882352941,47.621848739495796,65.0,270.0,2.7884615384615383,227.48076923076923,16.0,292.0,0.7131782945736435,179.68992248062017,264.0,354.0,14.875,260.775,169.0,373.0,5.525862068965517,141.94827586206895,
NULL 20,0.0,21.0,0.0,1.504201680672269,1.0,25.0,0.038461538461538464,4.788461538461538,0.0,29.0,0.0,12.356589147286822,3.0,28.0,0.175,73.425,6.0,41.0,0.5948275862068966,28.344827586206897,
NULL 21,56.0,161.0,1.1260504201680672,27.11764705882353,44.0,164.0,1.75,114.82692307692308,7.0,158.0,0.1937984496124031,96.72093023255815,177.0,239.0,10.875,257.425,113.0,250.0,3.913793103448276,124.32758620689656,
NULL 22,106.0,232.0,1.8487394957983194,43.403361344537814,97.0,299.0,3.9423076923076925,220.07692307692307,9.0,301.0,0.5581395348837209,175.86821705426357,60.0,276.0,3.525,309.525,95.0,347.0,5.612068965517241,186.56896551724137,
NULL 23,2.0,36.0,0.04201680672268908,9.470588235294118,0.0,36.0,0.0,13.615384615384615,1.0,38.0,0.023255813953488372,22.775193798449614,9.0,38.0,0.6,27.975,6.0,44.0,0.16379310344827586,17.724137931034484,
NULL 24,128.0,224.0,2.4201680672268906,45.84033613445378,33.0,209.0,1.3461538461538463,205.03846153846155,28.0,231.0,0.9224806201550387,165.1782945736434,134.0,275.0,8.8,314.45,122.0,307.0,5.362068965517241,189.36206896551724,
NULL 25,1.0,39.0,0.025210084033613446,4.07563025210084,6.0,49.0,0.2692307692307692,27.807692307692307,1.0,43.0,0.05426356589147287,30.72093023255814,5.0,46.0,0.4,62.975,10.0,49.0,0.3017241379310345,26.663793103448278,
NULL 26,108.0,186.0,1.8991596638655461,39.680672268907564,66.0,271.0,2.8653846153846154,192.42307692307693,26.0,277.0,1.2015503875968991,152.015503875969,35.0,228.0,1.9,223.25,53.0,285.0,3.3706896551724137,129.16379310344828,
NULL 27,1.0,28.0,0.01680672268907563,7.8655462184873945,1.0,28.0,0.038461538461538464,7.519230769230769,1.0,27.0,0.05426356589147287,18.449612403100776,2.0,27.0,0.1,38.3,3.0,29.0,0.09482758620689655,18.129310344827587,
NULL 28,117.0,203.0,2.134453781512605,43.47899159663866,34.0,226.0,1.3653846153846154,185.3653846153846,15.0,222.0,0.46511627906976744,160.26356589147287,123.0,297.0,7.525,314.75,153.0,328.0,5.422413793103448,183.08620689655172,
NULL 29,0.0,18.0,0.0,1.949579831932773,9.0,46.0,0.34615384615384615,8.807692307692308,0.0,48.0,0.0,16.899224806201552,11.0,63.0,0.575,119.875,13.0,70.0,0.3620689655172414,37.310344827586206,
NULL 30,0.0,22.0,0.0,2.176470588235294,1.0,25.0,0.038461538461538464,6.673076923076923,0.0,22.0,0.0,10.271317829457365,1.0,25.0,0.1,22.7,2.0,33.0,0.05172413793103448,11.448275862068966,
NULL 31,0.0,31.0,0.0,5.739495798319328,4.0,44.0,0.15384615384615385,16.25,0.0,47.0,0.0,20.837209302325583,6.0,62.0,0.475,131.45,36.0,69.0,1.2586206896551724,52.94827586206897,
NULL 32,0.0,1.0,0.0,0.04201680672268908,0.0,2.0,0.0,0.21153846153846154,0.0,5.0,0.0,8.162790697674419,0.0,5.0,0.0,1.475,0.0,7.0,0.0,2.1206896551724137,
NULL 33,171.0,256.0,3.134453781512605,47.15966386554622,71.0,268.0,2.8846153846153846,187.94230769230768,17.0,267.0,0.7674418604651163,145.9922480620155,194.0,360.0,11.425,302.775,228.0,395.0,7.620689655172414,166.91379310344828,
NULL 34,63.0,142.0,1.218487394957983,36.84033613445378,9.0,144.0,0.36538461538461536,133.21153846153845,5.0,155.0,0.12403100775193798,100.34883720930233,36.0,162.0,2.3,159.1,64.0,195.0,2.163793103448276,99.23275862068965,
NULL 35,10.0,36.0,0.16806722689075632,2.630252100840336,3.0,83.0,0.23076923076923078,14.48076923076923,1.0,78.0,0.05426356589147287,19.94573643410853,24.0,91.0,1.4,136.075,32.0,114.0,1.3189655172413792,49.043103448275865,
NULL 36,162.0,235.0,3.0252100840336134,43.260504201680675,35.0,227.0,1.4038461538461537,195.1153846153846,20.0,259.0,0.5736434108527132,152.58139534883722,165.0,273.0,10.25,201.825,116.0,315.0,3.8017241379310347,123.33620689655173,
NULL 37,98.0,215.0,1.815126050420168,46.21848739495798,42.0,175.0,1.6923076923076923,138.1346153846154,17.0,170.0,0.4573643410852713,133.34108527131784,168.0,241.0,9.675,240.325,122.0,237.0,4.129310344827586,134.33620689655172,
NULL 38,37.0,61.0,0.7142857142857143,18.865546218487395,1.0,49.0,0.038461538461538464,22.423076923076923,0.0,44.0,0.0,29.93798449612403,22.0,64.0,1.15,31.375,10.0,58.0,0.45689655172413796,16.663793103448278,
NULL 39,12.0,54.0,0.24369747899159663,10.067226890756302,3.0,62.0,0.11538461538461539,28.884615384615383,0.0,67.0,0.0,41.82170542635659,13.0,82.0,0.775,146.2,51.0,93.0,1.6810344827586208,59.80172413793103,
NULL 40,116.0,166.0,2.4201680672268906,37.96638655462185,81.0,171.0,3.423076923076923,146.09615384615384,12.0,179.0,0.4186046511627907,133.84496124031008,46.0,187.0,2.425,218.2,54.0,188.0,2.1551724137931036,133.0948275862069,
NULL 41,105.0,223.0,1.9075630252100841,48.15966386554622,49.0,236.0,2.0,218.42307692307693,17.0,239.0,0.7596899224806202,187.64341085271317,188.0,325.0,11.475,357.725,125.0,336.0,4.301724137931035,191.6551724137931,
NULL 42,35.0,130.0,0.6386554621848739,34.88235294117647,17.0,124.0,0.7115384615384616,119.48076923076923,5.0,138.0,0.14728682170542637,120.85271317829458,36.0,139.0,1.9,186.125,72.0,171.0,2.7844827586206895,139.68965517241378,
NULL 43,0.0,2.0,0.0,1.5798319327731092,0.0,1.0,0.0,0.6923076923076923,0.0,1.0,0.0,1.0465116279069768,0.0,1.0,0.0,1.25,0.0,2.0,0.0,1.5344827586206897,
NULL 44,15.0,46.0,0.2773109243697479,24.176470588235293,5.0,44.0,0.19230769230769232,24.28846153846154,1.0,45.0,0.023255813953488372,32.65891472868217,1.0,42.0,0.05,31.6,15.0,54.0,0.5,25.155172413793103,
NULL 45,16.0,67.0,0.2689075630252101,4.319327731092437,26.0,163.0,1.4615384615384615,21.53846153846154,19.0,164.0,0.8604651162790697,30.05426356589147,37.0,161.0,2.1,143.175,67.0,190.0,2.4482758620689653,52.35344827586207,
NULL 46,39.0,54.0,0.7058823529411765,23.50420168067227,6.0,45.0,0.23076923076923078,41.30769230769231,2.0,43.0,0.05426356589147287,36.82945736434109,2.0,45.0,0.1,50.775,15.0,57.0,0.5517241379310345,35.827586206896555,
NULL 47,0.0,25.0,0.0,2.8739495798319328,10.0,80.0,0.4230769230769231,14.307692307692308,7.0,82.0,0.3798449612403101,23.875968992248062,29.0,107.0,1.65,148.325,23.0,105.0,0.6724137931034483,46.456896551724135,
NULL 48,9.0,51.0,0.19327731092436976,19.436974789915965,5.0,49.0,0.21153846153846154,46.73076923076923,3.0,56.0,0.08527131782945736,35.17054263565891,3.0,47.0,0.15,49.45,13.0,68.0,0.8189655172413793,39.672413793103445,
NULL 49,9.0,24.0,0.2184873949579832,2.7394957983193278,6.0,41.0,0.40384615384615385,6.230769230769231,4.0,42.0,0.13178294573643412,10.89922480620155,0.0,33.0,0.0,13.2,6.0,37.0,0.1810344827586207,6.663793103448276,
NULL 50,73.0,187.0,1.2857142857142858,41.747899159663866,56.0,241.0,2.2115384615384617,187.69230769230768,18.0,238.0,0.7674418604651163,145.48062015503876,45.0,210.0,2.5,205.825,61.0,261.0,2.939655172413793,122.22413793103448,
NULL 51,9.0,27.0,0.15126050420168066,2.411764705882353,0.0,40.0,0.0,6.769230769230769,0.0,47.0,0.0,12.015503875968992,2.0,46.0,0.1,21.05,11.0,54.0,0.3620689655172414,10.241379310344827,
NULL 52,40.0,100.0,0.7142857142857143,12.865546218487395,14.0,114.0,0.7115384615384616,50.88461538461539,13.0,128.0,0.5658914728682171,61.51162790697674,14.0,96.0,0.75,32.85,9.0,126.0,0.3275862068965517,45.491379310344826,
NULL 53,63.0,101.0,1.1596638655462186,16.084033613445378,1.0,58.0,0.038461538461538464,20.75,5.0,64.0,0.13953488372093023,25.06201550387597,13.0,90.0,0.7,30.75,42.0,105.0,1.5517241379310345,27.905172413793103,
NULL 54,40.0,105.0,0.680672268907563,33.23529411764706,17.0,120.0,0.6923076923076923,112.40384615384616,5.0,128.0,0.20930232558139536,94.9922480620155,29.0,118.0,1.7,162.925,22.0,140.0,1.6206896551724137,96.20689655172414,
NULL 55,65.0,178.0,1.2100840336134453,39.05042016806723,39.0,187.0,1.5384615384615385,159.94230769230768,14.0,177.0,0.6356589147286822,118.6124031007752,118.0,262.0,7.4,259.65,136.0,279.0,4.637931034482759,139.54310344827587,
NULL 56,88.0,181.0,1.9579831932773109,26.470588235294116,8.0,198.0,0.38461538461538464,123.1923076923077,12.0,205.0,0.3643410852713178,120.34108527131782,79.0,229.0,4.475,268.325,75.0,245.0,3.6810344827586206,159.70689655172413,
NULL 57,9.0,37.0,0.15126050420168066,3.2436974789915967,5.0,78.0,0.2692307692307692,14.057692307692308,1.0,72.0,0.05426356589147287,19.496124031007753,5.0,69.0,0.3,41.725,21.0,83.0,0.6379310344827587,18.336206896551722,
NULL 58,54.0,68.0,0.9915966386554622,5.907563025210084,0.0,47.0,0.0,13.538461538461538,6.0,52.0,0.20155038759689922,12.75968992248062,7.0,58.0,0.5,23.775,24.0,73.0,0.7931034482758621,18.448275862068964,
NULL 59,93.0,181.0,1.9243697478991597,35.04201680672269,31.0,210.0,1.2307692307692308,142.19230769230768,4.0,202.0,0.10077519379844961,121.70542635658914,126.0,264.0,7.45,235.15,122.0,267.0,4.146551724137931,122.24137931034483,
NULL 60,48.0,104.0,0.8907563025210085,35.470588235294116,16.0,102.0,0.6730769230769231,113.61538461538461,11.0,114.0,0.9457364341085271,97.72868217054264,37.0,112.0,1.85,146.325,58.0,123.0,2.1551724137931036,78.87068965517241,
NULL 61,43.0,129.0,0.8403361344537815,18.781512605042018,23.0,119.0,0.9038461538461539,77.6923076923077,5.0,112.0,0.13953488372093023,72.27131782945736,71.0,178.0,4.55,166.475,111.0,185.0,4.017241379310345,84.79310344827586,
NULL 62,140.0,229.0,2.5714285714285716,44.411764705882355,32.0,230.0,1.25,197.44230769230768,18.0,245.0,0.6589147286821705,164.28682170542635,134.0,300.0,7.9,326.125,170.0,352.0,6.008620689655173,188.1293103448276,
NULL 63,9.0,35.0,0.15126050420168066,2.2605042016806722,4.0,67.0,0.2692307692307692,10.75,2.0,55.0,0.046511627906976744,11.534883720930232,3.0,52.0,0.2,24.075,28.0,76.0,0.8879310344827587,14.887931034482758,
NULL 64,0.0,8.0,0.0,1.3361344537815125,0.0,5.0,0.0,2.076923076923077,0.0,5.0,0.0,5.286821705426356,0.0,6.0,0.0,1.55,0.0,8.0,0.0,3.189655172413793,
NULL 65,65.0,133.0,1.3109243697478992,30.03361344537815,6.0,156.0,0.34615384615384615,94.25,5.0,169.0,0.23255813953488372,102.1937984496124,48.0,159.0,2.7,167.6,73.0,188.0,2.6724137931034484,94.78448275862068,
NULL 66,7.0,18.0,0.14285714285714285,3.1596638655462184,0.0,12.0,0.0,5.653846153846154,0.0,10.0,0.0,6.403100775193798,0.0,15.0,0.0,8.4,1.0,15.0,0.11206896551724138,7.413793103448276,
NULL 67,66.0,158.0,1.1932773109243697,36.60504201680672,37.0,209.0,1.5769230769230769,173.0,15.0,215.0,0.5116279069767442,144.48062015503876,11.0,192.0,0.575,291.525,72.0,254.0,3.1551724137931036,178.61206896551724,
NULL 68,164.0,168.0,3.4453781512605044,22.361344537815125,22.0,146.0,0.9038461538461539,43.90384615384615,13.0,161.0,0.6434108527131783,59.15503875968992,60.0,165.0,3.275,67.85,60.0,174.0,2.0775862068965516,39.46551724137931,
NULL 69,34.0,68.0,0.6218487394957983,28.537815126050422,7.0,64.0,0.2692307692307692,38.76923076923077,1.0,76.0,0.046511627906976744,55.4031007751938,3.0,74.0,0.2,107.35,19.0,85.0,0.6551724137931034,58.525862068965516,
NULL 70,137.0,220.0,2.5210084033613445,40.27731092436975,50.0,222.0,1.9615384615384615,124.40384615384616,17.0,218.0,0.5348837209302325,101.82945736434108,124.0,275.0,7.55,267.9,185.0,339.0,7.146551724137931,152.75,
NULL 71,75.0,152.0,1.361344537815126,38.42857142857143,47.0,181.0,1.8653846153846154,168.21153846153845,7.0,190.0,0.1937984496124031,141.71317829457365,17.0,181.0,0.925,271.875,71.0,220.0,4.0344827586206895,174.81034482758622,
NULL 72,60.0,106.0,1.0756302521008403,12.512605042016807,39.0,117.0,1.7692307692307692,50.94230769230769,8.0,116.0,0.43410852713178294,54.76744186046512,26.0,97.0,1.45,37.9,14.0,111.0,0.41379310344827586,32.63793103448276,
NULL 73,8.0,36.0,0.13445378151260504,3.2184873949579833,11.0,84.0,0.5,14.942307692307692,3.0,70.0,0.10077519379844961,21.426356589147286,28.0,86.0,1.6,90.775,21.0,102.0,0.5948275862068966,33.3448275862069,
NULL 74,37.0,95.0,0.7226890756302521,28.57983193277311,9.0,87.0,0.38461538461538464,49.82692307692308,10.0,101.0,0.6666666666666666,49.674418604651166,26.0,91.0,1.475,69.975,28.0,105.0,1.1120689655172413,36.93103448275862,
NULL 75,0.0,24.0,0.0,1.8991596638655461,5.0,39.0,0.23076923076923078,9.326923076923077,1.0,43.0,0.05426356589147287,16.248062015503876,12.0,54.0,0.75,124.525,11.0,58.0,0.4051724137931034,40.94827586206897,
NULL 76,60.0,90.0,1.0924369747899159,6.310924369747899,28.0,88.0,1.25,15.346153846153847,4.0,75.0,0.12403100775193798,14.310077519379846,32.0,90.0,1.875,25.8,48.0,113.0,1.6551724137931034,23.103448275862068,
NULL 77,22.0,82.0,0.40336134453781514,29.436974789915965,7.0,96.0,0.2692307692307692,85.5576923076923,7.0,110.0,0.2713178294573643,92.20930232558139,3.0,104.0,0.175,174.9,27.0,115.0,1.543103448275862,107.70689655172414,
NULL 78,0.0,19.0,0.0,2.596638655462185,3.0,48.0,0.11538461538461539,10.711538461538462,0.0,49.0,0.0,17.53488372093023,26.0,75.0,1.55,139.2,18.0,79.0,0.5344827586206896,43.98275862068966,
NULL 79,45.0,160.0,0.7899159663865546,35.49579831932773,17.0,223.0,0.7115384615384616,160.5,10.0,235.0,0.37209302325581395,138.15503875968992,15.0,200.0,0.8,273.125,34.0,265.0,2.8620689655172415,178.0948275862069,
NULL 80,289.0,384.0,5.428571428571429,55.36134453781513,167.0,440.0,7.173076923076923,280.46153846153845,43.0,458.0,1.813953488372093,223.87596899224806,259.0,508.0,14.625,401.05,269.0,555.0,9.586206896551724,214.27586206896552,
NULL 81,3.0,28.0,0.07563025210084033,2.6218487394957983,1.0,25.0,0.038461538461538464,5.8076923076923075,0.0,27.0,0.0,11.720930232558139,1.0,27.0,0.05,53.7,9.0,36.0,0.25862068965517243,22.560344827586206,
NULL 82,5.0,36.0,0.08403361344537816,24.03361344537815,5.0,39.0,0.19230769230769232,41.80769230769231,0.0,41.0,0.0,52.25581395348837,0.0,39.0,0.0,101.8,10.0,48.0,0.3793103448275862,66.20689655172414,
NULL 83,12.0,31.0,0.25210084033613445,3.2100840336134455,2.0,35.0,0.07692307692307693,11.384615384615385,1.0,33.0,0.05426356589147287,8.736434108527131,2.0,32.0,0.1,19.825,10.0,39.0,0.31896551724137934,16.482758620689655,
NULL 84,48.0,147.0,0.8319327731092437,42.378151260504204,34.0,178.0,1.3461538461538463,206.51923076923077,7.0,174.0,0.1937984496124031,182.8372093023256,23.0,188.0,1.225,300.625,50.0,206.0,1.5603448275862069,166.72413793103448,
NULL 85,60.0,164.0,1.0672268907563025,41.79831932773109,57.0,193.0,2.2884615384615383,208.32692307692307,3.0,202.0,0.3488372093023256,181.50387596899225,14.0,178.0,0.8,266.875,58.0,225.0,4.310344827586207,158.89655172413794,
NULL 86,20.0,48.0,0.36134453781512604,28.95798319327731,14.0,61.0,0.5769230769230769,82.0576923076923,1.0,61.0,0.023255813953488372,84.94573643410853,15.0,62.0,0.75,88.925,10.0,62.0,0.3103448275862069,61.206896551724135,
NULL 87,49.0,147.0,0.8823529411764706,42.19327731092437,55.0,163.0,2.2115384615384617,191.44230769230768,3.0,168.0,0.10077519379844961,181.02325581395348,16.0,146.0,0.925,235.4,32.0,188.0,3.103448275862069,153.8793103448276,
NULL 88,0.0,8.0,0.0,1.3361344537815125,0.0,5.0,0.0,2.076923076923077,0.0,5.0,0.0,5.286821705426356,0.0,6.0,0.0,1.55,0.0,8.0,0.0,3.189655172413793,
NULL 89,0.0,6.0,0.0,1.2773109243697478,0.0,5.0,0.0,2.769230769230769,0.0,5.0,0.0,6.364341085271318,0.0,5.0,0.0,9.025,0.0,7.0,0.0,5.870689655172414,
NULL 90,12.0,68.0,0.21008403361344538,27.647058823529413,9.0,77.0,0.34615384615384615,72.76923076923077,3.0,76.0,0.6511627906976745,69.45736434108527,10.0,64.0,0.5,136.6,20.0,79.0,1.0603448275862069,64.8103448275862,
NULL 91,52.0,128.0,0.9747899159663865,38.04201680672269,53.0,155.0,2.1153846153846154,138.09615384615384,5.0,154.0,0.11627906976744186,151.48062015503876,13.0,137.0,0.725,205.975,39.0,166.0,1.5603448275862069,141.1293103448276,
NULL 92,0.0,4.0,0.0,0.20168067226890757,0.0,3.0,0.0,0.25,0.0,5.0,0.0,0.6124031007751938,0.0,5.0,0.0,0.65,1.0,5.0,0.034482758620689655,0.603448275862069,
NULL 93,0.0,1.0,0.0,0.5714285714285714,0.0,1.0,0.0,1.1923076923076923,0.0,1.0,0.0,2.3333333333333335,0.0,1.0,0.0,0.675,0.0,1.0,0.0,0.8620689655172413,
NULL 94,0.0,23.0,0.0,2.7142857142857144,3.0,60.0,0.11538461538461539,10.692307692307692,1.0,61.0,0.05426356589147287,19.441860465116278,32.0,93.0,1.85,132.1,21.0,96.0,0.6206896551724138,43.310344827586206,
NULL 95,9.0,35.0,0.15126050420168066,2.2605042016806722,2.0,66.0,0.07692307692307693,11.961538461538462,2.0,57.0,0.046511627906976744,12.426356589147288,6.0,59.0,0.375,26.375,28.0,79.0,0.8879310344827587,15.474137931034482,
NULL 96,0.0,14.0,0.0,0.5042016806722689,0.0,15.0,0.0,1.1730769230769231,3.0,26.0,0.12403100775193798,8.844961240310077,0.0,8.0,0.0,2.55,1.0,22.0,0.14655172413793102,4.129310344827586,
NULL 97,0.0,20.0,0.0,0.7983193277310925,0.0,25.0,0.0,3.0576923076923075,0.0,53.0,0.0,15.713178294573643,0.0,29.0,0.0,80.8,22.0,52.0,3.2155172413793105,29.387931034482758,
NULL 98,45.0,107.0,0.8739495798319328,33.42016806722689,12.0,92.0,0.4807692307692308,102.6923076923077,9.0,97.0,0.2558139534883721,114.8062015503876,36.0,117.0,1.925,192.7,60.0,126.0,2.439655172413793,125.37068965517241,
NULL 99,15.0,78.0,0.29411764705882354,25.016806722689076,2.0,94.0,0.07692307692307693,66.82692307692308,3.0,121.0,0.13178294573643412,71.07751937984496,1.0,98.0,0.05,148.2,35.0,127.0,3.5775862068965516,94.10344827586206,
NULL 100,1.0,21.0,0.01680672268907563,1.3865546218487395,0.0,37.0,0.0,7.076923076923077,0.0,46.0,0.0,13.968992248062015,0.0,26.0,0.0,15.35,9.0,49.0,1.146551724137931,9.551724137931034,
NULL 101,9.0,21.0,0.15126050420168066,1.7058823529411764,0.0,24.0,0.0,3.6923076923076925,3.0,22.0,0.10077519379844961,7.3023255813953485,1.0,21.0,0.05,7.975,12.0,29.0,0.3275862068965517,6.362068965517241,
NULL 102,76.0,160.0,1.4789915966386555,35.38655462184874,9.0,141.0,0.46153846153846156,68.11538461538461,4.0,148.0,0.10077519379844961,72.62015503875969,69.0,172.0,4.45,163.875,75.0,202.0,2.6206896551724137,112.88793103448276,
NULL 103,36.0,80.0,0.6386554621848739,30.77310924369748,10.0,99.0,0.40384615384615385,107.84615384615384,4.0,90.0,0.10077519379844961,83.84496124031008,9.0,99.0,0.45,136.575,22.0,111.0,0.6896551724137931,81.42241379310344,
NULL 104,0.0,7.0,0.0,1.4789915966386555,0.0,5.0,0.0,2.173076923076923,0.0,5.0,0.0,5.682170542635659,0.0,6.0,0.0,1.85,0.0,6.0,0.0,2.25,
NULL 105,16.0,45.0,0.29411764705882354,22.18487394957983,6.0,41.0,0.23076923076923078,20.576923076923077,2.0,46.0,0.4108527131782946,32.054263565891475,4.0,38.0,0.2,26.1,14.0,49.0,0.8189655172413793,27.06896551724138,
NULL 106,172.0,219.0,3.1176470588235294,43.89915966386555,79.0,225.0,3.326923076923077,175.48076923076923,21.0,231.0,0.6046511627906976,130.2015503875969,127.0,231.0,7.4,202.8,69.0,275.0,2.853448275862069,132.2844827586207,
NULL 107,73.0,151.0,1.2857142857142858,36.36134453781513,63.0,174.0,2.673076923076923,144.40384615384616,1.0,153.0,0.031007751937984496,110.44186046511628,24.0,140.0,1.225,158.625,65.0,182.0,2.1206896551724137,97.81896551724138,
NULL 108,1.0,11.0,0.03361344537815126,1.2100840336134453,0.0,12.0,0.0,2.730769230769231,0.0,13.0,0.0,4.713178294573644,1.0,13.0,0.1,10.875,3.0,14.0,0.08620689655172414,6.198275862068965,
NULL 109,10.0,66.0,0.16806722689075632,30.067226890756302,9.0,88.0,0.34615384615384615,80.76923076923077,1.0,84.0,0.023255813953488372,69.27906976744185,1.0,83.0,0.05,116.85,17.0,92.0,0.6551724137931034,84.25862068965517,
NULL 110,0.0,4.0,0.0,0.17647058823529413,0.0,2.0,0.0,0.23076923076923078,0.0,4.0,0.0,6.906976744186046,0.0,1.0,0.0,0.075,2.0,5.0,0.29310344827586204,1.5689655172413792,
NULL 111,8.0,38.0,0.13445378151260504,3.277310924369748,9.0,93.0,0.34615384615384615,16.153846153846153,0.0,93.0,0.0,26.7984496124031,32.0,117.0,1.8,151.0,35.0,139.0,1.353448275862069,53.060344827586206,
NULL 112,179.0,209.0,3.2521008403361344,40.252100840336134,77.0,181.0,3.1153846153846154,122.32692307692308,19.0,185.0,0.5426356589147286,106.56589147286822,162.0,209.0,9.675,137.025,69.0,256.0,2.6724137931034484,101.09482758620689,
NULL 113,105.0,168.0,2.042016806722689,41.48739495798319,36.0,143.0,1.4615384615384615,173.90384615384616,13.0,144.0,0.34108527131782945,148.75968992248062,183.0,208.0,10.525,252.1,66.0,206.0,2.25,142.82758620689654,
NULL 114,74.0,210.0,1.4369747899159664,43.53781512605042,37.0,243.0,1.6538461538461537,213.80769230769232,8.0,255.0,0.2558139534883721,161.2248062015504,74.0,266.0,4.15,240.925,95.0,301.0,3.9827586206896552,132.79310344827587,
NULL 115,92.0,130.0,1.6302521008403361,34.142857142857146,12.0,115.0,0.5384615384615384,109.23076923076923,8.0,120.0,0.3023255813953488,104.54263565891473,49.0,150.0,2.95,235.05,58.0,160.0,2.0517241379310347,131.83620689655172,
NULL 116,196.0,314.0,3.6470588235294117,50.88235294117647,154.0,306.0,6.365384615384615,230.3846153846154,19.0,321.0,0.5658914728682171,198.86046511627907,172.0,331.0,10.0,341.925,127.0,388.0,4.698275862068965,201.60344827586206,
